Date,Product,Category,Quantity,Unit_Price,Discount_Percent,Region,Revenue,Year,Month,Day,DayOfWeek,IsWeekend
2024-01-01,Laptop,Electronics,4,850,0,Sylhet,3400.0,2024,1,1,0,0
2024-01-01,Smartphone,Electronics,3,500,5,Rajshahi,1425.0,2024,1,1,0,0
2024-01-01,Headphones,Electronics,4,80,10,Dhaka,288.0,2024,1,1,0,0
2024-01-01,T-Shirt,Fashion,13,25,0,Rajshahi,325.0,2024,1,1,0,0
2024-01-01,Sneakers,Fashion,8,60,15,Chattogram,408.0,2024,1,1,0,0
2024-01-01,Backpack,Fashion,8,40,10,Dhaka,288.0,2024,1,1,0,0
2024-01-01,Coffee Maker,Home & Kitchen,9,90,0,Rajshahi,810.0,2024,1,1,0,0
2024-01-01,Blender,Home & Kitchen,7,55,0,Khulna,385.0,2024,1,1,0,0
2024-01-01,Desk Lamp,Home & Kitchen,7,30,0,Sylhet,210.0,2024,1,1,0,0
2024-01-01,Skincare Set,Beauty,14,45,0,Sylhet,630.0,2024,1,1,0,0
2024-01-02,Laptop,Electronics,6,850,0,Chattogram,5100.0,2024,1,2,1,0
2024-01-02,Smartphone,Electronics,5,500,0,Khulna,2500.0,2024,1,2,1,0
2024-01-02,Headphones,Electronics,10,80,5,Sylhet,760.0,2024,1,2,1,0
2024-01-02,T-Shirt,Fashion,7,25,0,Dhaka,175.0,2024,1,2,1,0
2024-01-02,Sneakers,Fashion,1,60,0,Khulna,60.0,2024,1,2,1,0
2024-01-02,Backpack,Fashion,4,40,10,Rajshahi,144.0,2024,1,2,1,0
2024-01-02,Coffee Maker,Home & Kitchen,4,90,0,Chattogram,360.0,2024,1,2,1,0
2024-01-02,Blender,Home & Kitchen,4,55,15,Dhaka,187.0,2024,1,2,1,0
2024-01-02,Desk Lamp,Home & Kitchen,9,30,15,Dhaka,229.5,2024,1,2,1,0
2024-01-02,Skincare Set,Beauty,11,45,5,Dhaka,470.25,2024,1,2,1,0
2024-01-03,Laptop,Electronics,4,850,0,Chattogram,3400.0,2024,1,3,2,0
2024-01-03,Smartphone,Electronics,5,500,5,Dhaka,2375.0,2024,1,3,2,0
2024-01-03,Headphones,Electronics,13,80,5,Dhaka,988.0,2024,1,3,2,0
2024-01-03,T-Shirt,Fashion,14,25,0,Rajshahi,350.0,2024,1,3,2,0
2024-01-03,Sneakers,Fashion,2,60,10,Sylhet,108.0,2024,1,3,2,0
2024-01-03,Backpack,Fashion,6,40,15,Khulna,204.0,2024,1,3,2,0
2024-01-03,Coffee Maker,Home & Kitchen,7,90,0,Khulna,630.0,2024,1,3,2,0
2024-01-03,Blender,Home & Kitchen,10,55,5,Rajshahi,522.5,2024,1,3,2,0
2024-01-03,Desk Lamp,Home & Kitchen,9,30,10,Khulna,243.0,2024,1,3,2,0
2024-01-03,Skincare Set,Beauty,12,45,0,Chattogram,540.0,2024,1,3,2,0
2024-01-04,Laptop,Electronics,3,850,0,Khulna,2550.0,2024,1,4,3,0
2024-01-04,Smartphone,Electronics,3,500,0,Dhaka,1500.0,2024,1,4,3,0
2024-01-04,Headphones,Electronics,5,80,5,Chattogram,380.0,2024,1,4,3,0
2024-01-04,T-Shirt,Fashion,13,25,0,Dhaka,325.0,2024,1,4,3,0
2024-01-04,Sneakers,Fashion,7,60,0,Khulna,420.0,2024,1,4,3,0
2024-01-04,Backpack,Fashion,9,40,0,Sylhet,360.0,2024,1,4,3,0
2024-01-04,Coffee Maker,Home & Kitchen,3,90,10,Khulna,243.0,2024,1,4,3,0
2024-01-04,Blender,Home & Kitchen,6,55,0,Dhaka,330.0,2024,1,4,3,0
2024-01-04,Desk Lamp,Home & Kitchen,12,30,5,Khulna,342.0,2024,1,4,3,0
2024-01-04,Skincare Set,Beauty,5,45,0,Dhaka,225.0,2024,1,4,3,0
2024-01-05,Laptop,Electronics,2,850,0,Chattogram,1700.0,2024,1,5,4,0
2024-01-05,Smartphone,Electronics,5,500,5,Chattogram,2375.0,2024,1,5,4,0
2024-01-05,Headphones,Electronics,13,80,0,Khulna,1040.0,2024,1,5,4,0
2024-01-05,T-Shirt,Fashion,19,25,5,Dhaka,451.25,2024,1,5,4,0
2024-01-05,Sneakers,Fashion,4,60,5,Chattogram,228.0,2024,1,5,4,0
2024-01-05,Backpack,Fashion,5,40,5,Rajshahi,190.0,2024,1,5,4,0
2024-01-05,Coffee Maker,Home & Kitchen,3,90,5,Khulna,256.5,2024,1,5,4,0
2024-01-05,Blender,Home & Kitchen,13,55,0,Dhaka,715.0,2024,1,5,4,0
2024-01-05,Desk Lamp,Home & Kitchen,10,30,5,Khulna,285.0,2024,1,5,4,0
2024-01-05,Skincare Set,Beauty,5,45,10,Rajshahi,202.5,2024,1,5,4,0
2024-01-06,Laptop,Electronics,3,850,5,Sylhet,2422.5,2024,1,6,5,1
2024-01-06,Smartphone,Electronics,7,500,0,Khulna,3500.0,2024,1,6,5,1
2024-01-06,Headphones,Electronics,6,80,0,Chattogram,480.0,2024,1,6,5,1
2024-01-06,T-Shirt,Fashion,13,25,10,Dhaka,292.5,2024,1,6,5,1
2024-01-06,Sneakers,Fashion,10,60,10,Sylhet,540.0,2024,1,6,5,1
2024-01-06,Backpack,Fashion,6,40,10,Chattogram,216.0,2024,1,6,5,1
2024-01-06,Coffee Maker,Home & Kitchen,7,90,5,Dhaka,598.5,2024,1,6,5,1
2024-01-06,Blender,Home & Kitchen,5,55,0,Sylhet,275.0,2024,1,6,5,1
2024-01-06,Desk Lamp,Home & Kitchen,9,30,10,Dhaka,243.0,2024,1,6,5,1
2024-01-06,Skincare Set,Beauty,11,45,5,Dhaka,470.25,2024,1,6,5,1
2024-01-07,Laptop,Electronics,2,850,5,Rajshahi,1615.0,2024,1,7,6,1
2024-01-07,Smartphone,Electronics,2,500,15,Khulna,850.0,2024,1,7,6,1
2024-01-07,Headphones,Electronics,7,80,0,Chattogram,560.0,2024,1,7,6,1
2024-01-07,T-Shirt,Fashion,11,25,0,Rajshahi,275.0,2024,1,7,6,1
2024-01-07,Sneakers,Fashion,14,60,15,Dhaka,714.0,2024,1,7,6,1
2024-01-07,Backpack,Fashion,8,40,10,Dhaka,288.0,2024,1,7,6,1
2024-01-07,Coffee Maker,Home & Kitchen,8,90,0,Khulna,720.0,2024,1,7,6,1
2024-01-07,Blender,Home & Kitchen,7,55,5,Chattogram,365.75,2024,1,7,6,1
2024-01-07,Desk Lamp,Home & Kitchen,11,30,5,Chattogram,313.5,2024,1,7,6,1
2024-01-07,Skincare Set,Beauty,11,45,10,Sylhet,445.5,2024,1,7,6,1
2024-01-08,Laptop,Electronics,1,850,0,Khulna,850.0,2024,1,8,0,0
2024-01-08,Smartphone,Electronics,3,500,5,Chattogram,1425.0,2024,1,8,0,0
2024-01-08,Headphones,Electronics,13,80,5,Khulna,988.0,2024,1,8,0,0
2024-01-08,T-Shirt,Fashion,12,25,15,Sylhet,255.0,2024,1,8,0,0
2024-01-08,Sneakers,Fashion,8,60,5,Sylhet,456.0,2024,1,8,0,0
2024-01-08,Backpack,Fashion,7,40,5,Khulna,266.0,2024,1,8,0,0
2024-01-08,Coffee Maker,Home & Kitchen,4,90,5,Dhaka,342.0,2024,1,8,0,0
2024-01-08,Blender,Home & Kitchen,4,55,5,Rajshahi,209.0,2024,1,8,0,0
2024-01-08,Desk Lamp,Home & Kitchen,13,30,10,Chattogram,351.0,2024,1,8,0,0
2024-01-08,Skincare Set,Beauty,8,45,10,Chattogram,324.0,2024,1,8,0,0
2024-01-09,Laptop,Electronics,2,850,0,Khulna,1700.0,2024,1,9,1,0
2024-01-09,Smartphone,Electronics,4,500,0,Khulna,2000.0,2024,1,9,1,0
2024-01-09,Headphones,Electronics,9,80,5,Rajshahi,684.0,2024,1,9,1,0
2024-01-09,T-Shirt,Fashion,13,25,5,Khulna,308.75,2024,1,9,1,0
2024-01-09,Sneakers,Fashion,3,60,0,Rajshahi,180.0,2024,1,9,1,0
2024-01-09,Backpack,Fashion,4,40,10,Khulna,144.0,2024,1,9,1,0
2024-01-09,Coffee Maker,Home & Kitchen,6,90,15,Sylhet,459.0,2024,1,9,1,0
2024-01-09,Blender,Home & Kitchen,12,55,10,Sylhet,594.0,2024,1,9,1,0
2024-01-09,Desk Lamp,Home & Kitchen,8,30,10,Chattogram,216.0,2024,1,9,1,0
2024-01-09,Skincare Set,Beauty,6,45,5,Dhaka,256.5,2024,1,9,1,0
2024-01-10,Laptop,Electronics,6,850,5,Sylhet,4845.0,2024,1,10,2,0
2024-01-10,Smartphone,Electronics,3,500,10,Khulna,1350.0,2024,1,10,2,0
2024-01-10,Headphones,Electronics,11,80,0,Sylhet,880.0,2024,1,10,2,0
2024-01-10,T-Shirt,Fashion,13,25,5,Dhaka,308.75,2024,1,10,2,0
2024-01-10,Sneakers,Fashion,9,60,0,Khulna,540.0,2024,1,10,2,0
2024-01-10,Backpack,Fashion,11,40,5,Khulna,418.0,2024,1,10,2,0
2024-01-10,Coffee Maker,Home & Kitchen,4,90,0,Rajshahi,360.0,2024,1,10,2,0
2024-01-10,Blender,Home & Kitchen,9,55,5,Chattogram,470.25,2024,1,10,2,0
2024-01-10,Desk Lamp,Home & Kitchen,6,30,10,Chattogram,162.0,2024,1,10,2,0
2024-01-10,Skincare Set,Beauty,10,45,5,Khulna,427.5,2024,1,10,2,0
2024-01-11,Laptop,Electronics,3,850,0,Chattogram,2550.0,2024,1,11,3,0
2024-01-11,Smartphone,Electronics,6,500,10,Dhaka,2700.0,2024,1,11,3,0
2024-01-11,Headphones,Electronics,10,80,0,Sylhet,800.0,2024,1,11,3,0
2024-01-11,T-Shirt,Fashion,8,25,0,Khulna,200.0,2024,1,11,3,0
2024-01-11,Sneakers,Fashion,5,60,10,Rajshahi,270.0,2024,1,11,3,0
2024-01-11,Backpack,Fashion,9,40,5,Khulna,342.0,2024,1,11,3,0
2024-01-11,Coffee Maker,Home & Kitchen,7,90,5,Sylhet,598.5,2024,1,11,3,0
2024-01-11,Blender,Home & Kitchen,7,55,0,Rajshahi,385.0,2024,1,11,3,0
2024-01-11,Desk Lamp,Home & Kitchen,15,30,10,Dhaka,405.0,2024,1,11,3,0
2024-01-11,Skincare Set,Beauty,5,45,0,Dhaka,225.0,2024,1,11,3,0
2024-01-12,Laptop,Electronics,7,850,5,Chattogram,5652.5,2024,1,12,4,0
2024-01-12,Smartphone,Electronics,2,500,0,Khulna,1000.0,2024,1,12,4,0
2024-01-12,Headphones,Electronics,11,80,10,Khulna,792.0,2024,1,12,4,0
2024-01-12,T-Shirt,Fashion,20,25,0,Dhaka,500.0,2024,1,12,4,0
2024-01-12,Sneakers,Fashion,6,60,10,Khulna,324.0,2024,1,12,4,0
2024-01-12,Backpack,Fashion,11,40,0,Khulna,440.0,2024,1,12,4,0
2024-01-12,Coffee Maker,Home & Kitchen,2,90,5,Khulna,171.0,2024,1,12,4,0
2024-01-12,Blender,Home & Kitchen,10,55,0,Sylhet,550.0,2024,1,12,4,0
2024-01-12,Desk Lamp,Home & Kitchen,10,30,0,Sylhet,300.0,2024,1,12,4,0
2024-01-12,Skincare Set,Beauty,9,45,0,Sylhet,405.0,2024,1,12,4,0
2024-01-13,Laptop,Electronics,2,850,5,Dhaka,1615.0,2024,1,13,5,1
2024-01-13,Smartphone,Electronics,5,500,0,Rajshahi,2500.0,2024,1,13,5,1
2024-01-13,Headphones,Electronics,8,80,5,Sylhet,608.0,2024,1,13,5,1
2024-01-13,T-Shirt,Fashion,17,25,0,Dhaka,425.0,2024,1,13,5,1
2024-01-13,Sneakers,Fashion,12,60,0,Chattogram,720.0,2024,1,13,5,1
2024-01-13,Backpack,Fashion,8,40,5,Khulna,304.0,2024,1,13,5,1
2024-01-13,Coffee Maker,Home & Kitchen,6,90,5,Rajshahi,513.0,2024,1,13,5,1
2024-01-13,Blender,Home & Kitchen,15,55,5,Khulna,783.75,2024,1,13,5,1
2024-01-13,Desk Lamp,Home & Kitchen,18,30,5,Rajshahi,513.0,2024,1,13,5,1
2024-01-13,Skincare Set,Beauty,5,45,0,Rajshahi,225.0,2024,1,13,5,1
2024-01-14,Laptop,Electronics,6,850,5,Sylhet,4845.0,2024,1,14,6,1
2024-01-14,Smartphone,Electronics,6,500,5,Dhaka,2850.0,2024,1,14,6,1
2024-01-14,Headphones,Electronics,14,80,0,Rajshahi,1120.0,2024,1,14,6,1
2024-01-14,T-Shirt,Fashion,14,25,0,Dhaka,350.0,2024,1,14,6,1
2024-01-14,Sneakers,Fashion,6,60,5,Dhaka,342.0,2024,1,14,6,1
2024-01-14,Backpack,Fashion,11,40,0,Sylhet,440.0,2024,1,14,6,1
2024-01-14,Coffee Maker,Home & Kitchen,5,90,10,Dhaka,405.0,2024,1,14,6,1
2024-01-14,Blender,Home & Kitchen,4,55,0,Dhaka,220.0,2024,1,14,6,1
2024-01-14,Desk Lamp,Home & Kitchen,6,30,5,Sylhet,171.0,2024,1,14,6,1
2024-01-14,Skincare Set,Beauty,10,45,5,Rajshahi,427.5,2024,1,14,6,1
2024-01-15,Laptop,Electronics,4,850,0,Sylhet,3400.0,2024,1,15,0,0
2024-01-15,Smartphone,Electronics,11,500,10,Chattogram,4950.0,2024,1,15,0,0
2024-01-15,Headphones,Electronics,8,80,0,Chattogram,640.0,2024,1,15,0,0
2024-01-15,T-Shirt,Fashion,17,25,10,Chattogram,382.5,2024,1,15,0,0
2024-01-15,Sneakers,Fashion,11,60,0,Rajshahi,660.0,2024,1,15,0,0
2024-01-15,Backpack,Fashion,9,40,0,Sylhet,360.0,2024,1,15,0,0
2024-01-15,Coffee Maker,Home & Kitchen,6,90,10,Dhaka,486.0,2024,1,15,0,0
2024-01-15,Blender,Home & Kitchen,10,55,0,Rajshahi,550.0,2024,1,15,0,0
2024-01-15,Desk Lamp,Home & Kitchen,13,30,10,Sylhet,351.0,2024,1,15,0,0
2024-01-15,Skincare Set,Beauty,12,45,0,Dhaka,540.0,2024,1,15,0,0
2024-01-16,Laptop,Electronics,4,850,5,Dhaka,3230.0,2024,1,16,1,0
2024-01-16,Smartphone,Electronics,3,500,0,Khulna,1500.0,2024,1,16,1,0
2024-01-16,Headphones,Electronics,7,80,0,Rajshahi,560.0,2024,1,16,1,0
2024-01-16,T-Shirt,Fashion,9,25,5,Khulna,213.75,2024,1,16,1,0
2024-01-16,Sneakers,Fashion,4,60,0,Chattogram,240.0,2024,1,16,1,0
2024-01-16,Backpack,Fashion,7,40,5,Dhaka,266.0,2024,1,16,1,0
2024-01-16,Coffee Maker,Home & Kitchen,2,90,0,Rajshahi,180.0,2024,1,16,1,0
2024-01-16,Blender,Home & Kitchen,4,55,5,Khulna,209.0,2024,1,16,1,0
2024-01-16,Desk Lamp,Home & Kitchen,14,30,0,Chattogram,420.0,2024,1,16,1,0
2024-01-16,Skincare Set,Beauty,10,45,15,Dhaka,382.5,2024,1,16,1,0
2024-01-17,Laptop,Electronics,5,850,5,Rajshahi,4037.5,2024,1,17,2,0
2024-01-17,Smartphone,Electronics,4,500,5,Sylhet,1900.0,2024,1,17,2,0
2024-01-17,Headphones,Electronics,10,80,5,Chattogram,760.0,2024,1,17,2,0
2024-01-17,T-Shirt,Fashion,11,25,5,Sylhet,261.25,2024,1,17,2,0
2024-01-17,Sneakers,Fashion,3,60,5,Dhaka,171.0,2024,1,17,2,0
2024-01-17,Backpack,Fashion,11,40,10,Chattogram,396.0,2024,1,17,2,0
2024-01-17,Coffee Maker,Home & Kitchen,8,90,5,Dhaka,684.0,2024,1,17,2,0
2024-01-17,Blender,Home & Kitchen,8,55,0,Rajshahi,440.0,2024,1,17,2,0
2024-01-17,Desk Lamp,Home & Kitchen,11,30,0,Rajshahi,330.0,2024,1,17,2,0
2024-01-17,Skincare Set,Beauty,10,45,5,Sylhet,427.5,2024,1,17,2,0
2024-01-18,Laptop,Electronics,3,850,0,Khulna,2550.0,2024,1,18,3,0
2024-01-18,Smartphone,Electronics,4,500,0,Khulna,2000.0,2024,1,18,3,0
2024-01-18,Headphones,Electronics,10,80,0,Chattogram,800.0,2024,1,18,3,0
2024-01-18,T-Shirt,Fashion,8,25,0,Khulna,200.0,2024,1,18,3,0
2024-01-18,Sneakers,Fashion,6,60,0,Dhaka,360.0,2024,1,18,3,0
2024-01-18,Backpack,Fashion,7,40,5,Chattogram,266.0,2024,1,18,3,0
2024-01-18,Coffee Maker,Home & Kitchen,6,90,0,Chattogram,540.0,2024,1,18,3,0
2024-01-18,Blender,Home & Kitchen,7,55,5,Dhaka,365.75,2024,1,18,3,0
2024-01-18,Desk Lamp,Home & Kitchen,12,30,5,Khulna,342.0,2024,1,18,3,0
2024-01-18,Skincare Set,Beauty,10,45,5,Chattogram,427.5,2024,1,18,3,0
2024-01-19,Laptop,Electronics,6,850,0,Dhaka,5100.0,2024,1,19,4,0
2024-01-19,Smartphone,Electronics,8,500,0,Sylhet,4000.0,2024,1,19,4,0
2024-01-19,Headphones,Electronics,9,80,5,Chattogram,684.0,2024,1,19,4,0
2024-01-19,T-Shirt,Fashion,10,25,5,Sylhet,237.5,2024,1,19,4,0
2024-01-19,Sneakers,Fashion,5,60,10,Khulna,270.0,2024,1,19,4,0
2024-01-19,Backpack,Fashion,7,40,10,Rajshahi,252.0,2024,1,19,4,0
2024-01-19,Coffee Maker,Home & Kitchen,8,90,5,Rajshahi,684.0,2024,1,19,4,0
2024-01-19,Blender,Home & Kitchen,9,55,0,Chattogram,495.0,2024,1,19,4,0
2024-01-19,Desk Lamp,Home & Kitchen,11,30,0,Chattogram,330.0,2024,1,19,4,0
2024-01-19,Skincare Set,Beauty,12,45,0,Dhaka,540.0,2024,1,19,4,0
2024-01-20,Laptop,Electronics,3,850,0,Khulna,2550.0,2024,1,20,5,1
2024-01-20,Smartphone,Electronics,4,500,0,Khulna,2000.0,2024,1,20,5,1
2024-01-20,Headphones,Electronics,10,80,5,Dhaka,760.0,2024,1,20,5,1
2024-01-20,T-Shirt,Fashion,9,25,5,Chattogram,213.75,2024,1,20,5,1
2024-01-20,Sneakers,Fashion,11,60,10,Khulna,594.0,2024,1,20,5,1
2024-01-20,Backpack,Fashion,7,40,0,Sylhet,280.0,2024,1,20,5,1
2024-01-20,Coffee Maker,Home & Kitchen,5,90,5,Dhaka,427.5,2024,1,20,5,1
2024-01-20,Blender,Home & Kitchen,3,55,0,Rajshahi,165.0,2024,1,20,5,1
2024-01-20,Desk Lamp,Home & Kitchen,12,30,15,Rajshahi,306.0,2024,1,20,5,1
2024-01-20,Skincare Set,Beauty,13,45,15,Khulna,497.25,2024,1,20,5,1
2024-01-21,Laptop,Electronics,5,850,0,Khulna,4250.0,2024,1,21,6,1
2024-01-21,Smartphone,Electronics,3,500,0,Sylhet,1500.0,2024,1,21,6,1
2024-01-21,Headphones,Electronics,11,80,0,Chattogram,880.0,2024,1,21,6,1
2024-01-21,T-Shirt,Fashion,14,25,5,Sylhet,332.5,2024,1,21,6,1
2024-01-21,Sneakers,Fashion,10,60,5,Dhaka,570.0,2024,1,21,6,1
2024-01-21,Backpack,Fashion,8,40,0,Dhaka,320.0,2024,1,21,6,1
2024-01-21,Coffee Maker,Home & Kitchen,5,90,5,Khulna,427.5,2024,1,21,6,1
2024-01-21,Blender,Home & Kitchen,8,55,0,Khulna,440.0,2024,1,21,6,1
2024-01-21,Desk Lamp,Home & Kitchen,13,30,0,Sylhet,390.0,2024,1,21,6,1
2024-01-21,Skincare Set,Beauty,7,45,5,Sylhet,299.25,2024,1,21,6,1
2024-01-22,Laptop,Electronics,3,850,10,Khulna,2295.0,2024,1,22,0,0
2024-01-22,Smartphone,Electronics,3,500,0,Rajshahi,1500.0,2024,1,22,0,0
2024-01-22,Headphones,Electronics,10,80,5,Sylhet,760.0,2024,1,22,0,0
2024-01-22,T-Shirt,Fashion,16,25,0,Chattogram,400.0,2024,1,22,0,0
2024-01-22,Sneakers,Fashion,9,60,0,Khulna,540.0,2024,1,22,0,0
2024-01-22,Backpack,Fashion,7,40,15,Rajshahi,238.0,2024,1,22,0,0
2024-01-22,Coffee Maker,Home & Kitchen,7,90,0,Dhaka,630.0,2024,1,22,0,0
2024-01-22,Blender,Home & Kitchen,8,55,10,Dhaka,396.0,2024,1,22,0,0
2024-01-22,Desk Lamp,Home & Kitchen,7,30,5,Dhaka,199.5,2024,1,22,0,0
2024-01-22,Skincare Set,Beauty,6,45,0,Rajshahi,270.0,2024,1,22,0,0
2024-01-23,Laptop,Electronics,2,850,5,Sylhet,1615.0,2024,1,23,1,0
2024-01-23,Smartphone,Electronics,2,500,5,Chattogram,950.0,2024,1,23,1,0
2024-01-23,Headphones,Electronics,9,80,0,Dhaka,720.0,2024,1,23,1,0
2024-01-23,T-Shirt,Fashion,13,25,15,Chattogram,276.25,2024,1,23,1,0
2024-01-23,Sneakers,Fashion,10,60,10,Dhaka,540.0,2024,1,23,1,0
2024-01-23,Backpack,Fashion,7,40,0,Khulna,280.0,2024,1,23,1,0
2024-01-23,Coffee Maker,Home & Kitchen,11,90,0,Sylhet,990.0,2024,1,23,1,0
2024-01-23,Blender,Home & Kitchen,7,55,0,Rajshahi,385.0,2024,1,23,1,0
2024-01-23,Desk Lamp,Home & Kitchen,11,30,5,Sylhet,313.5,2024,1,23,1,0
2024-01-23,Skincare Set,Beauty,8,45,0,Khulna,360.0,2024,1,23,1,0
2024-01-24,Laptop,Electronics,3,850,10,Dhaka,2295.0,2024,1,24,2,0
2024-01-24,Smartphone,Electronics,6,500,5,Chattogram,2850.0,2024,1,24,2,0
2024-01-24,Headphones,Electronics,10,80,10,Rajshahi,720.0,2024,1,24,2,0
2024-01-24,T-Shirt,Fashion,18,25,5,Khulna,427.5,2024,1,24,2,0
2024-01-24,Sneakers,Fashion,1,60,5,Chattogram,57.0,2024,1,24,2,0
2024-01-24,Backpack,Fashion,7,40,5,Rajshahi,266.0,2024,1,24,2,0
2024-01-24,Coffee Maker,Home & Kitchen,6,90,5,Khulna,513.0,2024,1,24,2,0
2024-01-24,Blender,Home & Kitchen,8,55,5,Dhaka,418.0,2024,1,24,2,0
2024-01-24,Desk Lamp,Home & Kitchen,17,30,5,Dhaka,484.5,2024,1,24,2,0
2024-01-24,Skincare Set,Beauty,17,45,5,Sylhet,726.75,2024,1,24,2,0
2024-01-25,Laptop,Electronics,5,850,0,Chattogram,4250.0,2024,1,25,3,0
2024-01-25,Smartphone,Electronics,7,500,0,Rajshahi,3500.0,2024,1,25,3,0
2024-01-25,Headphones,Electronics,6,80,5,Chattogram,456.0,2024,1,25,3,0
2024-01-25,T-Shirt,Fashion,16,25,0,Khulna,400.0,2024,1,25,3,0
2024-01-25,Sneakers,Fashion,6,60,0,Sylhet,360.0,2024,1,25,3,0
2024-01-25,Backpack,Fashion,7,40,0,Dhaka,280.0,2024,1,25,3,0
2024-01-25,Coffee Maker,Home & Kitchen,5,90,5,Khulna,427.5,2024,1,25,3,0
2024-01-25,Blender,Home & Kitchen,4,55,5,Dhaka,209.0,2024,1,25,3,0
2024-01-25,Desk Lamp,Home & Kitchen,13,30,5,Dhaka,370.5,2024,1,25,3,0
2024-01-25,Skincare Set,Beauty,11,45,5,Rajshahi,470.25,2024,1,25,3,0
2024-01-26,Laptop,Electronics,7,850,0,Khulna,5950.0,2024,1,26,4,0
2024-01-26,Smartphone,Electronics,7,500,5,Sylhet,3325.0,2024,1,26,4,0
2024-01-26,Headphones,Electronics,12,80,10,Khulna,864.0,2024,1,26,4,0
2024-01-26,T-Shirt,Fashion,14,25,0,Chattogram,350.0,2024,1,26,4,0
2024-01-26,Sneakers,Fashion,9,60,0,Khulna,540.0,2024,1,26,4,0
2024-01-26,Backpack,Fashion,12,40,5,Rajshahi,456.0,2024,1,26,4,0
2024-01-26,Coffee Maker,Home & Kitchen,2,90,10,Dhaka,162.0,2024,1,26,4,0
2024-01-26,Blender,Home & Kitchen,6,55,0,Chattogram,330.0,2024,1,26,4,0
2024-01-26,Desk Lamp,Home & Kitchen,16,30,0,Dhaka,480.0,2024,1,26,4,0
2024-01-26,Skincare Set,Beauty,8,45,0,Dhaka,360.0,2024,1,26,4,0
2024-01-27,Laptop,Electronics,4,850,5,Rajshahi,3230.0,2024,1,27,5,1
2024-01-27,Smartphone,Electronics,6,500,5,Dhaka,2850.0,2024,1,27,5,1
2024-01-27,Headphones,Electronics,5,80,5,Chattogram,380.0,2024,1,27,5,1
2024-01-27,T-Shirt,Fashion,12,25,5,Sylhet,285.0,2024,1,27,5,1
2024-01-27,Sneakers,Fashion,9,60,10,Sylhet,486.0,2024,1,27,5,1
2024-01-27,Backpack,Fashion,9,40,0,Chattogram,360.0,2024,1,27,5,1
2024-01-27,Coffee Maker,Home & Kitchen,12,90,15,Khulna,918.0,2024,1,27,5,1
2024-01-27,Blender,Home & Kitchen,3,55,5,Dhaka,156.75,2024,1,27,5,1
2024-01-27,Desk Lamp,Home & Kitchen,6,30,10,Dhaka,162.0,2024,1,27,5,1
2024-01-27,Skincare Set,Beauty,13,45,0,Dhaka,585.0,2024,1,27,5,1
2024-01-28,Laptop,Electronics,5,850,15,Chattogram,3612.5,2024,1,28,6,1
2024-01-28,Smartphone,Electronics,6,500,5,Sylhet,2850.0,2024,1,28,6,1
2024-01-28,Headphones,Electronics,15,80,10,Khulna,1080.0,2024,1,28,6,1
2024-01-28,T-Shirt,Fashion,14,25,5,Sylhet,332.5,2024,1,28,6,1
2024-01-28,Sneakers,Fashion,9,60,10,Rajshahi,486.0,2024,1,28,6,1
2024-01-28,Backpack,Fashion,8,40,15,Sylhet,272.0,2024,1,28,6,1
2024-01-28,Coffee Maker,Home & Kitchen,6,90,0,Khulna,540.0,2024,1,28,6,1
2024-01-28,Blender,Home & Kitchen,8,55,5,Dhaka,418.0,2024,1,28,6,1
2024-01-28,Desk Lamp,Home & Kitchen,6,30,0,Khulna,180.0,2024,1,28,6,1
2024-01-28,Skincare Set,Beauty,11,45,0,Khulna,495.0,2024,1,28,6,1
2024-01-29,Laptop,Electronics,1,850,5,Khulna,807.5,2024,1,29,0,0
2024-01-29,Smartphone,Electronics,9,500,0,Sylhet,4500.0,2024,1,29,0,0
2024-01-29,Headphones,Electronics,11,80,0,Rajshahi,880.0,2024,1,29,0,0
2024-01-29,T-Shirt,Fashion,15,25,0,Chattogram,375.0,2024,1,29,0,0
2024-01-29,Sneakers,Fashion,5,60,10,Sylhet,270.0,2024,1,29,0,0
2024-01-29,Backpack,Fashion,12,40,5,Dhaka,456.0,2024,1,29,0,0
2024-01-29,Coffee Maker,Home & Kitchen,6,90,0,Rajshahi,540.0,2024,1,29,0,0
2024-01-29,Blender,Home & Kitchen,11,55,10,Khulna,544.5,2024,1,29,0,0
2024-01-29,Desk Lamp,Home & Kitchen,18,30,5,Chattogram,513.0,2024,1,29,0,0
2024-01-29,Skincare Set,Beauty,10,45,5,Rajshahi,427.5,2024,1,29,0,0
2024-01-30,Laptop,Electronics,4,850,0,Chattogram,3400.0,2024,1,30,1,0
2024-01-30,Smartphone,Electronics,2,500,0,Chattogram,1000.0,2024,1,30,1,0
2024-01-30,Headphones,Electronics,10,80,0,Sylhet,800.0,2024,1,30,1,0
2024-01-30,T-Shirt,Fashion,12,25,15,Rajshahi,255.0,2024,1,30,1,0
2024-01-30,Sneakers,Fashion,8,60,15,Khulna,408.0,2024,1,30,1,0
2024-01-30,Backpack,Fashion,12,40,0,Dhaka,480.0,2024,1,30,1,0
2024-01-30,Coffee Maker,Home & Kitchen,6,90,10,Sylhet,486.0,2024,1,30,1,0
2024-01-30,Blender,Home & Kitchen,10,55,10,Sylhet,495.0,2024,1,30,1,0
2024-01-30,Desk Lamp,Home & Kitchen,6,30,5,Chattogram,171.0,2024,1,30,1,0
2024-01-30,Skincare Set,Beauty,15,45,5,Khulna,641.25,2024,1,30,1,0
2024-01-31,Laptop,Electronics,4,850,0,Khulna,3400.0,2024,1,31,2,0
2024-01-31,Smartphone,Electronics,4,500,15,Sylhet,1700.0,2024,1,31,2,0
2024-01-31,Headphones,Electronics,7,80,5,Sylhet,532.0,2024,1,31,2,0
2024-01-31,T-Shirt,Fashion,11,25,0,Khulna,275.0,2024,1,31,2,0
2024-01-31,Sneakers,Fashion,10,60,0,Sylhet,600.0,2024,1,31,2,0
2024-01-31,Backpack,Fashion,7,40,0,Chattogram,280.0,2024,1,31,2,0
2024-01-31,Coffee Maker,Home & Kitchen,2,90,10,Khulna,162.0,2024,1,31,2,0
2024-01-31,Blender,Home & Kitchen,6,55,5,Khulna,313.5,2024,1,31,2,0
2024-01-31,Desk Lamp,Home & Kitchen,11,30,10,Khulna,297.0,2024,1,31,2,0
2024-01-31,Skincare Set,Beauty,10,45,5,Rajshahi,427.5,2024,1,31,2,0
2024-02-01,Laptop,Electronics,3,850,0,Sylhet,2550.0,2024,2,1,3,0
2024-02-01,Smartphone,Electronics,4,500,10,Sylhet,1800.0,2024,2,1,3,0
2024-02-01,Headphones,Electronics,11,80,0,Rajshahi,880.0,2024,2,1,3,0
2024-02-01,T-Shirt,Fashion,11,25,0,Sylhet,275.0,2024,2,1,3,0
2024-02-01,Sneakers,Fashion,8,60,10,Khulna,432.0,2024,2,1,3,0
2024-02-01,Backpack,Fashion,5,40,0,Dhaka,200.0,2024,2,1,3,0
2024-02-01,Coffee Maker,Home & Kitchen,7,90,0,Rajshahi,630.0,2024,2,1,3,0
2024-02-01,Blender,Home & Kitchen,4,55,10,Dhaka,198.0,2024,2,1,3,0
2024-02-01,Desk Lamp,Home & Kitchen,11,30,0,Chattogram,330.0,2024,2,1,3,0
2024-02-01,Skincare Set,Beauty,12,45,0,Dhaka,540.0,2024,2,1,3,0
2024-02-02,Laptop,Electronics,2,850,10,Chattogram,1530.0,2024,2,2,4,0
2024-02-02,Smartphone,Electronics,7,500,5,Sylhet,3325.0,2024,2,2,4,0
2024-02-02,Headphones,Electronics,10,80,0,Chattogram,800.0,2024,2,2,4,0
2024-02-02,T-Shirt,Fashion,14,25,10,Dhaka,315.0,2024,2,2,4,0
2024-02-02,Sneakers,Fashion,5,60,0,Rajshahi,300.0,2024,2,2,4,0
2024-02-02,Backpack,Fashion,10,40,0,Sylhet,400.0,2024,2,2,4,0
2024-02-02,Coffee Maker,Home & Kitchen,7,90,5,Rajshahi,598.5,2024,2,2,4,0
2024-02-02,Blender,Home & Kitchen,5,55,5,Chattogram,261.25,2024,2,2,4,0
2024-02-02,Desk Lamp,Home & Kitchen,9,30,10,Khulna,243.0,2024,2,2,4,0
2024-02-02,Skincare Set,Beauty,11,45,10,Khulna,445.5,2024,2,2,4,0
2024-02-03,Laptop,Electronics,1,850,5,Dhaka,807.5,2024,2,3,5,1
2024-02-03,Smartphone,Electronics,5,500,15,Chattogram,2125.0,2024,2,3,5,1
2024-02-03,Headphones,Electronics,7,80,5,Sylhet,532.0,2024,2,3,5,1
2024-02-03,T-Shirt,Fashion,14,25,0,Sylhet,350.0,2024,2,3,5,1
2024-02-03,Sneakers,Fashion,10,60,5,Rajshahi,570.0,2024,2,3,5,1
2024-02-03,Backpack,Fashion,14,40,0,Rajshahi,560.0,2024,2,3,5,1
2024-02-03,Coffee Maker,Home & Kitchen,6,90,0,Chattogram,540.0,2024,2,3,5,1
2024-02-03,Blender,Home & Kitchen,8,55,10,Sylhet,396.0,2024,2,3,5,1
2024-02-03,Desk Lamp,Home & Kitchen,12,30,0,Chattogram,360.0,2024,2,3,5,1
2024-02-03,Skincare Set,Beauty,19,45,10,Dhaka,769.5,2024,2,3,5,1
2024-02-04,Laptop,Electronics,6,850,10,Chattogram,4590.0,2024,2,4,6,1
2024-02-04,Smartphone,Electronics,7,500,15,Sylhet,2975.0,2024,2,4,6,1
2024-02-04,Headphones,Electronics,3,80,0,Dhaka,240.0,2024,2,4,6,1
2024-02-04,T-Shirt,Fashion,17,25,0,Rajshahi,425.0,2024,2,4,6,1
2024-02-04,Sneakers,Fashion,13,60,5,Khulna,741.0,2024,2,4,6,1
2024-02-04,Backpack,Fashion,8,40,0,Sylhet,320.0,2024,2,4,6,1
2024-02-04,Coffee Maker,Home & Kitchen,8,90,10,Khulna,648.0,2024,2,4,6,1
2024-02-04,Blender,Home & Kitchen,7,55,0,Khulna,385.0,2024,2,4,6,1
2024-02-04,Desk Lamp,Home & Kitchen,9,30,0,Rajshahi,270.0,2024,2,4,6,1
2024-02-04,Skincare Set,Beauty,8,45,15,Dhaka,306.0,2024,2,4,6,1
2024-02-05,Laptop,Electronics,3,850,10,Sylhet,2295.0,2024,2,5,0,0
2024-02-05,Smartphone,Electronics,4,500,0,Khulna,2000.0,2024,2,5,0,0
2024-02-05,Headphones,Electronics,7,80,5,Chattogram,532.0,2024,2,5,0,0
2024-02-05,T-Shirt,Fashion,12,25,5,Dhaka,285.0,2024,2,5,0,0
2024-02-05,Sneakers,Fashion,8,60,0,Dhaka,480.0,2024,2,5,0,0
2024-02-05,Backpack,Fashion,4,40,0,Dhaka,160.0,2024,2,5,0,0
2024-02-05,Coffee Maker,Home & Kitchen,9,90,0,Rajshahi,810.0,2024,2,5,0,0
2024-02-05,Blender,Home & Kitchen,2,55,0,Chattogram,110.0,2024,2,5,0,0
2024-02-05,Desk Lamp,Home & Kitchen,15,30,5,Sylhet,427.5,2024,2,5,0,0
2024-02-05,Skincare Set,Beauty,15,45,5,Sylhet,641.25,2024,2,5,0,0
2024-02-06,Laptop,Electronics,1,850,5,Sylhet,807.5,2024,2,6,1,0
2024-02-06,Smartphone,Electronics,5,500,10,Khulna,2250.0,2024,2,6,1,0
2024-02-06,Headphones,Electronics,10,80,0,Chattogram,800.0,2024,2,6,1,0
2024-02-06,T-Shirt,Fashion,17,25,0,Rajshahi,425.0,2024,2,6,1,0
2024-02-06,Sneakers,Fashion,7,60,0,Dhaka,420.0,2024,2,6,1,0
2024-02-06,Backpack,Fashion,8,40,5,Chattogram,304.0,2024,2,6,1,0
2024-02-06,Coffee Maker,Home & Kitchen,4,90,5,Dhaka,342.0,2024,2,6,1,0
2024-02-06,Blender,Home & Kitchen,6,55,0,Chattogram,330.0,2024,2,6,1,0
2024-02-06,Desk Lamp,Home & Kitchen,13,30,5,Sylhet,370.5,2024,2,6,1,0
2024-02-06,Skincare Set,Beauty,13,45,0,Rajshahi,585.0,2024,2,6,1,0
2024-02-07,Laptop,Electronics,6,850,10,Dhaka,4590.0,2024,2,7,2,0
2024-02-07,Smartphone,Electronics,8,500,5,Sylhet,3800.0,2024,2,7,2,0
2024-02-07,Headphones,Electronics,8,80,5,Dhaka,608.0,2024,2,7,2,0
2024-02-07,T-Shirt,Fashion,11,25,0,Sylhet,275.0,2024,2,7,2,0
2024-02-07,Sneakers,Fashion,14,60,5,Sylhet,798.0,2024,2,7,2,0
2024-02-07,Backpack,Fashion,11,40,10,Chattogram,396.0,2024,2,7,2,0
2024-02-07,Coffee Maker,Home & Kitchen,7,90,5,Khulna,598.5,2024,2,7,2,0
2024-02-07,Blender,Home & Kitchen,4,55,5,Dhaka,209.0,2024,2,7,2,0
2024-02-07,Desk Lamp,Home & Kitchen,7,30,0,Khulna,210.0,2024,2,7,2,0
2024-02-07,Skincare Set,Beauty,12,45,10,Dhaka,486.0,2024,2,7,2,0
2024-02-08,Laptop,Electronics,4,850,10,Chattogram,3060.0,2024,2,8,3,0
2024-02-08,Smartphone,Electronics,5,500,10,Khulna,2250.0,2024,2,8,3,0
2024-02-08,Headphones,Electronics,12,80,5,Dhaka,912.0,2024,2,8,3,0
2024-02-08,T-Shirt,Fashion,15,25,0,Rajshahi,375.0,2024,2,8,3,0
2024-02-08,Sneakers,Fashion,2,60,0,Chattogram,120.0,2024,2,8,3,0
2024-02-08,Backpack,Fashion,10,40,5,Chattogram,380.0,2024,2,8,3,0
2024-02-08,Coffee Maker,Home & Kitchen,3,90,5,Rajshahi,256.5,2024,2,8,3,0
2024-02-08,Blender,Home & Kitchen,11,55,5,Khulna,574.75,2024,2,8,3,0
2024-02-08,Desk Lamp,Home & Kitchen,11,30,5,Chattogram,313.5,2024,2,8,3,0
2024-02-08,Skincare Set,Beauty,7,45,10,Khulna,283.5,2024,2,8,3,0
2024-02-09,Laptop,Electronics,5,850,10,Chattogram,3825.0,2024,2,9,4,0
2024-02-09,Smartphone,Electronics,3,500,0,Dhaka,1500.0,2024,2,9,4,0
2024-02-09,Headphones,Electronics,7,80,10,Dhaka,504.0,2024,2,9,4,0
2024-02-09,T-Shirt,Fashion,13,25,5,Dhaka,308.75,2024,2,9,4,0
2024-02-09,Sneakers,Fashion,6,60,10,Rajshahi,324.0,2024,2,9,4,0
2024-02-09,Backpack,Fashion,11,40,0,Sylhet,440.0,2024,2,9,4,0
2024-02-09,Coffee Maker,Home & Kitchen,3,90,5,Sylhet,256.5,2024,2,9,4,0
2024-02-09,Blender,Home & Kitchen,6,55,0,Rajshahi,330.0,2024,2,9,4,0
2024-02-09,Desk Lamp,Home & Kitchen,12,30,10,Khulna,324.0,2024,2,9,4,0
2024-02-09,Skincare Set,Beauty,12,45,0,Rajshahi,540.0,2024,2,9,4,0
2024-02-10,Laptop,Electronics,9,850,0,Chattogram,7650.0,2024,2,10,5,1
2024-02-10,Smartphone,Electronics,11,500,0,Sylhet,5500.0,2024,2,10,5,1
2024-02-10,Headphones,Electronics,13,80,10,Dhaka,936.0,2024,2,10,5,1
2024-02-10,T-Shirt,Fashion,23,25,0,Dhaka,575.0,2024,2,10,5,1
2024-02-10,Sneakers,Fashion,13,60,5,Dhaka,741.0,2024,2,10,5,1
2024-02-10,Backpack,Fashion,8,40,5,Sylhet,304.0,2024,2,10,5,1
2024-02-10,Coffee Maker,Home & Kitchen,9,90,10,Sylhet,729.0,2024,2,10,5,1
2024-02-10,Blender,Home & Kitchen,10,55,10,Khulna,495.0,2024,2,10,5,1
2024-02-10,Desk Lamp,Home & Kitchen,16,30,0,Rajshahi,480.0,2024,2,10,5,1
2024-02-10,Skincare Set,Beauty,8,45,5,Chattogram,342.0,2024,2,10,5,1
2024-02-11,Laptop,Electronics,2,850,5,Chattogram,1615.0,2024,2,11,6,1
2024-02-11,Smartphone,Electronics,13,500,5,Khulna,6175.0,2024,2,11,6,1
2024-02-11,Headphones,Electronics,11,80,5,Chattogram,836.0,2024,2,11,6,1
2024-02-11,T-Shirt,Fashion,16,25,5,Sylhet,380.0,2024,2,11,6,1
2024-02-11,Sneakers,Fashion,8,60,10,Sylhet,432.0,2024,2,11,6,1
2024-02-11,Backpack,Fashion,13,40,5,Rajshahi,494.0,2024,2,11,6,1
2024-02-11,Coffee Maker,Home & Kitchen,5,90,0,Sylhet,450.0,2024,2,11,6,1
2024-02-11,Blender,Home & Kitchen,13,55,5,Khulna,679.25,2024,2,11,6,1
2024-02-11,Desk Lamp,Home & Kitchen,7,30,0,Rajshahi,210.0,2024,2,11,6,1
2024-02-11,Skincare Set,Beauty,13,45,0,Khulna,585.0,2024,2,11,6,1
2024-02-12,Laptop,Electronics,4,850,15,Sylhet,2890.0,2024,2,12,0,0
2024-02-12,Smartphone,Electronics,7,500,0,Rajshahi,3500.0,2024,2,12,0,0
2024-02-12,Headphones,Electronics,5,80,10,Chattogram,360.0,2024,2,12,0,0
2024-02-12,T-Shirt,Fashion,9,25,0,Chattogram,225.0,2024,2,12,0,0
2024-02-12,Sneakers,Fashion,7,60,0,Sylhet,420.0,2024,2,12,0,0
2024-02-12,Backpack,Fashion,6,40,0,Khulna,240.0,2024,2,12,0,0
2024-02-12,Coffee Maker,Home & Kitchen,5,90,0,Sylhet,450.0,2024,2,12,0,0
2024-02-12,Blender,Home & Kitchen,7,55,5,Dhaka,365.75,2024,2,12,0,0
2024-02-12,Desk Lamp,Home & Kitchen,13,30,0,Chattogram,390.0,2024,2,12,0,0
2024-02-12,Skincare Set,Beauty,12,45,5,Sylhet,513.0,2024,2,12,0,0
2024-02-13,Laptop,Electronics,2,850,15,Khulna,1445.0,2024,2,13,1,0
2024-02-13,Smartphone,Electronics,8,500,15,Sylhet,3400.0,2024,2,13,1,0
2024-02-13,Headphones,Electronics,6,80,10,Sylhet,432.0,2024,2,13,1,0
2024-02-13,T-Shirt,Fashion,8,25,10,Dhaka,180.0,2024,2,13,1,0
2024-02-13,Sneakers,Fashion,11,60,10,Sylhet,594.0,2024,2,13,1,0
2024-02-13,Backpack,Fashion,10,40,0,Dhaka,400.0,2024,2,13,1,0
2024-02-13,Coffee Maker,Home & Kitchen,4,90,5,Khulna,342.0,2024,2,13,1,0
2024-02-13,Blender,Home & Kitchen,2,55,10,Chattogram,99.0,2024,2,13,1,0
2024-02-13,Desk Lamp,Home & Kitchen,12,30,10,Rajshahi,324.0,2024,2,13,1,0
2024-02-13,Skincare Set,Beauty,9,45,5,Chattogram,384.75,2024,2,13,1,0
2024-02-14,Laptop,Electronics,6,850,0,Rajshahi,5100.0,2024,2,14,2,0
2024-02-14,Smartphone,Electronics,8,500,10,Khulna,3600.0,2024,2,14,2,0
2024-02-14,Headphones,Electronics,7,80,10,Rajshahi,504.0,2024,2,14,2,0
2024-02-14,T-Shirt,Fashion,13,25,5,Rajshahi,308.75,2024,2,14,2,0
2024-02-14,Sneakers,Fashion,14,60,0,Sylhet,840.0,2024,2,14,2,0
2024-02-14,Backpack,Fashion,8,40,10,Sylhet,288.0,2024,2,14,2,0
2024-02-14,Coffee Maker,Home & Kitchen,3,90,5,Sylhet,256.5,2024,2,14,2,0
2024-02-14,Blender,Home & Kitchen,6,55,0,Khulna,330.0,2024,2,14,2,0
2024-02-14,Desk Lamp,Home & Kitchen,14,30,10,Sylhet,378.0,2024,2,14,2,0
2024-02-14,Skincare Set,Beauty,10,45,0,Dhaka,450.0,2024,2,14,2,0
2024-02-15,Laptop,Electronics,4,850,5,Sylhet,3230.0,2024,2,15,3,0
2024-02-15,Smartphone,Electronics,7,500,10,Rajshahi,3150.0,2024,2,15,3,0
2024-02-15,Headphones,Electronics,9,80,0,Chattogram,720.0,2024,2,15,3,0
2024-02-15,T-Shirt,Fashion,19,25,0,Chattogram,475.0,2024,2,15,3,0
2024-02-15,Sneakers,Fashion,11,60,0,Dhaka,660.0,2024,2,15,3,0
2024-02-15,Backpack,Fashion,12,40,0,Dhaka,480.0,2024,2,15,3,0
2024-02-15,Coffee Maker,Home & Kitchen,2,90,0,Rajshahi,180.0,2024,2,15,3,0
2024-02-15,Blender,Home & Kitchen,8,55,5,Khulna,418.0,2024,2,15,3,0
2024-02-15,Desk Lamp,Home & Kitchen,5,30,0,Sylhet,150.0,2024,2,15,3,0
2024-02-15,Skincare Set,Beauty,7,45,15,Chattogram,267.75,2024,2,15,3,0
2024-02-16,Laptop,Electronics,0,850,5,Sylhet,0.0,2024,2,16,4,0
2024-02-16,Smartphone,Electronics,3,500,5,Khulna,1425.0,2024,2,16,4,0
2024-02-16,Headphones,Electronics,9,80,0,Chattogram,720.0,2024,2,16,4,0
2024-02-16,T-Shirt,Fashion,12,25,0,Rajshahi,300.0,2024,2,16,4,0
2024-02-16,Sneakers,Fashion,8,60,0,Sylhet,480.0,2024,2,16,4,0
2024-02-16,Backpack,Fashion,8,40,0,Khulna,320.0,2024,2,16,4,0
2024-02-16,Coffee Maker,Home & Kitchen,4,90,5,Khulna,342.0,2024,2,16,4,0
2024-02-16,Blender,Home & Kitchen,6,55,10,Chattogram,297.0,2024,2,16,4,0
2024-02-16,Desk Lamp,Home & Kitchen,17,30,0,Rajshahi,510.0,2024,2,16,4,0
2024-02-16,Skincare Set,Beauty,12,45,0,Sylhet,540.0,2024,2,16,4,0
2024-02-17,Laptop,Electronics,3,850,0,Khulna,2550.0,2024,2,17,5,1
2024-02-17,Smartphone,Electronics,6,500,0,Rajshahi,3000.0,2024,2,17,5,1
2024-02-17,Headphones,Electronics,7,80,5,Khulna,532.0,2024,2,17,5,1
2024-02-17,T-Shirt,Fashion,9,25,5,Sylhet,213.75,2024,2,17,5,1
2024-02-17,Sneakers,Fashion,7,60,0,Chattogram,420.0,2024,2,17,5,1
2024-02-17,Backpack,Fashion,13,40,0,Chattogram,520.0,2024,2,17,5,1
2024-02-17,Coffee Maker,Home & Kitchen,9,90,10,Dhaka,729.0,2024,2,17,5,1
2024-02-17,Blender,Home & Kitchen,4,55,0,Dhaka,220.0,2024,2,17,5,1
2024-02-17,Desk Lamp,Home & Kitchen,11,30,5,Sylhet,313.5,2024,2,17,5,1
2024-02-17,Skincare Set,Beauty,13,45,0,Dhaka,585.0,2024,2,17,5,1
2024-02-18,Laptop,Electronics,3,850,0,Rajshahi,2550.0,2024,2,18,6,1
2024-02-18,Smartphone,Electronics,4,500,0,Khulna,2000.0,2024,2,18,6,1
2024-02-18,Headphones,Electronics,9,80,0,Dhaka,720.0,2024,2,18,6,1
2024-02-18,T-Shirt,Fashion,11,25,0,Dhaka,275.0,2024,2,18,6,1
2024-02-18,Sneakers,Fashion,7,60,10,Sylhet,378.0,2024,2,18,6,1
2024-02-18,Backpack,Fashion,6,40,0,Chattogram,240.0,2024,2,18,6,1
2024-02-18,Coffee Maker,Home & Kitchen,2,90,10,Dhaka,162.0,2024,2,18,6,1
2024-02-18,Blender,Home & Kitchen,9,55,0,Chattogram,495.0,2024,2,18,6,1
2024-02-18,Desk Lamp,Home & Kitchen,15,30,0,Rajshahi,450.0,2024,2,18,6,1
2024-02-18,Skincare Set,Beauty,8,45,0,Khulna,360.0,2024,2,18,6,1
2024-02-19,Laptop,Electronics,1,850,0,Khulna,850.0,2024,2,19,0,0
2024-02-19,Smartphone,Electronics,8,500,5,Rajshahi,3800.0,2024,2,19,0,0
2024-02-19,Headphones,Electronics,11,80,0,Sylhet,880.0,2024,2,19,0,0
2024-02-19,T-Shirt,Fashion,14,25,10,Rajshahi,315.0,2024,2,19,0,0
2024-02-19,Sneakers,Fashion,8,60,0,Rajshahi,480.0,2024,2,19,0,0
2024-02-19,Backpack,Fashion,10,40,10,Khulna,360.0,2024,2,19,0,0
2024-02-19,Coffee Maker,Home & Kitchen,2,90,0,Dhaka,180.0,2024,2,19,0,0
2024-02-19,Blender,Home & Kitchen,14,55,0,Khulna,770.0,2024,2,19,0,0
2024-02-19,Desk Lamp,Home & Kitchen,9,30,0,Khulna,270.0,2024,2,19,0,0
2024-02-19,Skincare Set,Beauty,7,45,10,Chattogram,283.5,2024,2,19,0,0
2024-02-20,Laptop,Electronics,1,850,5,Sylhet,807.5,2024,2,20,1,0
2024-02-20,Smartphone,Electronics,9,500,15,Dhaka,3825.0,2024,2,20,1,0
2024-02-20,Headphones,Electronics,8,80,0,Chattogram,640.0,2024,2,20,1,0
2024-02-20,T-Shirt,Fashion,15,25,0,Dhaka,375.0,2024,2,20,1,0
2024-02-20,Sneakers,Fashion,7,60,10,Dhaka,378.0,2024,2,20,1,0
2024-02-20,Backpack,Fashion,8,40,0,Rajshahi,320.0,2024,2,20,1,0
2024-02-20,Coffee Maker,Home & Kitchen,2,90,5,Khulna,171.0,2024,2,20,1,0
2024-02-20,Blender,Home & Kitchen,13,55,5,Khulna,679.25,2024,2,20,1,0
2024-02-20,Desk Lamp,Home & Kitchen,8,30,0,Sylhet,240.0,2024,2,20,1,0
2024-02-20,Skincare Set,Beauty,8,45,5,Khulna,342.0,2024,2,20,1,0
2024-02-21,Laptop,Electronics,1,850,0,Dhaka,850.0,2024,2,21,2,0
2024-02-21,Smartphone,Electronics,7,500,5,Sylhet,3325.0,2024,2,21,2,0
2024-02-21,Headphones,Electronics,8,80,0,Khulna,640.0,2024,2,21,2,0
2024-02-21,T-Shirt,Fashion,14,25,15,Dhaka,297.5,2024,2,21,2,0
2024-02-21,Sneakers,Fashion,6,60,0,Sylhet,360.0,2024,2,21,2,0
2024-02-21,Backpack,Fashion,12,40,5,Sylhet,456.0,2024,2,21,2,0
2024-02-21,Coffee Maker,Home & Kitchen,7,90,0,Dhaka,630.0,2024,2,21,2,0
2024-02-21,Blender,Home & Kitchen,7,55,0,Sylhet,385.0,2024,2,21,2,0
2024-02-21,Desk Lamp,Home & Kitchen,14,30,0,Sylhet,420.0,2024,2,21,2,0
2024-02-21,Skincare Set,Beauty,11,45,5,Chattogram,470.25,2024,2,21,2,0
2024-02-22,Laptop,Electronics,4,850,0,Dhaka,3400.0,2024,2,22,3,0
2024-02-22,Smartphone,Electronics,9,500,5,Sylhet,4275.0,2024,2,22,3,0
2024-02-22,Headphones,Electronics,11,80,10,Dhaka,792.0,2024,2,22,3,0
2024-02-22,T-Shirt,Fashion,18,25,15,Rajshahi,382.5,2024,2,22,3,0
2024-02-22,Sneakers,Fashion,10,60,5,Sylhet,570.0,2024,2,22,3,0
2024-02-22,Backpack,Fashion,4,40,0,Rajshahi,160.0,2024,2,22,3,0
2024-02-22,Coffee Maker,Home & Kitchen,6,90,0,Dhaka,540.0,2024,2,22,3,0
2024-02-22,Blender,Home & Kitchen,8,55,10,Khulna,396.0,2024,2,22,3,0
2024-02-22,Desk Lamp,Home & Kitchen,13,30,5,Chattogram,370.5,2024,2,22,3,0
2024-02-22,Skincare Set,Beauty,11,45,10,Sylhet,445.5,2024,2,22,3,0
2024-02-23,Laptop,Electronics,3,850,0,Rajshahi,2550.0,2024,2,23,4,0
2024-02-23,Smartphone,Electronics,4,500,0,Chattogram,2000.0,2024,2,23,4,0
2024-02-23,Headphones,Electronics,10,80,5,Sylhet,760.0,2024,2,23,4,0
2024-02-23,T-Shirt,Fashion,20,25,10,Chattogram,450.0,2024,2,23,4,0
2024-02-23,Sneakers,Fashion,7,60,0,Khulna,420.0,2024,2,23,4,0
2024-02-23,Backpack,Fashion,8,40,0,Khulna,320.0,2024,2,23,4,0
2024-02-23,Coffee Maker,Home & Kitchen,4,90,0,Sylhet,360.0,2024,2,23,4,0
2024-02-23,Blender,Home & Kitchen,9,55,0,Chattogram,495.0,2024,2,23,4,0
2024-02-23,Desk Lamp,Home & Kitchen,13,30,10,Dhaka,351.0,2024,2,23,4,0
2024-02-23,Skincare Set,Beauty,8,45,0,Rajshahi,360.0,2024,2,23,4,0
2024-02-24,Laptop,Electronics,0,850,0,Dhaka,0.0,2024,2,24,5,1
2024-02-24,Smartphone,Electronics,5,500,5,Chattogram,2375.0,2024,2,24,5,1
2024-02-24,Headphones,Electronics,11,80,0,Sylhet,880.0,2024,2,24,5,1
2024-02-24,T-Shirt,Fashion,12,25,5,Rajshahi,285.0,2024,2,24,5,1
2024-02-24,Sneakers,Fashion,7,60,0,Khulna,420.0,2024,2,24,5,1
2024-02-24,Backpack,Fashion,7,40,15,Khulna,238.0,2024,2,24,5,1
2024-02-24,Coffee Maker,Home & Kitchen,2,90,0,Dhaka,180.0,2024,2,24,5,1
2024-02-24,Blender,Home & Kitchen,6,55,5,Chattogram,313.5,2024,2,24,5,1
2024-02-24,Desk Lamp,Home & Kitchen,15,30,10,Sylhet,405.0,2024,2,24,5,1
2024-02-24,Skincare Set,Beauty,14,45,5,Khulna,598.5,2024,2,24,5,1
2024-02-25,Laptop,Electronics,3,850,0,Sylhet,2550.0,2024,2,25,6,1
2024-02-25,Smartphone,Electronics,5,500,10,Chattogram,2250.0,2024,2,25,6,1
2024-02-25,Headphones,Electronics,14,80,5,Khulna,1064.0,2024,2,25,6,1
2024-02-25,T-Shirt,Fashion,9,25,0,Chattogram,225.0,2024,2,25,6,1
2024-02-25,Sneakers,Fashion,11,60,5,Dhaka,627.0,2024,2,25,6,1
2024-02-25,Backpack,Fashion,13,40,5,Sylhet,494.0,2024,2,25,6,1
2024-02-25,Coffee Maker,Home & Kitchen,8,90,0,Sylhet,720.0,2024,2,25,6,1
2024-02-25,Blender,Home & Kitchen,7,55,5,Khulna,365.75,2024,2,25,6,1
2024-02-25,Desk Lamp,Home & Kitchen,8,30,0,Sylhet,240.0,2024,2,25,6,1
2024-02-25,Skincare Set,Beauty,11,45,5,Khulna,470.25,2024,2,25,6,1
2024-02-26,Laptop,Electronics,3,850,5,Khulna,2422.5,2024,2,26,0,0
2024-02-26,Smartphone,Electronics,4,500,0,Sylhet,2000.0,2024,2,26,0,0
2024-02-26,Headphones,Electronics,12,80,0,Khulna,960.0,2024,2,26,0,0
2024-02-26,T-Shirt,Fashion,15,25,5,Rajshahi,356.25,2024,2,26,0,0
2024-02-26,Sneakers,Fashion,4,60,0,Sylhet,240.0,2024,2,26,0,0
2024-02-26,Backpack,Fashion,6,40,0,Chattogram,240.0,2024,2,26,0,0
2024-02-26,Coffee Maker,Home & Kitchen,4,90,5,Dhaka,342.0,2024,2,26,0,0
2024-02-26,Blender,Home & Kitchen,11,55,10,Chattogram,544.5,2024,2,26,0,0
2024-02-26,Desk Lamp,Home & Kitchen,12,30,0,Dhaka,360.0,2024,2,26,0,0
2024-02-26,Skincare Set,Beauty,5,45,0,Dhaka,225.0,2024,2,26,0,0
2024-02-27,Laptop,Electronics,3,850,0,Dhaka,2550.0,2024,2,27,1,0
2024-02-27,Smartphone,Electronics,9,500,0,Khulna,4500.0,2024,2,27,1,0
2024-02-27,Headphones,Electronics,3,80,5,Dhaka,228.0,2024,2,27,1,0
2024-02-27,T-Shirt,Fashion,13,25,0,Rajshahi,325.0,2024,2,27,1,0
2024-02-27,Sneakers,Fashion,13,60,10,Chattogram,702.0,2024,2,27,1,0
2024-02-27,Backpack,Fashion,9,40,15,Dhaka,306.0,2024,2,27,1,0
2024-02-27,Coffee Maker,Home & Kitchen,7,90,0,Sylhet,630.0,2024,2,27,1,0
2024-02-27,Blender,Home & Kitchen,13,55,0,Chattogram,715.0,2024,2,27,1,0
2024-02-27,Desk Lamp,Home & Kitchen,9,30,0,Sylhet,270.0,2024,2,27,1,0
2024-02-27,Skincare Set,Beauty,9,45,10,Sylhet,364.5,2024,2,27,1,0
2024-02-28,Laptop,Electronics,4,850,10,Rajshahi,3060.0,2024,2,28,2,0
2024-02-28,Smartphone,Electronics,5,500,5,Dhaka,2375.0,2024,2,28,2,0
2024-02-28,Headphones,Electronics,12,80,10,Rajshahi,864.0,2024,2,28,2,0
2024-02-28,T-Shirt,Fashion,12,25,5,Khulna,285.0,2024,2,28,2,0
2024-02-28,Sneakers,Fashion,10,60,15,Chattogram,510.0,2024,2,28,2,0
2024-02-28,Backpack,Fashion,10,40,0,Dhaka,400.0,2024,2,28,2,0
2024-02-28,Coffee Maker,Home & Kitchen,3,90,0,Chattogram,270.0,2024,2,28,2,0
2024-02-28,Blender,Home & Kitchen,8,55,0,Khulna,440.0,2024,2,28,2,0
2024-02-28,Desk Lamp,Home & Kitchen,11,30,5,Khulna,313.5,2024,2,28,2,0
2024-02-28,Skincare Set,Beauty,12,45,10,Dhaka,486.0,2024,2,28,2,0
2024-02-29,Laptop,Electronics,2,850,0,Dhaka,1700.0,2024,2,29,3,0
2024-02-29,Smartphone,Electronics,4,500,15,Khulna,1700.0,2024,2,29,3,0
2024-02-29,Headphones,Electronics,5,80,10,Chattogram,360.0,2024,2,29,3,0
2024-02-29,T-Shirt,Fashion,9,25,0,Chattogram,225.0,2024,2,29,3,0
2024-02-29,Sneakers,Fashion,7,60,5,Rajshahi,399.0,2024,2,29,3,0
2024-02-29,Backpack,Fashion,7,40,10,Sylhet,252.0,2024,2,29,3,0
2024-02-29,Coffee Maker,Home & Kitchen,4,90,5,Chattogram,342.0,2024,2,29,3,0
2024-02-29,Blender,Home & Kitchen,13,55,0,Rajshahi,715.0,2024,2,29,3,0
2024-02-29,Desk Lamp,Home & Kitchen,9,30,10,Sylhet,243.0,2024,2,29,3,0
2024-02-29,Skincare Set,Beauty,4,45,0,Khulna,180.0,2024,2,29,3,0
2024-03-01,Laptop,Electronics,3,850,10,Chattogram,2295.0,2024,3,1,4,0
2024-03-01,Smartphone,Electronics,4,500,0,Sylhet,2000.0,2024,3,1,4,0
2024-03-01,Headphones,Electronics,6,80,0,Dhaka,480.0,2024,3,1,4,0
2024-03-01,T-Shirt,Fashion,19,25,0,Khulna,475.0,2024,3,1,4,0
2024-03-01,Sneakers,Fashion,4,60,5,Sylhet,228.0,2024,3,1,4,0
2024-03-01,Backpack,Fashion,8,40,10,Khulna,288.0,2024,3,1,4,0
2024-03-01,Coffee Maker,Home & Kitchen,7,90,0,Dhaka,630.0,2024,3,1,4,0
2024-03-01,Blender,Home & Kitchen,6,55,0,Dhaka,330.0,2024,3,1,4,0
2024-03-01,Desk Lamp,Home & Kitchen,12,30,5,Khulna,342.0,2024,3,1,4,0
2024-03-01,Skincare Set,Beauty,12,45,0,Chattogram,540.0,2024,3,1,4,0
2024-03-02,Laptop,Electronics,12,850,5,Rajshahi,9690.0,2024,3,2,5,1
2024-03-02,Smartphone,Electronics,6,500,0,Sylhet,3000.0,2024,3,2,5,1
2024-03-02,Headphones,Electronics,8,80,5,Chattogram,608.0,2024,3,2,5,1
2024-03-02,T-Shirt,Fashion,10,25,0,Dhaka,250.0,2024,3,2,5,1
2024-03-02,Sneakers,Fashion,5,60,5,Dhaka,285.0,2024,3,2,5,1
2024-03-02,Backpack,Fashion,6,40,0,Dhaka,240.0,2024,3,2,5,1
2024-03-02,Coffee Maker,Home & Kitchen,6,90,0,Chattogram,540.0,2024,3,2,5,1
2024-03-02,Blender,Home & Kitchen,12,55,5,Sylhet,627.0,2024,3,2,5,1
2024-03-02,Desk Lamp,Home & Kitchen,11,30,0,Rajshahi,330.0,2024,3,2,5,1
2024-03-02,Skincare Set,Beauty,11,45,0,Rajshahi,495.0,2024,3,2,5,1
2024-03-03,Laptop,Electronics,5,850,5,Sylhet,4037.5,2024,3,3,6,1
2024-03-03,Smartphone,Electronics,9,500,0,Chattogram,4500.0,2024,3,3,6,1
2024-03-03,Headphones,Electronics,10,80,0,Rajshahi,800.0,2024,3,3,6,1
2024-03-03,T-Shirt,Fashion,15,25,5,Sylhet,356.25,2024,3,3,6,1
2024-03-03,Sneakers,Fashion,6,60,0,Chattogram,360.0,2024,3,3,6,1
2024-03-03,Backpack,Fashion,10,40,0,Rajshahi,400.0,2024,3,3,6,1
2024-03-03,Coffee Maker,Home & Kitchen,6,90,5,Khulna,513.0,2024,3,3,6,1
2024-03-03,Blender,Home & Kitchen,13,55,5,Rajshahi,679.25,2024,3,3,6,1
2024-03-03,Desk Lamp,Home & Kitchen,14,30,10,Sylhet,378.0,2024,3,3,6,1
2024-03-03,Skincare Set,Beauty,16,45,0,Sylhet,720.0,2024,3,3,6,1
2024-03-04,Laptop,Electronics,4,850,5,Sylhet,3230.0,2024,3,4,0,0
2024-03-04,Smartphone,Electronics,2,500,0,Sylhet,1000.0,2024,3,4,0,0
2024-03-04,Headphones,Electronics,16,80,5,Chattogram,1216.0,2024,3,4,0,0
2024-03-04,T-Shirt,Fashion,14,25,10,Dhaka,315.0,2024,3,4,0,0
2024-03-04,Sneakers,Fashion,6,60,10,Khulna,324.0,2024,3,4,0,0
2024-03-04,Backpack,Fashion,15,40,5,Khulna,570.0,2024,3,4,0,0
2024-03-04,Coffee Maker,Home & Kitchen,5,90,0,Rajshahi,450.0,2024,3,4,0,0
2024-03-04,Blender,Home & Kitchen,7,55,10,Dhaka,346.5,2024,3,4,0,0
2024-03-04,Desk Lamp,Home & Kitchen,5,30,5,Khulna,142.5,2024,3,4,0,0
2024-03-04,Skincare Set,Beauty,12,45,5,Dhaka,513.0,2024,3,4,0,0
2024-03-05,Laptop,Electronics,1,850,0,Rajshahi,850.0,2024,3,5,1,0
2024-03-05,Smartphone,Electronics,4,500,0,Sylhet,2000.0,2024,3,5,1,0
2024-03-05,Headphones,Electronics,9,80,10,Khulna,648.0,2024,3,5,1,0
2024-03-05,T-Shirt,Fashion,11,25,5,Khulna,261.25,2024,3,5,1,0
2024-03-05,Sneakers,Fashion,7,60,0,Rajshahi,420.0,2024,3,5,1,0
2024-03-05,Backpack,Fashion,10,40,15,Rajshahi,340.0,2024,3,5,1,0
2024-03-05,Coffee Maker,Home & Kitchen,5,90,10,Khulna,405.0,2024,3,5,1,0
2024-03-05,Blender,Home & Kitchen,8,55,0,Chattogram,440.0,2024,3,5,1,0
2024-03-05,Desk Lamp,Home & Kitchen,10,30,10,Rajshahi,270.0,2024,3,5,1,0
2024-03-05,Skincare Set,Beauty,7,45,10,Sylhet,283.5,2024,3,5,1,0
2024-03-06,Laptop,Electronics,2,850,10,Chattogram,1530.0,2024,3,6,2,0
2024-03-06,Smartphone,Electronics,5,500,5,Rajshahi,2375.0,2024,3,6,2,0
2024-03-06,Headphones,Electronics,12,80,0,Khulna,960.0,2024,3,6,2,0
2024-03-06,T-Shirt,Fashion,11,25,5,Khulna,261.25,2024,3,6,2,0
2024-03-06,Sneakers,Fashion,5,60,0,Rajshahi,300.0,2024,3,6,2,0
2024-03-06,Backpack,Fashion,8,40,0,Chattogram,320.0,2024,3,6,2,0
2024-03-06,Coffee Maker,Home & Kitchen,5,90,5,Khulna,427.5,2024,3,6,2,0
2024-03-06,Blender,Home & Kitchen,6,55,10,Rajshahi,297.0,2024,3,6,2,0
2024-03-06,Desk Lamp,Home & Kitchen,4,30,10,Rajshahi,108.0,2024,3,6,2,0
2024-03-06,Skincare Set,Beauty,12,45,0,Khulna,540.0,2024,3,6,2,0
2024-03-07,Laptop,Electronics,4,850,0,Dhaka,3400.0,2024,3,7,3,0
2024-03-07,Smartphone,Electronics,5,500,0,Chattogram,2500.0,2024,3,7,3,0
2024-03-07,Headphones,Electronics,11,80,0,Chattogram,880.0,2024,3,7,3,0
2024-03-07,T-Shirt,Fashion,16,25,5,Dhaka,380.0,2024,3,7,3,0
2024-03-07,Sneakers,Fashion,11,60,0,Dhaka,660.0,2024,3,7,3,0
2024-03-07,Backpack,Fashion,10,40,10,Rajshahi,360.0,2024,3,7,3,0
2024-03-07,Coffee Maker,Home & Kitchen,5,90,10,Dhaka,405.0,2024,3,7,3,0
2024-03-07,Blender,Home & Kitchen,7,55,5,Rajshahi,365.75,2024,3,7,3,0
2024-03-07,Desk Lamp,Home & Kitchen,10,30,0,Chattogram,300.0,2024,3,7,3,0
2024-03-07,Skincare Set,Beauty,9,45,5,Chattogram,384.75,2024,3,7,3,0
2024-03-08,Laptop,Electronics,3,850,5,Rajshahi,2422.5,2024,3,8,4,0
2024-03-08,Smartphone,Electronics,3,500,15,Chattogram,1275.0,2024,3,8,4,0
2024-03-08,Headphones,Electronics,10,80,0,Sylhet,800.0,2024,3,8,4,0
2024-03-08,T-Shirt,Fashion,17,25,0,Dhaka,425.0,2024,3,8,4,0
2024-03-08,Sneakers,Fashion,10,60,5,Dhaka,570.0,2024,3,8,4,0
2024-03-08,Backpack,Fashion,7,40,15,Dhaka,238.0,2024,3,8,4,0
2024-03-08,Coffee Maker,Home & Kitchen,3,90,0,Rajshahi,270.0,2024,3,8,4,0
2024-03-08,Blender,Home & Kitchen,7,55,0,Sylhet,385.0,2024,3,8,4,0
2024-03-08,Desk Lamp,Home & Kitchen,12,30,5,Sylhet,342.0,2024,3,8,4,0
2024-03-08,Skincare Set,Beauty,10,45,5,Dhaka,427.5,2024,3,8,4,0
2024-03-09,Laptop,Electronics,4,850,0,Rajshahi,3400.0,2024,3,9,5,1
2024-03-09,Smartphone,Electronics,11,500,15,Dhaka,4675.0,2024,3,9,5,1
2024-03-09,Headphones,Electronics,12,80,10,Khulna,864.0,2024,3,9,5,1
2024-03-09,T-Shirt,Fashion,12,25,10,Dhaka,270.0,2024,3,9,5,1
2024-03-09,Sneakers,Fashion,7,60,0,Dhaka,420.0,2024,3,9,5,1
2024-03-09,Backpack,Fashion,15,40,5,Chattogram,570.0,2024,3,9,5,1
2024-03-09,Coffee Maker,Home & Kitchen,7,90,0,Rajshahi,630.0,2024,3,9,5,1
2024-03-09,Blender,Home & Kitchen,7,55,5,Rajshahi,365.75,2024,3,9,5,1
2024-03-09,Desk Lamp,Home & Kitchen,15,30,10,Rajshahi,405.0,2024,3,9,5,1
2024-03-09,Skincare Set,Beauty,11,45,15,Rajshahi,420.75,2024,3,9,5,1
2024-03-10,Laptop,Electronics,4,850,15,Chattogram,2890.0,2024,3,10,6,1
2024-03-10,Smartphone,Electronics,6,500,0,Sylhet,3000.0,2024,3,10,6,1
2024-03-10,Headphones,Electronics,14,80,10,Khulna,1008.0,2024,3,10,6,1
2024-03-10,T-Shirt,Fashion,14,25,0,Chattogram,350.0,2024,3,10,6,1
2024-03-10,Sneakers,Fashion,10,60,0,Dhaka,600.0,2024,3,10,6,1
2024-03-10,Backpack,Fashion,13,40,0,Rajshahi,520.0,2024,3,10,6,1
2024-03-10,Coffee Maker,Home & Kitchen,2,90,0,Dhaka,180.0,2024,3,10,6,1
2024-03-10,Blender,Home & Kitchen,14,55,0,Dhaka,770.0,2024,3,10,6,1
2024-03-10,Desk Lamp,Home & Kitchen,9,30,5,Khulna,256.5,2024,3,10,6,1
2024-03-10,Skincare Set,Beauty,9,45,0,Khulna,405.0,2024,3,10,6,1
2024-03-11,Laptop,Electronics,2,850,5,Sylhet,1615.0,2024,3,11,0,0
2024-03-11,Smartphone,Electronics,4,500,0,Dhaka,2000.0,2024,3,11,0,0
2024-03-11,Headphones,Electronics,8,80,5,Khulna,608.0,2024,3,11,0,0
2024-03-11,T-Shirt,Fashion,15,25,0,Rajshahi,375.0,2024,3,11,0,0
2024-03-11,Sneakers,Fashion,8,60,0,Sylhet,480.0,2024,3,11,0,0
2024-03-11,Backpack,Fashion,8,40,0,Dhaka,320.0,2024,3,11,0,0
2024-03-11,Coffee Maker,Home & Kitchen,7,90,0,Chattogram,630.0,2024,3,11,0,0
2024-03-11,Blender,Home & Kitchen,11,55,10,Khulna,544.5,2024,3,11,0,0
2024-03-11,Desk Lamp,Home & Kitchen,13,30,10,Sylhet,351.0,2024,3,11,0,0
2024-03-11,Skincare Set,Beauty,8,45,5,Sylhet,342.0,2024,3,11,0,0
2024-03-12,Laptop,Electronics,1,850,0,Chattogram,850.0,2024,3,12,1,0
2024-03-12,Smartphone,Electronics,13,500,0,Khulna,6500.0,2024,3,12,1,0
2024-03-12,Headphones,Electronics,13,80,5,Khulna,988.0,2024,3,12,1,0
2024-03-12,T-Shirt,Fashion,16,25,0,Khulna,400.0,2024,3,12,1,0
2024-03-12,Sneakers,Fashion,14,60,0,Khulna,840.0,2024,3,12,1,0
2024-03-12,Backpack,Fashion,8,40,10,Rajshahi,288.0,2024,3,12,1,0
2024-03-12,Coffee Maker,Home & Kitchen,5,90,0,Khulna,450.0,2024,3,12,1,0
2024-03-12,Blender,Home & Kitchen,8,55,0,Chattogram,440.0,2024,3,12,1,0
2024-03-12,Desk Lamp,Home & Kitchen,7,30,0,Dhaka,210.0,2024,3,12,1,0
2024-03-12,Skincare Set,Beauty,12,45,10,Chattogram,486.0,2024,3,12,1,0
2024-03-13,Laptop,Electronics,4,850,0,Chattogram,3400.0,2024,3,13,2,0
2024-03-13,Smartphone,Electronics,5,500,5,Sylhet,2375.0,2024,3,13,2,0
2024-03-13,Headphones,Electronics,7,80,15,Sylhet,476.0,2024,3,13,2,0
2024-03-13,T-Shirt,Fashion,15,25,0,Khulna,375.0,2024,3,13,2,0
2024-03-13,Sneakers,Fashion,7,60,0,Dhaka,420.0,2024,3,13,2,0
2024-03-13,Backpack,Fashion,8,40,0,Sylhet,320.0,2024,3,13,2,0
2024-03-13,Coffee Maker,Home & Kitchen,6,90,5,Rajshahi,513.0,2024,3,13,2,0
2024-03-13,Blender,Home & Kitchen,6,55,5,Dhaka,313.5,2024,3,13,2,0
2024-03-13,Desk Lamp,Home & Kitchen,12,30,5,Sylhet,342.0,2024,3,13,2,0
2024-03-13,Skincare Set,Beauty,12,45,0,Khulna,540.0,2024,3,13,2,0
2024-03-14,Laptop,Electronics,1,850,5,Chattogram,807.5,2024,3,14,3,0
2024-03-14,Smartphone,Electronics,6,500,0,Khulna,3000.0,2024,3,14,3,0
2024-03-14,Headphones,Electronics,11,80,0,Dhaka,880.0,2024,3,14,3,0
2024-03-14,T-Shirt,Fashion,16,25,0,Sylhet,400.0,2024,3,14,3,0
2024-03-14,Sneakers,Fashion,8,60,5,Rajshahi,456.0,2024,3,14,3,0
2024-03-14,Backpack,Fashion,12,40,0,Chattogram,480.0,2024,3,14,3,0
2024-03-14,Coffee Maker,Home & Kitchen,6,90,0,Chattogram,540.0,2024,3,14,3,0
2024-03-14,Blender,Home & Kitchen,6,55,0,Dhaka,330.0,2024,3,14,3,0
2024-03-14,Desk Lamp,Home & Kitchen,17,30,15,Rajshahi,433.5,2024,3,14,3,0
2024-03-14,Skincare Set,Beauty,11,45,5,Khulna,470.25,2024,3,14,3,0
2024-03-15,Laptop,Electronics,2,850,10,Sylhet,1530.0,2024,3,15,4,0
2024-03-15,Smartphone,Electronics,5,500,5,Dhaka,2375.0,2024,3,15,4,0
2024-03-15,Headphones,Electronics,8,80,5,Khulna,608.0,2024,3,15,4,0
2024-03-15,T-Shirt,Fashion,16,25,0,Sylhet,400.0,2024,3,15,4,0
2024-03-15,Sneakers,Fashion,6,60,0,Khulna,360.0,2024,3,15,4,0
2024-03-15,Backpack,Fashion,9,40,0,Khulna,360.0,2024,3,15,4,0
2024-03-15,Coffee Maker,Home & Kitchen,8,90,0,Sylhet,720.0,2024,3,15,4,0
2024-03-15,Blender,Home & Kitchen,4,55,0,Rajshahi,220.0,2024,3,15,4,0
2024-03-15,Desk Lamp,Home & Kitchen,11,30,5,Chattogram,313.5,2024,3,15,4,0
2024-03-15,Skincare Set,Beauty,9,45,0,Khulna,405.0,2024,3,15,4,0
2024-03-16,Laptop,Electronics,5,850,10,Chattogram,3825.0,2024,3,16,5,1
2024-03-16,Smartphone,Electronics,8,500,0,Chattogram,4000.0,2024,3,16,5,1
2024-03-16,Headphones,Electronics,12,80,5,Khulna,912.0,2024,3,16,5,1
2024-03-16,T-Shirt,Fashion,20,25,0,Chattogram,500.0,2024,3,16,5,1
2024-03-16,Sneakers,Fashion,8,60,5,Rajshahi,456.0,2024,3,16,5,1
2024-03-16,Backpack,Fashion,16,40,0,Chattogram,640.0,2024,3,16,5,1
2024-03-16,Coffee Maker,Home & Kitchen,6,90,0,Dhaka,540.0,2024,3,16,5,1
2024-03-16,Blender,Home & Kitchen,11,55,0,Rajshahi,605.0,2024,3,16,5,1
2024-03-16,Desk Lamp,Home & Kitchen,15,30,15,Chattogram,382.5,2024,3,16,5,1
2024-03-16,Skincare Set,Beauty,10,45,10,Sylhet,405.0,2024,3,16,5,1
2024-03-17,Laptop,Electronics,0,850,0,Sylhet,0.0,2024,3,17,6,1
2024-03-17,Smartphone,Electronics,5,500,0,Chattogram,2500.0,2024,3,17,6,1
2024-03-17,Headphones,Electronics,11,80,0,Rajshahi,880.0,2024,3,17,6,1
2024-03-17,T-Shirt,Fashion,12,25,5,Khulna,285.0,2024,3,17,6,1
2024-03-17,Sneakers,Fashion,6,60,0,Rajshahi,360.0,2024,3,17,6,1
2024-03-17,Backpack,Fashion,10,40,5,Dhaka,380.0,2024,3,17,6,1
2024-03-17,Coffee Maker,Home & Kitchen,8,90,0,Dhaka,720.0,2024,3,17,6,1
2024-03-17,Blender,Home & Kitchen,9,55,10,Khulna,445.5,2024,3,17,6,1
2024-03-17,Desk Lamp,Home & Kitchen,8,30,0,Rajshahi,240.0,2024,3,17,6,1
2024-03-17,Skincare Set,Beauty,11,45,5,Chattogram,470.25,2024,3,17,6,1
2024-03-18,Laptop,Electronics,3,850,5,Dhaka,2422.5,2024,3,18,0,0
2024-03-18,Smartphone,Electronics,3,500,0,Chattogram,1500.0,2024,3,18,0,0
2024-03-18,Headphones,Electronics,5,80,0,Dhaka,400.0,2024,3,18,0,0
2024-03-18,T-Shirt,Fashion,18,25,10,Rajshahi,405.0,2024,3,18,0,0
2024-03-18,Sneakers,Fashion,6,60,5,Dhaka,342.0,2024,3,18,0,0
2024-03-18,Backpack,Fashion,9,40,0,Chattogram,360.0,2024,3,18,0,0
2024-03-18,Coffee Maker,Home & Kitchen,11,90,5,Dhaka,940.5,2024,3,18,0,0
2024-03-18,Blender,Home & Kitchen,9,55,0,Rajshahi,495.0,2024,3,18,0,0
2024-03-18,Desk Lamp,Home & Kitchen,6,30,5,Sylhet,171.0,2024,3,18,0,0
2024-03-18,Skincare Set,Beauty,8,45,5,Khulna,342.0,2024,3,18,0,0
2024-03-19,Laptop,Electronics,3,850,0,Chattogram,2550.0,2024,3,19,1,0
2024-03-19,Smartphone,Electronics,4,500,0,Chattogram,2000.0,2024,3,19,1,0
2024-03-19,Headphones,Electronics,11,80,0,Chattogram,880.0,2024,3,19,1,0
2024-03-19,T-Shirt,Fashion,14,25,5,Chattogram,332.5,2024,3,19,1,0
2024-03-19,Sneakers,Fashion,8,60,5,Sylhet,456.0,2024,3,19,1,0
2024-03-19,Backpack,Fashion,4,40,0,Rajshahi,160.0,2024,3,19,1,0
2024-03-19,Coffee Maker,Home & Kitchen,6,90,5,Chattogram,513.0,2024,3,19,1,0
2024-03-19,Blender,Home & Kitchen,7,55,0,Rajshahi,385.0,2024,3,19,1,0
2024-03-19,Desk Lamp,Home & Kitchen,8,30,5,Sylhet,228.0,2024,3,19,1,0
2024-03-19,Skincare Set,Beauty,15,45,5,Dhaka,641.25,2024,3,19,1,0
2024-03-20,Laptop,Electronics,4,850,0,Dhaka,3400.0,2024,3,20,2,0
2024-03-20,Smartphone,Electronics,5,500,10,Khulna,2250.0,2024,3,20,2,0
2024-03-20,Headphones,Electronics,14,80,0,Sylhet,1120.0,2024,3,20,2,0
2024-03-20,T-Shirt,Fashion,16,25,0,Chattogram,400.0,2024,3,20,2,0
2024-03-20,Sneakers,Fashion,2,60,15,Chattogram,102.0,2024,3,20,2,0
2024-03-20,Backpack,Fashion,8,40,10,Chattogram,288.0,2024,3,20,2,0
2024-03-20,Coffee Maker,Home & Kitchen,7,90,0,Chattogram,630.0,2024,3,20,2,0
2024-03-20,Blender,Home & Kitchen,8,55,0,Dhaka,440.0,2024,3,20,2,0
2024-03-20,Desk Lamp,Home & Kitchen,17,30,5,Chattogram,484.5,2024,3,20,2,0
2024-03-20,Skincare Set,Beauty,7,45,15,Sylhet,267.75,2024,3,20,2,0
2024-03-21,Laptop,Electronics,3,850,0,Dhaka,2550.0,2024,3,21,3,0
2024-03-21,Smartphone,Electronics,5,500,10,Sylhet,2250.0,2024,3,21,3,0
2024-03-21,Headphones,Electronics,10,80,0,Rajshahi,800.0,2024,3,21,3,0
2024-03-21,T-Shirt,Fashion,18,25,5,Chattogram,427.5,2024,3,21,3,0
2024-03-21,Sneakers,Fashion,10,60,5,Khulna,570.0,2024,3,21,3,0
2024-03-21,Backpack,Fashion,13,40,5,Dhaka,494.0,2024,3,21,3,0
2024-03-21,Coffee Maker,Home & Kitchen,10,90,0,Sylhet,900.0,2024,3,21,3,0
2024-03-21,Blender,Home & Kitchen,4,55,5,Rajshahi,209.0,2024,3,21,3,0
2024-03-21,Desk Lamp,Home & Kitchen,17,30,10,Khulna,459.0,2024,3,21,3,0
2024-03-21,Skincare Set,Beauty,11,45,0,Chattogram,495.0,2024,3,21,3,0
2024-03-22,Laptop,Electronics,2,850,5,Chattogram,1615.0,2024,3,22,4,0
2024-03-22,Smartphone,Electronics,7,500,5,Dhaka,3325.0,2024,3,22,4,0
2024-03-22,Headphones,Electronics,10,80,0,Sylhet,800.0,2024,3,22,4,0
2024-03-22,T-Shirt,Fashion,16,25,5,Rajshahi,380.0,2024,3,22,4,0
2024-03-22,Sneakers,Fashion,6,60,10,Sylhet,324.0,2024,3,22,4,0
2024-03-22,Backpack,Fashion,12,40,5,Dhaka,456.0,2024,3,22,4,0
2024-03-22,Coffee Maker,Home & Kitchen,5,90,10,Khulna,405.0,2024,3,22,4,0
2024-03-22,Blender,Home & Kitchen,8,55,5,Khulna,418.0,2024,3,22,4,0
2024-03-22,Desk Lamp,Home & Kitchen,16,30,0,Dhaka,480.0,2024,3,22,4,0
2024-03-22,Skincare Set,Beauty,12,45,5,Rajshahi,513.0,2024,3,22,4,0
2024-03-23,Laptop,Electronics,6,850,0,Rajshahi,5100.0,2024,3,23,5,1
2024-03-23,Smartphone,Electronics,4,500,15,Rajshahi,1700.0,2024,3,23,5,1
2024-03-23,Headphones,Electronics,10,80,0,Dhaka,800.0,2024,3,23,5,1
2024-03-23,T-Shirt,Fashion,19,25,0,Chattogram,475.0,2024,3,23,5,1
2024-03-23,Sneakers,Fashion,8,60,10,Sylhet,432.0,2024,3,23,5,1
2024-03-23,Backpack,Fashion,10,40,0,Sylhet,400.0,2024,3,23,5,1
2024-03-23,Coffee Maker,Home & Kitchen,8,90,5,Chattogram,684.0,2024,3,23,5,1
2024-03-23,Blender,Home & Kitchen,10,55,15,Rajshahi,467.5,2024,3,23,5,1
2024-03-23,Desk Lamp,Home & Kitchen,10,30,0,Dhaka,300.0,2024,3,23,5,1
2024-03-23,Skincare Set,Beauty,12,45,10,Khulna,486.0,2024,3,23,5,1
2024-03-24,Laptop,Electronics,5,850,5,Sylhet,4037.5,2024,3,24,6,1
2024-03-24,Smartphone,Electronics,10,500,5,Chattogram,4750.0,2024,3,24,6,1
2024-03-24,Headphones,Electronics,16,80,5,Dhaka,1216.0,2024,3,24,6,1
2024-03-24,T-Shirt,Fashion,13,25,5,Dhaka,308.75,2024,3,24,6,1
2024-03-24,Sneakers,Fashion,11,60,0,Rajshahi,660.0,2024,3,24,6,1
2024-03-24,Backpack,Fashion,11,40,10,Khulna,396.0,2024,3,24,6,1
2024-03-24,Coffee Maker,Home & Kitchen,10,90,5,Khulna,855.0,2024,3,24,6,1
2024-03-24,Blender,Home & Kitchen,7,55,10,Chattogram,346.5,2024,3,24,6,1
2024-03-24,Desk Lamp,Home & Kitchen,23,30,5,Dhaka,655.5,2024,3,24,6,1
2024-03-24,Skincare Set,Beauty,12,45,0,Chattogram,540.0,2024,3,24,6,1
2024-03-25,Laptop,Electronics,4,850,5,Dhaka,3230.0,2024,3,25,0,0
2024-03-25,Smartphone,Electronics,5,500,5,Dhaka,2375.0,2024,3,25,0,0
2024-03-25,Headphones,Electronics,12,80,0,Rajshahi,960.0,2024,3,25,0,0
2024-03-25,T-Shirt,Fashion,16,25,0,Chattogram,400.0,2024,3,25,0,0
2024-03-25,Sneakers,Fashion,3,60,5,Rajshahi,171.0,2024,3,25,0,0
2024-03-25,Backpack,Fashion,12,40,0,Sylhet,480.0,2024,3,25,0,0
2024-03-25,Coffee Maker,Home & Kitchen,7,90,0,Dhaka,630.0,2024,3,25,0,0
2024-03-25,Blender,Home & Kitchen,8,55,10,Dhaka,396.0,2024,3,25,0,0
2024-03-25,Desk Lamp,Home & Kitchen,3,30,0,Dhaka,90.0,2024,3,25,0,0
2024-03-25,Skincare Set,Beauty,9,45,0,Sylhet,405.0,2024,3,25,0,0
2024-03-26,Laptop,Electronics,6,850,0,Rajshahi,5100.0,2024,3,26,1,0
2024-03-26,Smartphone,Electronics,7,500,5,Khulna,3325.0,2024,3,26,1,0
2024-03-26,Headphones,Electronics,10,80,0,Sylhet,800.0,2024,3,26,1,0
2024-03-26,T-Shirt,Fashion,16,25,5,Sylhet,380.0,2024,3,26,1,0
2024-03-26,Sneakers,Fashion,9,60,0,Chattogram,540.0,2024,3,26,1,0
2024-03-26,Backpack,Fashion,8,40,0,Rajshahi,320.0,2024,3,26,1,0
2024-03-26,Coffee Maker,Home & Kitchen,4,90,5,Rajshahi,342.0,2024,3,26,1,0
2024-03-26,Blender,Home & Kitchen,10,55,0,Chattogram,550.0,2024,3,26,1,0
2024-03-26,Desk Lamp,Home & Kitchen,12,30,0,Sylhet,360.0,2024,3,26,1,0
2024-03-26,Skincare Set,Beauty,10,45,10,Chattogram,405.0,2024,3,26,1,0
2024-03-27,Laptop,Electronics,5,850,5,Rajshahi,4037.5,2024,3,27,2,0
2024-03-27,Smartphone,Electronics,6,500,0,Dhaka,3000.0,2024,3,27,2,0
2024-03-27,Headphones,Electronics,15,80,0,Sylhet,1200.0,2024,3,27,2,0
2024-03-27,T-Shirt,Fashion,11,25,5,Dhaka,261.25,2024,3,27,2,0
2024-03-27,Sneakers,Fashion,5,60,10,Khulna,270.0,2024,3,27,2,0
2024-03-27,Backpack,Fashion,8,40,15,Sylhet,272.0,2024,3,27,2,0
2024-03-27,Coffee Maker,Home & Kitchen,11,90,0,Dhaka,990.0,2024,3,27,2,0
2024-03-27,Blender,Home & Kitchen,6,55,5,Dhaka,313.5,2024,3,27,2,0
2024-03-27,Desk Lamp,Home & Kitchen,8,30,0,Dhaka,240.0,2024,3,27,2,0
2024-03-27,Skincare Set,Beauty,11,45,5,Khulna,470.25,2024,3,27,2,0
2024-03-28,Laptop,Electronics,3,850,10,Rajshahi,2295.0,2024,3,28,3,0
2024-03-28,Smartphone,Electronics,5,500,0,Khulna,2500.0,2024,3,28,3,0
2024-03-28,Headphones,Electronics,9,80,5,Chattogram,684.0,2024,3,28,3,0
2024-03-28,T-Shirt,Fashion,15,25,10,Chattogram,337.5,2024,3,28,3,0
2024-03-28,Sneakers,Fashion,8,60,0,Sylhet,480.0,2024,3,28,3,0
2024-03-28,Backpack,Fashion,9,40,5,Sylhet,342.0,2024,3,28,3,0
2024-03-28,Coffee Maker,Home & Kitchen,7,90,10,Sylhet,567.0,2024,3,28,3,0
2024-03-28,Blender,Home & Kitchen,6,55,10,Chattogram,297.0,2024,3,28,3,0
2024-03-28,Desk Lamp,Home & Kitchen,17,30,0,Sylhet,510.0,2024,3,28,3,0
2024-03-28,Skincare Set,Beauty,8,45,5,Chattogram,342.0,2024,3,28,3,0
2024-03-29,Laptop,Electronics,1,850,0,Dhaka,850.0,2024,3,29,4,0
2024-03-29,Smartphone,Electronics,9,500,0,Khulna,4500.0,2024,3,29,4,0
2024-03-29,Headphones,Electronics,12,80,5,Dhaka,912.0,2024,3,29,4,0
2024-03-29,T-Shirt,Fashion,7,25,15,Khulna,148.75,2024,3,29,4,0
2024-03-29,Sneakers,Fashion,7,60,0,Chattogram,420.0,2024,3,29,4,0
2024-03-29,Backpack,Fashion,4,40,0,Rajshahi,160.0,2024,3,29,4,0
2024-03-29,Coffee Maker,Home & Kitchen,6,90,5,Sylhet,513.0,2024,3,29,4,0
2024-03-29,Blender,Home & Kitchen,11,55,5,Rajshahi,574.75,2024,3,29,4,0
2024-03-29,Desk Lamp,Home & Kitchen,9,30,0,Sylhet,270.0,2024,3,29,4,0
2024-03-29,Skincare Set,Beauty,16,45,0,Sylhet,720.0,2024,3,29,4,0
2024-03-30,Laptop,Electronics,5,850,10,Rajshahi,3825.0,2024,3,30,5,1
2024-03-30,Smartphone,Electronics,10,500,10,Chattogram,4500.0,2024,3,30,5,1
2024-03-30,Headphones,Electronics,19,80,0,Chattogram,1520.0,2024,3,30,5,1
2024-03-30,T-Shirt,Fashion,14,25,5,Khulna,332.5,2024,3,30,5,1
2024-03-30,Sneakers,Fashion,8,60,10,Chattogram,432.0,2024,3,30,5,1
2024-03-30,Backpack,Fashion,16,40,0,Khulna,640.0,2024,3,30,5,1
2024-03-30,Coffee Maker,Home & Kitchen,10,90,10,Dhaka,810.0,2024,3,30,5,1
2024-03-30,Blender,Home & Kitchen,7,55,10,Dhaka,346.5,2024,3,30,5,1
2024-03-30,Desk Lamp,Home & Kitchen,8,30,0,Rajshahi,240.0,2024,3,30,5,1
2024-03-30,Skincare Set,Beauty,10,45,5,Dhaka,427.5,2024,3,30,5,1
2024-03-31,Laptop,Electronics,3,850,0,Rajshahi,2550.0,2024,3,31,6,1
2024-03-31,Smartphone,Electronics,8,500,10,Dhaka,3600.0,2024,3,31,6,1
2024-03-31,Headphones,Electronics,10,80,0,Sylhet,800.0,2024,3,31,6,1
2024-03-31,T-Shirt,Fashion,10,25,10,Khulna,225.0,2024,3,31,6,1
2024-03-31,Sneakers,Fashion,8,60,0,Rajshahi,480.0,2024,3,31,6,1
2024-03-31,Backpack,Fashion,12,40,10,Sylhet,432.0,2024,3,31,6,1
2024-03-31,Coffee Maker,Home & Kitchen,2,90,5,Dhaka,171.0,2024,3,31,6,1
2024-03-31,Blender,Home & Kitchen,13,55,0,Rajshahi,715.0,2024,3,31,6,1
2024-03-31,Desk Lamp,Home & Kitchen,17,30,10,Sylhet,459.0,2024,3,31,6,1
2024-03-31,Skincare Set,Beauty,12,45,10,Chattogram,486.0,2024,3,31,6,1
2024-04-01,Laptop,Electronics,4,850,10,Rajshahi,3060.0,2024,4,1,0,0
2024-04-01,Smartphone,Electronics,7,500,0,Rajshahi,3500.0,2024,4,1,0,0
2024-04-01,Headphones,Electronics,8,80,15,Rajshahi,544.0,2024,4,1,0,0
2024-04-01,T-Shirt,Fashion,16,25,5,Dhaka,380.0,2024,4,1,0,0
2024-04-01,Sneakers,Fashion,6,60,0,Chattogram,360.0,2024,4,1,0,0
2024-04-01,Backpack,Fashion,7,40,0,Dhaka,280.0,2024,4,1,0,0
2024-04-01,Coffee Maker,Home & Kitchen,9,90,15,Khulna,688.5,2024,4,1,0,0
2024-04-01,Blender,Home & Kitchen,9,55,10,Rajshahi,445.5,2024,4,1,0,0
2024-04-01,Desk Lamp,Home & Kitchen,13,30,10,Dhaka,351.0,2024,4,1,0,0
2024-04-01,Skincare Set,Beauty,8,45,0,Sylhet,360.0,2024,4,1,0,0
2024-04-02,Laptop,Electronics,4,850,10,Sylhet,3060.0,2024,4,2,1,0
2024-04-02,Smartphone,Electronics,6,500,10,Dhaka,2700.0,2024,4,2,1,0
2024-04-02,Headphones,Electronics,13,80,5,Khulna,988.0,2024,4,2,1,0
2024-04-02,T-Shirt,Fashion,12,25,0,Rajshahi,300.0,2024,4,2,1,0
2024-04-02,Sneakers,Fashion,12,60,15,Sylhet,612.0,2024,4,2,1,0
2024-04-02,Backpack,Fashion,10,40,5,Chattogram,380.0,2024,4,2,1,0
2024-04-02,Coffee Maker,Home & Kitchen,6,90,0,Dhaka,540.0,2024,4,2,1,0
2024-04-02,Blender,Home & Kitchen,11,55,5,Chattogram,574.75,2024,4,2,1,0
2024-04-02,Desk Lamp,Home & Kitchen,9,30,10,Sylhet,243.0,2024,4,2,1,0
2024-04-02,Skincare Set,Beauty,14,45,0,Dhaka,630.0,2024,4,2,1,0
2024-04-03,Laptop,Electronics,3,850,10,Khulna,2295.0,2024,4,3,2,0
2024-04-03,Smartphone,Electronics,9,500,5,Chattogram,4275.0,2024,4,3,2,0
2024-04-03,Headphones,Electronics,5,80,5,Chattogram,380.0,2024,4,3,2,0
2024-04-03,T-Shirt,Fashion,12,25,5,Sylhet,285.0,2024,4,3,2,0
2024-04-03,Sneakers,Fashion,8,60,5,Chattogram,456.0,2024,4,3,2,0
2024-04-03,Backpack,Fashion,16,40,0,Sylhet,640.0,2024,4,3,2,0
2024-04-03,Coffee Maker,Home & Kitchen,5,90,0,Chattogram,450.0,2024,4,3,2,0
2024-04-03,Blender,Home & Kitchen,6,55,10,Dhaka,297.0,2024,4,3,2,0
2024-04-03,Desk Lamp,Home & Kitchen,12,30,5,Dhaka,342.0,2024,4,3,2,0
2024-04-03,Skincare Set,Beauty,12,45,0,Sylhet,540.0,2024,4,3,2,0
2024-04-04,Laptop,Electronics,3,850,0,Rajshahi,2550.0,2024,4,4,3,0
2024-04-04,Smartphone,Electronics,5,500,0,Dhaka,2500.0,2024,4,4,3,0
2024-04-04,Headphones,Electronics,9,80,0,Khulna,720.0,2024,4,4,3,0
2024-04-04,T-Shirt,Fashion,15,25,15,Dhaka,318.75,2024,4,4,3,0
2024-04-04,Sneakers,Fashion,7,60,0,Dhaka,420.0,2024,4,4,3,0
2024-04-04,Backpack,Fashion,8,40,0,Dhaka,320.0,2024,4,4,3,0
2024-04-04,Coffee Maker,Home & Kitchen,6,90,5,Rajshahi,513.0,2024,4,4,3,0
2024-04-04,Blender,Home & Kitchen,8,55,0,Sylhet,440.0,2024,4,4,3,0
2024-04-04,Desk Lamp,Home & Kitchen,12,30,10,Khulna,324.0,2024,4,4,3,0
2024-04-04,Skincare Set,Beauty,11,45,10,Sylhet,445.5,2024,4,4,3,0
2024-04-05,Laptop,Electronics,3,850,5,Sylhet,2422.5,2024,4,5,4,0
2024-04-05,Smartphone,Electronics,10,500,0,Khulna,5000.0,2024,4,5,4,0
2024-04-05,Headphones,Electronics,11,80,0,Khulna,880.0,2024,4,5,4,0
2024-04-05,T-Shirt,Fashion,16,25,0,Chattogram,400.0,2024,4,5,4,0
2024-04-05,Sneakers,Fashion,7,60,5,Chattogram,399.0,2024,4,5,4,0
2024-04-05,Backpack,Fashion,9,40,0,Rajshahi,360.0,2024,4,5,4,0
2024-04-05,Coffee Maker,Home & Kitchen,4,90,0,Chattogram,360.0,2024,4,5,4,0
2024-04-05,Blender,Home & Kitchen,4,55,5,Sylhet,209.0,2024,4,5,4,0
2024-04-05,Desk Lamp,Home & Kitchen,16,30,5,Rajshahi,456.0,2024,4,5,4,0
2024-04-05,Skincare Set,Beauty,12,45,0,Chattogram,540.0,2024,4,5,4,0
2024-04-06,Laptop,Electronics,5,850,5,Khulna,4037.5,2024,4,6,5,1
2024-04-06,Smartphone,Electronics,7,500,10,Dhaka,3150.0,2024,4,6,5,1
2024-04-06,Headphones,Electronics,13,80,10,Rajshahi,936.0,2024,4,6,5,1
2024-04-06,T-Shirt,Fashion,14,25,0,Sylhet,350.0,2024,4,6,5,1
2024-04-06,Sneakers,Fashion,8,60,5,Khulna,456.0,2024,4,6,5,1
2024-04-06,Backpack,Fashion,9,40,0,Rajshahi,360.0,2024,4,6,5,1
2024-04-06,Coffee Maker,Home & Kitchen,11,90,0,Khulna,990.0,2024,4,6,5,1
2024-04-06,Blender,Home & Kitchen,10,55,0,Chattogram,550.0,2024,4,6,5,1
2024-04-06,Desk Lamp,Home & Kitchen,9,30,5,Khulna,256.5,2024,4,6,5,1
2024-04-06,Skincare Set,Beauty,7,45,0,Rajshahi,315.0,2024,4,6,5,1
2024-04-07,Laptop,Electronics,9,850,5,Dhaka,7267.5,2024,4,7,6,1
2024-04-07,Smartphone,Electronics,3,500,5,Sylhet,1425.0,2024,4,7,6,1
2024-04-07,Headphones,Electronics,12,80,5,Rajshahi,912.0,2024,4,7,6,1
2024-04-07,T-Shirt,Fashion,20,25,10,Dhaka,450.0,2024,4,7,6,1
2024-04-07,Sneakers,Fashion,11,60,0,Khulna,660.0,2024,4,7,6,1
2024-04-07,Backpack,Fashion,7,40,0,Chattogram,280.0,2024,4,7,6,1
2024-04-07,Coffee Maker,Home & Kitchen,4,90,10,Sylhet,324.0,2024,4,7,6,1
2024-04-07,Blender,Home & Kitchen,5,55,10,Chattogram,247.5,2024,4,7,6,1
2024-04-07,Desk Lamp,Home & Kitchen,12,30,0,Rajshahi,360.0,2024,4,7,6,1
2024-04-07,Skincare Set,Beauty,14,45,5,Dhaka,598.5,2024,4,7,6,1
2024-04-08,Laptop,Electronics,4,850,5,Dhaka,3230.0,2024,4,8,0,0
2024-04-08,Smartphone,Electronics,6,500,0,Sylhet,3000.0,2024,4,8,0,0
2024-04-08,Headphones,Electronics,13,80,0,Sylhet,1040.0,2024,4,8,0,0
2024-04-08,T-Shirt,Fashion,12,25,0,Dhaka,300.0,2024,4,8,0,0
2024-04-08,Sneakers,Fashion,9,60,0,Khulna,540.0,2024,4,8,0,0
2024-04-08,Backpack,Fashion,8,40,0,Chattogram,320.0,2024,4,8,0,0
2024-04-08,Coffee Maker,Home & Kitchen,8,90,10,Khulna,648.0,2024,4,8,0,0
2024-04-08,Blender,Home & Kitchen,6,55,0,Sylhet,330.0,2024,4,8,0,0
2024-04-08,Desk Lamp,Home & Kitchen,14,30,10,Khulna,378.0,2024,4,8,0,0
2024-04-08,Skincare Set,Beauty,14,45,0,Dhaka,630.0,2024,4,8,0,0
2024-04-09,Laptop,Electronics,1,850,5,Chattogram,807.5,2024,4,9,1,0
2024-04-09,Smartphone,Electronics,9,500,10,Sylhet,4050.0,2024,4,9,1,0
2024-04-09,Headphones,Electronics,11,80,0,Sylhet,880.0,2024,4,9,1,0
2024-04-09,T-Shirt,Fashion,17,25,0,Dhaka,425.0,2024,4,9,1,0
2024-04-09,Sneakers,Fashion,10,60,5,Khulna,570.0,2024,4,9,1,0
2024-04-09,Backpack,Fashion,7,40,15,Dhaka,238.0,2024,4,9,1,0
2024-04-09,Coffee Maker,Home & Kitchen,4,90,0,Sylhet,360.0,2024,4,9,1,0
2024-04-09,Blender,Home & Kitchen,5,55,5,Khulna,261.25,2024,4,9,1,0
2024-04-09,Desk Lamp,Home & Kitchen,5,30,10,Dhaka,135.0,2024,4,9,1,0
2024-04-09,Skincare Set,Beauty,11,45,10,Rajshahi,445.5,2024,4,9,1,0
2024-04-10,Laptop,Electronics,5,850,15,Rajshahi,3612.5,2024,4,10,2,0
2024-04-10,Smartphone,Electronics,6,500,0,Dhaka,3000.0,2024,4,10,2,0
2024-04-10,Headphones,Electronics,10,80,0,Rajshahi,800.0,2024,4,10,2,0
2024-04-10,T-Shirt,Fashion,15,25,5,Dhaka,356.25,2024,4,10,2,0
2024-04-10,Sneakers,Fashion,9,60,10,Dhaka,486.0,2024,4,10,2,0
2024-04-10,Backpack,Fashion,14,40,5,Sylhet,532.0,2024,4,10,2,0
2024-04-10,Coffee Maker,Home & Kitchen,8,90,10,Dhaka,648.0,2024,4,10,2,0
2024-04-10,Blender,Home & Kitchen,5,55,0,Khulna,275.0,2024,4,10,2,0
2024-04-10,Desk Lamp,Home & Kitchen,9,30,15,Sylhet,229.5,2024,4,10,2,0
2024-04-10,Skincare Set,Beauty,8,45,0,Rajshahi,360.0,2024,4,10,2,0
2024-04-11,Laptop,Electronics,5,850,5,Chattogram,4037.5,2024,4,11,3,0
2024-04-11,Smartphone,Electronics,7,500,0,Rajshahi,3500.0,2024,4,11,3,0
2024-04-11,Headphones,Electronics,7,80,0,Khulna,560.0,2024,4,11,3,0
2024-04-11,T-Shirt,Fashion,18,25,10,Dhaka,405.0,2024,4,11,3,0
2024-04-11,Sneakers,Fashion,8,60,5,Chattogram,456.0,2024,4,11,3,0
2024-04-11,Backpack,Fashion,8,40,5,Chattogram,304.0,2024,4,11,3,0
2024-04-11,Coffee Maker,Home & Kitchen,6,90,0,Sylhet,540.0,2024,4,11,3,0
2024-04-11,Blender,Home & Kitchen,5,55,5,Dhaka,261.25,2024,4,11,3,0
2024-04-11,Desk Lamp,Home & Kitchen,12,30,0,Khulna,360.0,2024,4,11,3,0
2024-04-11,Skincare Set,Beauty,7,45,10,Khulna,283.5,2024,4,11,3,0
2024-04-12,Laptop,Electronics,3,850,0,Sylhet,2550.0,2024,4,12,4,0
2024-04-12,Smartphone,Electronics,6,500,10,Khulna,2700.0,2024,4,12,4,0
2024-04-12,Headphones,Electronics,3,80,5,Dhaka,228.0,2024,4,12,4,0
2024-04-12,T-Shirt,Fashion,8,25,10,Sylhet,180.0,2024,4,12,4,0
2024-04-12,Sneakers,Fashion,1,60,5,Dhaka,57.0,2024,4,12,4,0
2024-04-12,Backpack,Fashion,6,40,5,Sylhet,228.0,2024,4,12,4,0
2024-04-12,Coffee Maker,Home & Kitchen,4,90,0,Rajshahi,360.0,2024,4,12,4,0
2024-04-12,Blender,Home & Kitchen,8,55,10,Chattogram,396.0,2024,4,12,4,0
2024-04-12,Desk Lamp,Home & Kitchen,8,30,5,Rajshahi,228.0,2024,4,12,4,0
2024-04-12,Skincare Set,Beauty,12,45,15,Sylhet,459.0,2024,4,12,4,0
2024-04-13,Laptop,Electronics,3,850,0,Chattogram,2550.0,2024,4,13,5,1
2024-04-13,Smartphone,Electronics,8,500,10,Khulna,3600.0,2024,4,13,5,1
2024-04-13,Headphones,Electronics,13,80,0,Sylhet,1040.0,2024,4,13,5,1
2024-04-13,T-Shirt,Fashion,22,25,0,Dhaka,550.0,2024,4,13,5,1
2024-04-13,Sneakers,Fashion,13,60,10,Rajshahi,702.0,2024,4,13,5,1
2024-04-13,Backpack,Fashion,12,40,5,Dhaka,456.0,2024,4,13,5,1
2024-04-13,Coffee Maker,Home & Kitchen,6,90,5,Rajshahi,513.0,2024,4,13,5,1
2024-04-13,Blender,Home & Kitchen,11,55,0,Chattogram,605.0,2024,4,13,5,1
2024-04-13,Desk Lamp,Home & Kitchen,11,30,0,Dhaka,330.0,2024,4,13,5,1
2024-04-13,Skincare Set,Beauty,11,45,0,Khulna,495.0,2024,4,13,5,1
2024-04-14,Laptop,Electronics,3,850,10,Dhaka,2295.0,2024,4,14,6,1
2024-04-14,Smartphone,Electronics,8,500,0,Sylhet,4000.0,2024,4,14,6,1
2024-04-14,Headphones,Electronics,7,80,5,Dhaka,532.0,2024,4,14,6,1
2024-04-14,T-Shirt,Fashion,22,25,5,Rajshahi,522.5,2024,4,14,6,1
2024-04-14,Sneakers,Fashion,9,60,0,Sylhet,540.0,2024,4,14,6,1
2024-04-14,Backpack,Fashion,14,40,0,Chattogram,560.0,2024,4,14,6,1
2024-04-14,Coffee Maker,Home & Kitchen,6,90,0,Chattogram,540.0,2024,4,14,6,1
2024-04-14,Blender,Home & Kitchen,8,55,5,Rajshahi,418.0,2024,4,14,6,1
2024-04-14,Desk Lamp,Home & Kitchen,12,30,0,Khulna,360.0,2024,4,14,6,1
2024-04-14,Skincare Set,Beauty,12,45,15,Rajshahi,459.0,2024,4,14,6,1
2024-04-15,Laptop,Electronics,2,850,0,Chattogram,1700.0,2024,4,15,0,0
2024-04-15,Smartphone,Electronics,4,500,15,Chattogram,1700.0,2024,4,15,0,0
2024-04-15,Headphones,Electronics,12,80,0,Chattogram,960.0,2024,4,15,0,0
2024-04-15,T-Shirt,Fashion,13,25,0,Dhaka,325.0,2024,4,15,0,0
2024-04-15,Sneakers,Fashion,7,60,0,Khulna,420.0,2024,4,15,0,0
2024-04-15,Backpack,Fashion,8,40,0,Khulna,320.0,2024,4,15,0,0
2024-04-15,Coffee Maker,Home & Kitchen,7,90,15,Sylhet,535.5,2024,4,15,0,0
2024-04-15,Blender,Home & Kitchen,9,55,10,Sylhet,445.5,2024,4,15,0,0
2024-04-15,Desk Lamp,Home & Kitchen,12,30,5,Dhaka,342.0,2024,4,15,0,0
2024-04-15,Skincare Set,Beauty,10,45,0,Sylhet,450.0,2024,4,15,0,0
2024-04-16,Laptop,Electronics,4,850,0,Rajshahi,3400.0,2024,4,16,1,0
2024-04-16,Smartphone,Electronics,3,500,10,Dhaka,1350.0,2024,4,16,1,0
2024-04-16,Headphones,Electronics,8,80,0,Rajshahi,640.0,2024,4,16,1,0
2024-04-16,T-Shirt,Fashion,14,25,0,Rajshahi,350.0,2024,4,16,1,0
2024-04-16,Sneakers,Fashion,9,60,0,Dhaka,540.0,2024,4,16,1,0
2024-04-16,Backpack,Fashion,6,40,10,Rajshahi,216.0,2024,4,16,1,0
2024-04-16,Coffee Maker,Home & Kitchen,10,90,15,Khulna,765.0,2024,4,16,1,0
2024-04-16,Blender,Home & Kitchen,7,55,10,Dhaka,346.5,2024,4,16,1,0
2024-04-16,Desk Lamp,Home & Kitchen,7,30,0,Khulna,210.0,2024,4,16,1,0
2024-04-16,Skincare Set,Beauty,14,45,5,Chattogram,598.5,2024,4,16,1,0
2024-04-17,Laptop,Electronics,5,850,0,Khulna,4250.0,2024,4,17,2,0
2024-04-17,Smartphone,Electronics,6,500,5,Chattogram,2850.0,2024,4,17,2,0
2024-04-17,Headphones,Electronics,7,80,0,Khulna,560.0,2024,4,17,2,0
2024-04-17,T-Shirt,Fashion,10,25,0,Rajshahi,250.0,2024,4,17,2,0
2024-04-17,Sneakers,Fashion,10,60,0,Dhaka,600.0,2024,4,17,2,0
2024-04-17,Backpack,Fashion,8,40,0,Khulna,320.0,2024,4,17,2,0
2024-04-17,Coffee Maker,Home & Kitchen,9,90,10,Khulna,729.0,2024,4,17,2,0
2024-04-17,Blender,Home & Kitchen,5,55,10,Sylhet,247.5,2024,4,17,2,0
2024-04-17,Desk Lamp,Home & Kitchen,15,30,10,Sylhet,405.0,2024,4,17,2,0
2024-04-17,Skincare Set,Beauty,9,45,0,Dhaka,405.0,2024,4,17,2,0
2024-04-18,Laptop,Electronics,4,850,5,Khulna,3230.0,2024,4,18,3,0
2024-04-18,Smartphone,Electronics,10,500,0,Sylhet,5000.0,2024,4,18,3,0
2024-04-18,Headphones,Electronics,12,80,0,Rajshahi,960.0,2024,4,18,3,0
2024-04-18,T-Shirt,Fashion,2,25,0,Dhaka,50.0,2024,4,18,3,0
2024-04-18,Sneakers,Fashion,7,60,10,Rajshahi,378.0,2024,4,18,3,0
2024-04-18,Backpack,Fashion,10,40,10,Dhaka,360.0,2024,4,18,3,0
2024-04-18,Coffee Maker,Home & Kitchen,4,90,10,Chattogram,324.0,2024,4,18,3,0
2024-04-18,Blender,Home & Kitchen,7,55,5,Rajshahi,365.75,2024,4,18,3,0
2024-04-18,Desk Lamp,Home & Kitchen,12,30,10,Rajshahi,324.0,2024,4,18,3,0
2024-04-18,Skincare Set,Beauty,11,45,0,Khulna,495.0,2024,4,18,3,0
2024-04-19,Laptop,Electronics,10,850,0,Chattogram,8500.0,2024,4,19,4,0
2024-04-19,Smartphone,Electronics,4,500,0,Sylhet,2000.0,2024,4,19,4,0
2024-04-19,Headphones,Electronics,10,80,0,Rajshahi,800.0,2024,4,19,4,0
2024-04-19,T-Shirt,Fashion,12,25,10,Dhaka,270.0,2024,4,19,4,0
2024-04-19,Sneakers,Fashion,4,60,0,Rajshahi,240.0,2024,4,19,4,0
2024-04-19,Backpack,Fashion,3,40,0,Sylhet,120.0,2024,4,19,4,0
2024-04-19,Coffee Maker,Home & Kitchen,5,90,0,Rajshahi,450.0,2024,4,19,4,0
2024-04-19,Blender,Home & Kitchen,8,55,0,Chattogram,440.0,2024,4,19,4,0
2024-04-19,Desk Lamp,Home & Kitchen,7,30,5,Khulna,199.5,2024,4,19,4,0
2024-04-19,Skincare Set,Beauty,6,45,10,Sylhet,243.0,2024,4,19,4,0
2024-04-20,Laptop,Electronics,7,850,10,Sylhet,5355.0,2024,4,20,5,1
2024-04-20,Smartphone,Electronics,3,500,5,Rajshahi,1425.0,2024,4,20,5,1
2024-04-20,Headphones,Electronics,16,80,0,Chattogram,1280.0,2024,4,20,5,1
2024-04-20,T-Shirt,Fashion,19,25,5,Khulna,451.25,2024,4,20,5,1
2024-04-20,Sneakers,Fashion,10,60,0,Khulna,600.0,2024,4,20,5,1
2024-04-20,Backpack,Fashion,7,40,10,Rajshahi,252.0,2024,4,20,5,1
2024-04-20,Coffee Maker,Home & Kitchen,12,90,5,Rajshahi,1026.0,2024,4,20,5,1
2024-04-20,Blender,Home & Kitchen,9,55,0,Dhaka,495.0,2024,4,20,5,1
2024-04-20,Desk Lamp,Home & Kitchen,12,30,5,Dhaka,342.0,2024,4,20,5,1
2024-04-20,Skincare Set,Beauty,15,45,10,Rajshahi,607.5,2024,4,20,5,1
2024-04-21,Laptop,Electronics,8,850,0,Rajshahi,6800.0,2024,4,21,6,1
2024-04-21,Smartphone,Electronics,6,500,10,Chattogram,2700.0,2024,4,21,6,1
2024-04-21,Headphones,Electronics,12,80,5,Chattogram,912.0,2024,4,21,6,1
2024-04-21,T-Shirt,Fashion,13,25,5,Rajshahi,308.75,2024,4,21,6,1
2024-04-21,Sneakers,Fashion,7,60,0,Rajshahi,420.0,2024,4,21,6,1
2024-04-21,Backpack,Fashion,7,40,0,Rajshahi,280.0,2024,4,21,6,1
2024-04-21,Coffee Maker,Home & Kitchen,7,90,0,Rajshahi,630.0,2024,4,21,6,1
2024-04-21,Blender,Home & Kitchen,5,55,5,Chattogram,261.25,2024,4,21,6,1
2024-04-21,Desk Lamp,Home & Kitchen,18,30,5,Sylhet,513.0,2024,4,21,6,1
2024-04-21,Skincare Set,Beauty,11,45,0,Dhaka,495.0,2024,4,21,6,1
2024-04-22,Laptop,Electronics,6,850,5,Rajshahi,4845.0,2024,4,22,0,0
2024-04-22,Smartphone,Electronics,4,500,0,Rajshahi,2000.0,2024,4,22,0,0
2024-04-22,Headphones,Electronics,10,80,0,Chattogram,800.0,2024,4,22,0,0
2024-04-22,T-Shirt,Fashion,11,25,0,Sylhet,275.0,2024,4,22,0,0
2024-04-22,Sneakers,Fashion,11,60,10,Khulna,594.0,2024,4,22,0,0
2024-04-22,Backpack,Fashion,9,40,0,Sylhet,360.0,2024,4,22,0,0
2024-04-22,Coffee Maker,Home & Kitchen,8,90,0,Rajshahi,720.0,2024,4,22,0,0
2024-04-22,Blender,Home & Kitchen,4,55,5,Sylhet,209.0,2024,4,22,0,0
2024-04-22,Desk Lamp,Home & Kitchen,8,30,0,Chattogram,240.0,2024,4,22,0,0
2024-04-22,Skincare Set,Beauty,9,45,5,Khulna,384.75,2024,4,22,0,0
2024-04-23,Laptop,Electronics,1,850,5,Dhaka,807.5,2024,4,23,1,0
2024-04-23,Smartphone,Electronics,4,500,0,Rajshahi,2000.0,2024,4,23,1,0
2024-04-23,Headphones,Electronics,10,80,0,Dhaka,800.0,2024,4,23,1,0
2024-04-23,T-Shirt,Fashion,10,25,5,Rajshahi,237.5,2024,4,23,1,0
2024-04-23,Sneakers,Fashion,14,60,0,Rajshahi,840.0,2024,4,23,1,0
2024-04-23,Backpack,Fashion,10,40,0,Rajshahi,400.0,2024,4,23,1,0
2024-04-23,Coffee Maker,Home & Kitchen,3,90,0,Dhaka,270.0,2024,4,23,1,0
2024-04-23,Blender,Home & Kitchen,4,55,0,Dhaka,220.0,2024,4,23,1,0
2024-04-23,Desk Lamp,Home & Kitchen,9,30,0,Dhaka,270.0,2024,4,23,1,0
2024-04-23,Skincare Set,Beauty,13,45,0,Rajshahi,585.0,2024,4,23,1,0
2024-04-24,Laptop,Electronics,2,850,0,Khulna,1700.0,2024,4,24,2,0
2024-04-24,Smartphone,Electronics,4,500,0,Rajshahi,2000.0,2024,4,24,2,0
2024-04-24,Headphones,Electronics,13,80,5,Khulna,988.0,2024,4,24,2,0
2024-04-24,T-Shirt,Fashion,17,25,0,Chattogram,425.0,2024,4,24,2,0
2024-04-24,Sneakers,Fashion,4,60,10,Chattogram,216.0,2024,4,24,2,0
2024-04-24,Backpack,Fashion,7,40,5,Chattogram,266.0,2024,4,24,2,0
2024-04-24,Coffee Maker,Home & Kitchen,5,90,5,Rajshahi,427.5,2024,4,24,2,0
2024-04-24,Blender,Home & Kitchen,5,55,0,Rajshahi,275.0,2024,4,24,2,0
2024-04-24,Desk Lamp,Home & Kitchen,14,30,5,Rajshahi,399.0,2024,4,24,2,0
2024-04-24,Skincare Set,Beauty,10,45,0,Chattogram,450.0,2024,4,24,2,0
2024-04-25,Laptop,Electronics,4,850,0,Sylhet,3400.0,2024,4,25,3,0
2024-04-25,Smartphone,Electronics,8,500,0,Khulna,4000.0,2024,4,25,3,0
2024-04-25,Headphones,Electronics,10,80,10,Khulna,720.0,2024,4,25,3,0
2024-04-25,T-Shirt,Fashion,14,25,5,Rajshahi,332.5,2024,4,25,3,0
2024-04-25,Sneakers,Fashion,11,60,0,Rajshahi,660.0,2024,4,25,3,0
2024-04-25,Backpack,Fashion,6,40,5,Sylhet,228.0,2024,4,25,3,0
2024-04-25,Coffee Maker,Home & Kitchen,8,90,10,Rajshahi,648.0,2024,4,25,3,0
2024-04-25,Blender,Home & Kitchen,8,55,0,Dhaka,440.0,2024,4,25,3,0
2024-04-25,Desk Lamp,Home & Kitchen,19,30,0,Khulna,570.0,2024,4,25,3,0
2024-04-25,Skincare Set,Beauty,11,45,0,Khulna,495.0,2024,4,25,3,0
2024-04-26,Laptop,Electronics,6,850,5,Dhaka,4845.0,2024,4,26,4,0
2024-04-26,Smartphone,Electronics,5,500,5,Dhaka,2375.0,2024,4,26,4,0
2024-04-26,Headphones,Electronics,11,80,0,Dhaka,880.0,2024,4,26,4,0
2024-04-26,T-Shirt,Fashion,11,25,0,Chattogram,275.0,2024,4,26,4,0
2024-04-26,Sneakers,Fashion,10,60,5,Khulna,570.0,2024,4,26,4,0
2024-04-26,Backpack,Fashion,6,40,0,Chattogram,240.0,2024,4,26,4,0
2024-04-26,Coffee Maker,Home & Kitchen,8,90,5,Dhaka,684.0,2024,4,26,4,0
2024-04-26,Blender,Home & Kitchen,5,55,5,Rajshahi,261.25,2024,4,26,4,0
2024-04-26,Desk Lamp,Home & Kitchen,14,30,0,Khulna,420.0,2024,4,26,4,0
2024-04-26,Skincare Set,Beauty,9,45,5,Dhaka,384.75,2024,4,26,4,0
2024-04-27,Laptop,Electronics,7,850,10,Khulna,5355.0,2024,4,27,5,1
2024-04-27,Smartphone,Electronics,6,500,0,Chattogram,3000.0,2024,4,27,5,1
2024-04-27,Headphones,Electronics,12,80,0,Dhaka,960.0,2024,4,27,5,1
2024-04-27,T-Shirt,Fashion,16,25,5,Dhaka,380.0,2024,4,27,5,1
2024-04-27,Sneakers,Fashion,3,60,0,Dhaka,180.0,2024,4,27,5,1
2024-04-27,Backpack,Fashion,8,40,5,Sylhet,304.0,2024,4,27,5,1
2024-04-27,Coffee Maker,Home & Kitchen,7,90,10,Chattogram,567.0,2024,4,27,5,1
2024-04-27,Blender,Home & Kitchen,9,55,0,Khulna,495.0,2024,4,27,5,1
2024-04-27,Desk Lamp,Home & Kitchen,10,30,15,Sylhet,255.0,2024,4,27,5,1
2024-04-27,Skincare Set,Beauty,12,45,5,Chattogram,513.0,2024,4,27,5,1
2024-04-28,Laptop,Electronics,2,850,5,Dhaka,1615.0,2024,4,28,6,1
2024-04-28,Smartphone,Electronics,12,500,0,Chattogram,6000.0,2024,4,28,6,1
2024-04-28,Headphones,Electronics,12,80,0,Sylhet,960.0,2024,4,28,6,1
2024-04-28,T-Shirt,Fashion,19,25,0,Dhaka,475.0,2024,4,28,6,1
2024-04-28,Sneakers,Fashion,10,60,5,Khulna,570.0,2024,4,28,6,1
2024-04-28,Backpack,Fashion,12,40,5,Dhaka,456.0,2024,4,28,6,1
2024-04-28,Coffee Maker,Home & Kitchen,7,90,5,Chattogram,598.5,2024,4,28,6,1
2024-04-28,Blender,Home & Kitchen,9,55,10,Rajshahi,445.5,2024,4,28,6,1
2024-04-28,Desk Lamp,Home & Kitchen,18,30,15,Dhaka,459.0,2024,4,28,6,1
2024-04-28,Skincare Set,Beauty,14,45,10,Chattogram,567.0,2024,4,28,6,1
2024-04-29,Laptop,Electronics,4,850,5,Rajshahi,3230.0,2024,4,29,0,0
2024-04-29,Smartphone,Electronics,7,500,5,Sylhet,3325.0,2024,4,29,0,0
2024-04-29,Headphones,Electronics,10,80,0,Chattogram,800.0,2024,4,29,0,0
2024-04-29,T-Shirt,Fashion,14,25,5,Chattogram,332.5,2024,4,29,0,0
2024-04-29,Sneakers,Fashion,7,60,10,Sylhet,378.0,2024,4,29,0,0
2024-04-29,Backpack,Fashion,7,40,0,Rajshahi,280.0,2024,4,29,0,0
2024-04-29,Coffee Maker,Home & Kitchen,5,90,10,Sylhet,405.0,2024,4,29,0,0
2024-04-29,Blender,Home & Kitchen,6,55,0,Khulna,330.0,2024,4,29,0,0
2024-04-29,Desk Lamp,Home & Kitchen,15,30,15,Rajshahi,382.5,2024,4,29,0,0
2024-04-29,Skincare Set,Beauty,10,45,10,Rajshahi,405.0,2024,4,29,0,0
2024-04-30,Laptop,Electronics,3,850,5,Rajshahi,2422.5,2024,4,30,1,0
2024-04-30,Smartphone,Electronics,9,500,5,Sylhet,4275.0,2024,4,30,1,0
2024-04-30,Headphones,Electronics,11,80,5,Sylhet,836.0,2024,4,30,1,0
2024-04-30,T-Shirt,Fashion,18,25,10,Chattogram,405.0,2024,4,30,1,0
2024-04-30,Sneakers,Fashion,11,60,5,Chattogram,627.0,2024,4,30,1,0
2024-04-30,Backpack,Fashion,5,40,10,Sylhet,180.0,2024,4,30,1,0
2024-04-30,Coffee Maker,Home & Kitchen,3,90,5,Khulna,256.5,2024,4,30,1,0
2024-04-30,Blender,Home & Kitchen,6,55,0,Rajshahi,330.0,2024,4,30,1,0
2024-04-30,Desk Lamp,Home & Kitchen,9,30,0,Sylhet,270.0,2024,4,30,1,0
2024-04-30,Skincare Set,Beauty,3,45,5,Khulna,128.25,2024,4,30,1,0
2024-05-01,Laptop,Electronics,4,850,15,Khulna,2890.0,2024,5,1,2,0
2024-05-01,Smartphone,Electronics,16,500,10,Dhaka,7200.0,2024,5,1,2,0
2024-05-01,Headphones,Electronics,17,80,5,Khulna,1292.0,2024,5,1,2,0
2024-05-01,T-Shirt,Fashion,14,25,0,Dhaka,350.0,2024,5,1,2,0
2024-05-01,Sneakers,Fashion,8,60,0,Khulna,480.0,2024,5,1,2,0
2024-05-01,Backpack,Fashion,12,40,0,Dhaka,480.0,2024,5,1,2,0
2024-05-01,Coffee Maker,Home & Kitchen,7,90,15,Khulna,535.5,2024,5,1,2,0
2024-05-01,Blender,Home & Kitchen,14,55,0,Chattogram,770.0,2024,5,1,2,0
2024-05-01,Desk Lamp,Home & Kitchen,15,30,0,Khulna,450.0,2024,5,1,2,0
2024-05-01,Skincare Set,Beauty,14,45,10,Chattogram,567.0,2024,5,1,2,0
2024-05-02,Laptop,Electronics,4,850,5,Sylhet,3230.0,2024,5,2,3,0
2024-05-02,Smartphone,Electronics,6,500,10,Rajshahi,2700.0,2024,5,2,3,0
2024-05-02,Headphones,Electronics,8,80,0,Sylhet,640.0,2024,5,2,3,0
2024-05-02,T-Shirt,Fashion,11,25,10,Sylhet,247.5,2024,5,2,3,0
2024-05-02,Sneakers,Fashion,7,60,15,Khulna,357.0,2024,5,2,3,0
2024-05-02,Backpack,Fashion,8,40,5,Sylhet,304.0,2024,5,2,3,0
2024-05-02,Coffee Maker,Home & Kitchen,4,90,5,Khulna,342.0,2024,5,2,3,0
2024-05-02,Blender,Home & Kitchen,3,55,5,Khulna,156.75,2024,5,2,3,0
2024-05-02,Desk Lamp,Home & Kitchen,13,30,10,Khulna,351.0,2024,5,2,3,0
2024-05-02,Skincare Set,Beauty,7,45,0,Dhaka,315.0,2024,5,2,3,0
2024-05-03,Laptop,Electronics,0,850,15,Rajshahi,0.0,2024,5,3,4,0
2024-05-03,Smartphone,Electronics,7,500,0,Khulna,3500.0,2024,5,3,4,0
2024-05-03,Headphones,Electronics,12,80,5,Chattogram,912.0,2024,5,3,4,0
2024-05-03,T-Shirt,Fashion,14,25,5,Rajshahi,332.5,2024,5,3,4,0
2024-05-03,Sneakers,Fashion,9,60,10,Chattogram,486.0,2024,5,3,4,0
2024-05-03,Backpack,Fashion,17,40,0,Sylhet,680.0,2024,5,3,4,0
2024-05-03,Coffee Maker,Home & Kitchen,4,90,0,Rajshahi,360.0,2024,5,3,4,0
2024-05-03,Blender,Home & Kitchen,6,55,0,Chattogram,330.0,2024,5,3,4,0
2024-05-03,Desk Lamp,Home & Kitchen,11,30,0,Sylhet,330.0,2024,5,3,4,0
2024-05-03,Skincare Set,Beauty,9,45,5,Chattogram,384.75,2024,5,3,4,0
2024-05-04,Laptop,Electronics,3,850,0,Chattogram,2550.0,2024,5,4,5,1
2024-05-04,Smartphone,Electronics,8,500,5,Sylhet,3800.0,2024,5,4,5,1
2024-05-04,Headphones,Electronics,10,80,0,Rajshahi,800.0,2024,5,4,5,1
2024-05-04,T-Shirt,Fashion,9,25,0,Khulna,225.0,2024,5,4,5,1
2024-05-04,Sneakers,Fashion,5,60,0,Khulna,300.0,2024,5,4,5,1
2024-05-04,Backpack,Fashion,9,40,0,Rajshahi,360.0,2024,5,4,5,1
2024-05-04,Coffee Maker,Home & Kitchen,5,90,0,Dhaka,450.0,2024,5,4,5,1
2024-05-04,Blender,Home & Kitchen,12,55,10,Rajshahi,594.0,2024,5,4,5,1
2024-05-04,Desk Lamp,Home & Kitchen,12,30,0,Dhaka,360.0,2024,5,4,5,1
2024-05-04,Skincare Set,Beauty,11,45,10,Chattogram,445.5,2024,5,4,5,1
2024-05-05,Laptop,Electronics,4,850,0,Sylhet,3400.0,2024,5,5,6,1
2024-05-05,Smartphone,Electronics,6,500,0,Rajshahi,3000.0,2024,5,5,6,1
2024-05-05,Headphones,Electronics,15,80,0,Chattogram,1200.0,2024,5,5,6,1
2024-05-05,T-Shirt,Fashion,12,25,0,Chattogram,300.0,2024,5,5,6,1
2024-05-05,Sneakers,Fashion,9,60,0,Rajshahi,540.0,2024,5,5,6,1
2024-05-05,Backpack,Fashion,8,40,0,Sylhet,320.0,2024,5,5,6,1
2024-05-05,Coffee Maker,Home & Kitchen,7,90,15,Dhaka,535.5,2024,5,5,6,1
2024-05-05,Blender,Home & Kitchen,8,55,5,Sylhet,418.0,2024,5,5,6,1
2024-05-05,Desk Lamp,Home & Kitchen,10,30,10,Khulna,270.0,2024,5,5,6,1
2024-05-05,Skincare Set,Beauty,8,45,5,Chattogram,342.0,2024,5,5,6,1
2024-05-06,Laptop,Electronics,5,850,0,Dhaka,4250.0,2024,5,6,0,0
2024-05-06,Smartphone,Electronics,5,500,0,Chattogram,2500.0,2024,5,6,0,0
2024-05-06,Headphones,Electronics,8,80,10,Rajshahi,576.0,2024,5,6,0,0
2024-05-06,T-Shirt,Fashion,17,25,0,Sylhet,425.0,2024,5,6,0,0
2024-05-06,Sneakers,Fashion,10,60,5,Khulna,570.0,2024,5,6,0,0
2024-05-06,Backpack,Fashion,13,40,0,Rajshahi,520.0,2024,5,6,0,0
2024-05-06,Coffee Maker,Home & Kitchen,7,90,5,Rajshahi,598.5,2024,5,6,0,0
2024-05-06,Blender,Home & Kitchen,8,55,5,Rajshahi,418.0,2024,5,6,0,0
2024-05-06,Desk Lamp,Home & Kitchen,13,30,0,Khulna,390.0,2024,5,6,0,0
2024-05-06,Skincare Set,Beauty,12,45,5,Khulna,513.0,2024,5,6,0,0
2024-05-07,Laptop,Electronics,2,850,15,Rajshahi,1445.0,2024,5,7,1,0
2024-05-07,Smartphone,Electronics,8,500,5,Rajshahi,3800.0,2024,5,7,1,0
2024-05-07,Headphones,Electronics,10,80,5,Chattogram,760.0,2024,5,7,1,0
2024-05-07,T-Shirt,Fashion,16,25,0,Dhaka,400.0,2024,5,7,1,0
2024-05-07,Sneakers,Fashion,6,60,10,Dhaka,324.0,2024,5,7,1,0
2024-05-07,Backpack,Fashion,8,40,0,Khulna,320.0,2024,5,7,1,0
2024-05-07,Coffee Maker,Home & Kitchen,5,90,15,Chattogram,382.5,2024,5,7,1,0
2024-05-07,Blender,Home & Kitchen,10,55,5,Dhaka,522.5,2024,5,7,1,0
2024-05-07,Desk Lamp,Home & Kitchen,9,30,0,Chattogram,270.0,2024,5,7,1,0
2024-05-07,Skincare Set,Beauty,10,45,0,Rajshahi,450.0,2024,5,7,1,0
2024-05-08,Laptop,Electronics,5,850,10,Dhaka,3825.0,2024,5,8,2,0
2024-05-08,Smartphone,Electronics,10,500,5,Rajshahi,4750.0,2024,5,8,2,0
2024-05-08,Headphones,Electronics,10,80,0,Khulna,800.0,2024,5,8,2,0
2024-05-08,T-Shirt,Fashion,16,25,10,Sylhet,360.0,2024,5,8,2,0
2024-05-08,Sneakers,Fashion,5,60,15,Rajshahi,255.0,2024,5,8,2,0
2024-05-08,Backpack,Fashion,9,40,0,Khulna,360.0,2024,5,8,2,0
2024-05-08,Coffee Maker,Home & Kitchen,4,90,5,Rajshahi,342.0,2024,5,8,2,0
2024-05-08,Blender,Home & Kitchen,7,55,5,Khulna,365.75,2024,5,8,2,0
2024-05-08,Desk Lamp,Home & Kitchen,8,30,10,Chattogram,216.0,2024,5,8,2,0
2024-05-08,Skincare Set,Beauty,11,45,5,Rajshahi,470.25,2024,5,8,2,0
2024-05-09,Laptop,Electronics,1,850,0,Dhaka,850.0,2024,5,9,3,0
2024-05-09,Smartphone,Electronics,8,500,5,Khulna,3800.0,2024,5,9,3,0
2024-05-09,Headphones,Electronics,19,80,0,Chattogram,1520.0,2024,5,9,3,0
2024-05-09,T-Shirt,Fashion,5,25,10,Sylhet,112.5,2024,5,9,3,0
2024-05-09,Sneakers,Fashion,8,60,0,Sylhet,480.0,2024,5,9,3,0
2024-05-09,Backpack,Fashion,7,40,5,Dhaka,266.0,2024,5,9,3,0
2024-05-09,Coffee Maker,Home & Kitchen,7,90,5,Chattogram,598.5,2024,5,9,3,0
2024-05-09,Blender,Home & Kitchen,8,55,0,Rajshahi,440.0,2024,5,9,3,0
2024-05-09,Desk Lamp,Home & Kitchen,6,30,0,Rajshahi,180.0,2024,5,9,3,0
2024-05-09,Skincare Set,Beauty,10,45,0,Chattogram,450.0,2024,5,9,3,0
2024-05-10,Laptop,Electronics,4,850,5,Khulna,3230.0,2024,5,10,4,0
2024-05-10,Smartphone,Electronics,4,500,10,Rajshahi,1800.0,2024,5,10,4,0
2024-05-10,Headphones,Electronics,12,80,5,Khulna,912.0,2024,5,10,4,0
2024-05-10,T-Shirt,Fashion,12,25,0,Sylhet,300.0,2024,5,10,4,0
2024-05-10,Sneakers,Fashion,8,60,15,Rajshahi,408.0,2024,5,10,4,0
2024-05-10,Backpack,Fashion,12,40,0,Dhaka,480.0,2024,5,10,4,0
2024-05-10,Coffee Maker,Home & Kitchen,4,90,10,Sylhet,324.0,2024,5,10,4,0
2024-05-10,Blender,Home & Kitchen,10,55,5,Khulna,522.5,2024,5,10,4,0
2024-05-10,Desk Lamp,Home & Kitchen,9,30,0,Rajshahi,270.0,2024,5,10,4,0
2024-05-10,Skincare Set,Beauty,13,45,0,Dhaka,585.0,2024,5,10,4,0
2024-05-11,Laptop,Electronics,3,850,0,Sylhet,2550.0,2024,5,11,5,1
2024-05-11,Smartphone,Electronics,8,500,10,Sylhet,3600.0,2024,5,11,5,1
2024-05-11,Headphones,Electronics,13,80,0,Khulna,1040.0,2024,5,11,5,1
2024-05-11,T-Shirt,Fashion,19,25,0,Khulna,475.0,2024,5,11,5,1
2024-05-11,Sneakers,Fashion,9,60,5,Sylhet,513.0,2024,5,11,5,1
2024-05-11,Backpack,Fashion,12,40,0,Khulna,480.0,2024,5,11,5,1
2024-05-11,Coffee Maker,Home & Kitchen,6,90,5,Rajshahi,513.0,2024,5,11,5,1
2024-05-11,Blender,Home & Kitchen,8,55,5,Dhaka,418.0,2024,5,11,5,1
2024-05-11,Desk Lamp,Home & Kitchen,16,30,0,Rajshahi,480.0,2024,5,11,5,1
2024-05-11,Skincare Set,Beauty,21,45,0,Dhaka,945.0,2024,5,11,5,1
2024-05-12,Laptop,Electronics,4,850,0,Rajshahi,3400.0,2024,5,12,6,1
2024-05-12,Smartphone,Electronics,5,500,0,Sylhet,2500.0,2024,5,12,6,1
2024-05-12,Headphones,Electronics,9,80,5,Sylhet,684.0,2024,5,12,6,1
2024-05-12,T-Shirt,Fashion,18,25,0,Dhaka,450.0,2024,5,12,6,1
2024-05-12,Sneakers,Fashion,5,60,5,Dhaka,285.0,2024,5,12,6,1
2024-05-12,Backpack,Fashion,11,40,5,Rajshahi,418.0,2024,5,12,6,1
2024-05-12,Coffee Maker,Home & Kitchen,7,90,5,Khulna,598.5,2024,5,12,6,1
2024-05-12,Blender,Home & Kitchen,10,55,5,Rajshahi,522.5,2024,5,12,6,1
2024-05-12,Desk Lamp,Home & Kitchen,12,30,0,Sylhet,360.0,2024,5,12,6,1
2024-05-12,Skincare Set,Beauty,13,45,5,Sylhet,555.75,2024,5,12,6,1
2024-05-13,Laptop,Electronics,5,850,0,Dhaka,4250.0,2024,5,13,0,0
2024-05-13,Smartphone,Electronics,2,500,5,Chattogram,950.0,2024,5,13,0,0
2024-05-13,Headphones,Electronics,10,80,5,Chattogram,760.0,2024,5,13,0,0
2024-05-13,T-Shirt,Fashion,13,25,5,Rajshahi,308.75,2024,5,13,0,0
2024-05-13,Sneakers,Fashion,3,60,0,Khulna,180.0,2024,5,13,0,0
2024-05-13,Backpack,Fashion,7,40,0,Sylhet,280.0,2024,5,13,0,0
2024-05-13,Coffee Maker,Home & Kitchen,11,90,5,Khulna,940.5,2024,5,13,0,0
2024-05-13,Blender,Home & Kitchen,10,55,15,Dhaka,467.5,2024,5,13,0,0
2024-05-13,Desk Lamp,Home & Kitchen,8,30,10,Rajshahi,216.0,2024,5,13,0,0
2024-05-13,Skincare Set,Beauty,11,45,0,Sylhet,495.0,2024,5,13,0,0
2024-05-14,Laptop,Electronics,5,850,10,Khulna,3825.0,2024,5,14,1,0
2024-05-14,Smartphone,Electronics,5,500,5,Dhaka,2375.0,2024,5,14,1,0
2024-05-14,Headphones,Electronics,12,80,0,Khulna,960.0,2024,5,14,1,0
2024-05-14,T-Shirt,Fashion,20,25,10,Sylhet,450.0,2024,5,14,1,0
2024-05-14,Sneakers,Fashion,8,60,0,Rajshahi,480.0,2024,5,14,1,0
2024-05-14,Backpack,Fashion,11,40,5,Dhaka,418.0,2024,5,14,1,0
2024-05-14,Coffee Maker,Home & Kitchen,6,90,5,Sylhet,513.0,2024,5,14,1,0
2024-05-14,Blender,Home & Kitchen,11,55,0,Dhaka,605.0,2024,5,14,1,0
2024-05-14,Desk Lamp,Home & Kitchen,12,30,10,Rajshahi,324.0,2024,5,14,1,0
2024-05-14,Skincare Set,Beauty,13,45,0,Khulna,585.0,2024,5,14,1,0
2024-05-15,Laptop,Electronics,1,850,0,Chattogram,850.0,2024,5,15,2,0
2024-05-15,Smartphone,Electronics,4,500,15,Rajshahi,1700.0,2024,5,15,2,0
2024-05-15,Headphones,Electronics,5,80,5,Rajshahi,380.0,2024,5,15,2,0
2024-05-15,T-Shirt,Fashion,11,25,10,Rajshahi,247.5,2024,5,15,2,0
2024-05-15,Sneakers,Fashion,8,60,0,Chattogram,480.0,2024,5,15,2,0
2024-05-15,Backpack,Fashion,11,40,5,Sylhet,418.0,2024,5,15,2,0
2024-05-15,Coffee Maker,Home & Kitchen,0,90,10,Chattogram,0.0,2024,5,15,2,0
2024-05-15,Blender,Home & Kitchen,12,55,10,Dhaka,594.0,2024,5,15,2,0
2024-05-15,Desk Lamp,Home & Kitchen,13,30,10,Sylhet,351.0,2024,5,15,2,0
2024-05-15,Skincare Set,Beauty,7,45,10,Khulna,283.5,2024,5,15,2,0
2024-05-16,Laptop,Electronics,4,850,0,Rajshahi,3400.0,2024,5,16,3,0
2024-05-16,Smartphone,Electronics,6,500,0,Sylhet,3000.0,2024,5,16,3,0
2024-05-16,Headphones,Electronics,20,80,0,Rajshahi,1600.0,2024,5,16,3,0
2024-05-16,T-Shirt,Fashion,15,25,5,Rajshahi,356.25,2024,5,16,3,0
2024-05-16,Sneakers,Fashion,5,60,15,Rajshahi,255.0,2024,5,16,3,0
2024-05-16,Backpack,Fashion,10,40,5,Khulna,380.0,2024,5,16,3,0
2024-05-16,Coffee Maker,Home & Kitchen,10,90,15,Sylhet,765.0,2024,5,16,3,0
2024-05-16,Blender,Home & Kitchen,3,55,0,Rajshahi,165.0,2024,5,16,3,0
2024-05-16,Desk Lamp,Home & Kitchen,15,30,15,Khulna,382.5,2024,5,16,3,0
2024-05-16,Skincare Set,Beauty,11,45,0,Khulna,495.0,2024,5,16,3,0
2024-05-17,Laptop,Electronics,0,850,5,Sylhet,0.0,2024,5,17,4,0
2024-05-17,Smartphone,Electronics,7,500,0,Sylhet,3500.0,2024,5,17,4,0
2024-05-17,Headphones,Electronics,15,80,5,Sylhet,1140.0,2024,5,17,4,0
2024-05-17,T-Shirt,Fashion,12,25,5,Sylhet,285.0,2024,5,17,4,0
2024-05-17,Sneakers,Fashion,7,60,0,Sylhet,420.0,2024,5,17,4,0
2024-05-17,Backpack,Fashion,7,40,0,Dhaka,280.0,2024,5,17,4,0
2024-05-17,Coffee Maker,Home & Kitchen,2,90,0,Dhaka,180.0,2024,5,17,4,0
2024-05-17,Blender,Home & Kitchen,8,55,0,Dhaka,440.0,2024,5,17,4,0
2024-05-17,Desk Lamp,Home & Kitchen,12,30,0,Khulna,360.0,2024,5,17,4,0
2024-05-17,Skincare Set,Beauty,10,45,5,Rajshahi,427.5,2024,5,17,4,0
2024-05-18,Laptop,Electronics,3,850,0,Khulna,2550.0,2024,5,18,5,1
2024-05-18,Smartphone,Electronics,6,500,10,Dhaka,2700.0,2024,5,18,5,1
2024-05-18,Headphones,Electronics,12,80,0,Rajshahi,960.0,2024,5,18,5,1
2024-05-18,T-Shirt,Fashion,18,25,5,Dhaka,427.5,2024,5,18,5,1
2024-05-18,Sneakers,Fashion,9,60,0,Sylhet,540.0,2024,5,18,5,1
2024-05-18,Backpack,Fashion,8,40,5,Chattogram,304.0,2024,5,18,5,1
2024-05-18,Coffee Maker,Home & Kitchen,7,90,10,Sylhet,567.0,2024,5,18,5,1
2024-05-18,Blender,Home & Kitchen,13,55,0,Sylhet,715.0,2024,5,18,5,1
2024-05-18,Desk Lamp,Home & Kitchen,8,30,10,Sylhet,216.0,2024,5,18,5,1
2024-05-18,Skincare Set,Beauty,13,45,5,Khulna,555.75,2024,5,18,5,1
2024-05-19,Laptop,Electronics,3,850,5,Khulna,2422.5,2024,5,19,6,1
2024-05-19,Smartphone,Electronics,6,500,0,Khulna,3000.0,2024,5,19,6,1
2024-05-19,Headphones,Electronics,9,80,10,Khulna,648.0,2024,5,19,6,1
2024-05-19,T-Shirt,Fashion,15,25,0,Rajshahi,375.0,2024,5,19,6,1
2024-05-19,Sneakers,Fashion,5,60,10,Chattogram,270.0,2024,5,19,6,1
2024-05-19,Backpack,Fashion,12,40,0,Rajshahi,480.0,2024,5,19,6,1
2024-05-19,Coffee Maker,Home & Kitchen,9,90,5,Dhaka,769.5,2024,5,19,6,1
2024-05-19,Blender,Home & Kitchen,10,55,0,Dhaka,550.0,2024,5,19,6,1
2024-05-19,Desk Lamp,Home & Kitchen,12,30,5,Chattogram,342.0,2024,5,19,6,1
2024-05-19,Skincare Set,Beauty,14,45,5,Khulna,598.5,2024,5,19,6,1
2024-05-20,Laptop,Electronics,2,850,0,Dhaka,1700.0,2024,5,20,0,0
2024-05-20,Smartphone,Electronics,2,500,0,Rajshahi,1000.0,2024,5,20,0,0
2024-05-20,Headphones,Electronics,11,80,10,Dhaka,792.0,2024,5,20,0,0
2024-05-20,T-Shirt,Fashion,12,25,0,Dhaka,300.0,2024,5,20,0,0
2024-05-20,Sneakers,Fashion,6,60,0,Chattogram,360.0,2024,5,20,0,0
2024-05-20,Backpack,Fashion,6,40,0,Rajshahi,240.0,2024,5,20,0,0
2024-05-20,Coffee Maker,Home & Kitchen,5,90,0,Dhaka,450.0,2024,5,20,0,0
2024-05-20,Blender,Home & Kitchen,9,55,0,Chattogram,495.0,2024,5,20,0,0
2024-05-20,Desk Lamp,Home & Kitchen,8,30,5,Chattogram,228.0,2024,5,20,0,0
2024-05-20,Skincare Set,Beauty,14,45,0,Sylhet,630.0,2024,5,20,0,0
2024-05-21,Laptop,Electronics,3,850,5,Rajshahi,2422.5,2024,5,21,1,0
2024-05-21,Smartphone,Electronics,8,500,0,Khulna,4000.0,2024,5,21,1,0
2024-05-21,Headphones,Electronics,6,80,5,Chattogram,456.0,2024,5,21,1,0
2024-05-21,T-Shirt,Fashion,14,25,5,Dhaka,332.5,2024,5,21,1,0
2024-05-21,Sneakers,Fashion,3,60,10,Khulna,162.0,2024,5,21,1,0
2024-05-21,Backpack,Fashion,12,40,0,Khulna,480.0,2024,5,21,1,0
2024-05-21,Coffee Maker,Home & Kitchen,7,90,5,Dhaka,598.5,2024,5,21,1,0
2024-05-21,Blender,Home & Kitchen,8,55,0,Rajshahi,440.0,2024,5,21,1,0
2024-05-21,Desk Lamp,Home & Kitchen,6,30,10,Sylhet,162.0,2024,5,21,1,0
2024-05-21,Skincare Set,Beauty,8,45,10,Sylhet,324.0,2024,5,21,1,0
2024-05-22,Laptop,Electronics,4,850,5,Sylhet,3230.0,2024,5,22,2,0
2024-05-22,Smartphone,Electronics,5,500,5,Rajshahi,2375.0,2024,5,22,2,0
2024-05-22,Headphones,Electronics,12,80,0,Rajshahi,960.0,2024,5,22,2,0
2024-05-22,T-Shirt,Fashion,9,25,0,Sylhet,225.0,2024,5,22,2,0
2024-05-22,Sneakers,Fashion,10,60,0,Chattogram,600.0,2024,5,22,2,0
2024-05-22,Backpack,Fashion,9,40,5,Khulna,342.0,2024,5,22,2,0
2024-05-22,Coffee Maker,Home & Kitchen,7,90,0,Dhaka,630.0,2024,5,22,2,0
2024-05-22,Blender,Home & Kitchen,13,55,0,Rajshahi,715.0,2024,5,22,2,0
2024-05-22,Desk Lamp,Home & Kitchen,10,30,0,Rajshahi,300.0,2024,5,22,2,0
2024-05-22,Skincare Set,Beauty,12,45,5,Rajshahi,513.0,2024,5,22,2,0
2024-05-23,Laptop,Electronics,2,850,0,Chattogram,1700.0,2024,5,23,3,0
2024-05-23,Smartphone,Electronics,3,500,10,Chattogram,1350.0,2024,5,23,3,0
2024-05-23,Headphones,Electronics,11,80,0,Rajshahi,880.0,2024,5,23,3,0
2024-05-23,T-Shirt,Fashion,7,25,0,Rajshahi,175.0,2024,5,23,3,0
2024-05-23,Sneakers,Fashion,6,60,5,Sylhet,342.0,2024,5,23,3,0
2024-05-23,Backpack,Fashion,6,40,10,Khulna,216.0,2024,5,23,3,0
2024-05-23,Coffee Maker,Home & Kitchen,3,90,0,Chattogram,270.0,2024,5,23,3,0
2024-05-23,Blender,Home & Kitchen,12,55,0,Sylhet,660.0,2024,5,23,3,0
2024-05-23,Desk Lamp,Home & Kitchen,10,30,10,Chattogram,270.0,2024,5,23,3,0
2024-05-23,Skincare Set,Beauty,10,45,10,Sylhet,405.0,2024,5,23,3,0
2024-05-24,Laptop,Electronics,7,850,0,Dhaka,5950.0,2024,5,24,4,0
2024-05-24,Smartphone,Electronics,6,500,5,Khulna,2850.0,2024,5,24,4,0
2024-05-24,Headphones,Electronics,14,80,0,Sylhet,1120.0,2024,5,24,4,0
2024-05-24,T-Shirt,Fashion,12,25,5,Khulna,285.0,2024,5,24,4,0
2024-05-24,Sneakers,Fashion,10,60,10,Dhaka,540.0,2024,5,24,4,0
2024-05-24,Backpack,Fashion,5,40,0,Khulna,200.0,2024,5,24,4,0
2024-05-24,Coffee Maker,Home & Kitchen,10,90,10,Dhaka,810.0,2024,5,24,4,0
2024-05-24,Blender,Home & Kitchen,9,55,10,Chattogram,445.5,2024,5,24,4,0
2024-05-24,Desk Lamp,Home & Kitchen,14,30,5,Khulna,399.0,2024,5,24,4,0
2024-05-24,Skincare Set,Beauty,4,45,10,Sylhet,162.0,2024,5,24,4,0
2024-05-25,Laptop,Electronics,5,850,5,Sylhet,4037.5,2024,5,25,5,1
2024-05-25,Smartphone,Electronics,9,500,0,Rajshahi,4500.0,2024,5,25,5,1
2024-05-25,Headphones,Electronics,13,80,10,Rajshahi,936.0,2024,5,25,5,1
2024-05-25,T-Shirt,Fashion,13,25,0,Sylhet,325.0,2024,5,25,5,1
2024-05-25,Sneakers,Fashion,4,60,15,Dhaka,204.0,2024,5,25,5,1
2024-05-25,Backpack,Fashion,10,40,15,Rajshahi,340.0,2024,5,25,5,1
2024-05-25,Coffee Maker,Home & Kitchen,6,90,0,Sylhet,540.0,2024,5,25,5,1
2024-05-25,Blender,Home & Kitchen,11,55,5,Chattogram,574.75,2024,5,25,5,1
2024-05-25,Desk Lamp,Home & Kitchen,7,30,10,Khulna,189.0,2024,5,25,5,1
2024-05-25,Skincare Set,Beauty,7,45,5,Sylhet,299.25,2024,5,25,5,1
2024-05-26,Laptop,Electronics,1,850,10,Rajshahi,765.0,2024,5,26,6,1
2024-05-26,Smartphone,Electronics,5,500,5,Rajshahi,2375.0,2024,5,26,6,1
2024-05-26,Headphones,Electronics,8,80,5,Rajshahi,608.0,2024,5,26,6,1
2024-05-26,T-Shirt,Fashion,15,25,0,Dhaka,375.0,2024,5,26,6,1
2024-05-26,Sneakers,Fashion,11,60,0,Sylhet,660.0,2024,5,26,6,1
2024-05-26,Backpack,Fashion,11,40,0,Dhaka,440.0,2024,5,26,6,1
2024-05-26,Coffee Maker,Home & Kitchen,9,90,0,Sylhet,810.0,2024,5,26,6,1
2024-05-26,Blender,Home & Kitchen,6,55,0,Khulna,330.0,2024,5,26,6,1
2024-05-26,Desk Lamp,Home & Kitchen,12,30,0,Sylhet,360.0,2024,5,26,6,1
2024-05-26,Skincare Set,Beauty,10,45,0,Rajshahi,450.0,2024,5,26,6,1
2024-05-27,Laptop,Electronics,4,850,0,Chattogram,3400.0,2024,5,27,0,0
2024-05-27,Smartphone,Electronics,5,500,0,Chattogram,2500.0,2024,5,27,0,0
2024-05-27,Headphones,Electronics,8,80,5,Dhaka,608.0,2024,5,27,0,0
2024-05-27,T-Shirt,Fashion,14,25,15,Sylhet,297.5,2024,5,27,0,0
2024-05-27,Sneakers,Fashion,10,60,10,Khulna,540.0,2024,5,27,0,0
2024-05-27,Backpack,Fashion,8,40,0,Sylhet,320.0,2024,5,27,0,0
2024-05-27,Coffee Maker,Home & Kitchen,5,90,5,Rajshahi,427.5,2024,5,27,0,0
2024-05-27,Blender,Home & Kitchen,5,55,5,Dhaka,261.25,2024,5,27,0,0
2024-05-27,Desk Lamp,Home & Kitchen,9,30,10,Chattogram,243.0,2024,5,27,0,0
2024-05-27,Skincare Set,Beauty,4,45,0,Chattogram,180.0,2024,5,27,0,0
2024-05-28,Laptop,Electronics,5,850,10,Sylhet,3825.0,2024,5,28,1,0
2024-05-28,Smartphone,Electronics,8,500,10,Dhaka,3600.0,2024,5,28,1,0
2024-05-28,Headphones,Electronics,11,80,5,Chattogram,836.0,2024,5,28,1,0
2024-05-28,T-Shirt,Fashion,12,25,10,Rajshahi,270.0,2024,5,28,1,0
2024-05-28,Sneakers,Fashion,8,60,0,Sylhet,480.0,2024,5,28,1,0
2024-05-28,Backpack,Fashion,5,40,5,Chattogram,190.0,2024,5,28,1,0
2024-05-28,Coffee Maker,Home & Kitchen,9,90,0,Chattogram,810.0,2024,5,28,1,0
2024-05-28,Blender,Home & Kitchen,8,55,0,Sylhet,440.0,2024,5,28,1,0
2024-05-28,Desk Lamp,Home & Kitchen,9,30,5,Dhaka,256.5,2024,5,28,1,0
2024-05-28,Skincare Set,Beauty,8,45,10,Sylhet,324.0,2024,5,28,1,0
2024-05-29,Laptop,Electronics,5,850,0,Khulna,4250.0,2024,5,29,2,0
2024-05-29,Smartphone,Electronics,8,500,5,Sylhet,3800.0,2024,5,29,2,0
2024-05-29,Headphones,Electronics,11,80,10,Khulna,792.0,2024,5,29,2,0
2024-05-29,T-Shirt,Fashion,11,25,0,Khulna,275.0,2024,5,29,2,0
2024-05-29,Sneakers,Fashion,13,60,5,Sylhet,741.0,2024,5,29,2,0
2024-05-29,Backpack,Fashion,10,40,0,Rajshahi,400.0,2024,5,29,2,0
2024-05-29,Coffee Maker,Home & Kitchen,7,90,0,Rajshahi,630.0,2024,5,29,2,0
2024-05-29,Blender,Home & Kitchen,12,55,0,Sylhet,660.0,2024,5,29,2,0
2024-05-29,Desk Lamp,Home & Kitchen,8,30,5,Rajshahi,228.0,2024,5,29,2,0
2024-05-29,Skincare Set,Beauty,10,45,5,Sylhet,427.5,2024,5,29,2,0
2024-05-30,Laptop,Electronics,3,850,0,Dhaka,2550.0,2024,5,30,3,0
2024-05-30,Smartphone,Electronics,2,500,5,Chattogram,950.0,2024,5,30,3,0
2024-05-30,Headphones,Electronics,9,80,10,Chattogram,648.0,2024,5,30,3,0
2024-05-30,T-Shirt,Fashion,12,25,5,Sylhet,285.0,2024,5,30,3,0
2024-05-30,Sneakers,Fashion,10,60,10,Chattogram,540.0,2024,5,30,3,0
2024-05-30,Backpack,Fashion,5,40,5,Rajshahi,190.0,2024,5,30,3,0
2024-05-30,Coffee Maker,Home & Kitchen,9,90,5,Khulna,769.5,2024,5,30,3,0
2024-05-30,Blender,Home & Kitchen,5,55,0,Rajshahi,275.0,2024,5,30,3,0
2024-05-30,Desk Lamp,Home & Kitchen,11,30,0,Sylhet,330.0,2024,5,30,3,0
2024-05-30,Skincare Set,Beauty,13,45,0,Rajshahi,585.0,2024,5,30,3,0
2024-05-31,Laptop,Electronics,6,850,5,Chattogram,4845.0,2024,5,31,4,0
2024-05-31,Smartphone,Electronics,8,500,0,Sylhet,4000.0,2024,5,31,4,0
2024-05-31,Headphones,Electronics,12,80,0,Chattogram,960.0,2024,5,31,4,0
2024-05-31,T-Shirt,Fashion,13,25,0,Chattogram,325.0,2024,5,31,4,0
2024-05-31,Sneakers,Fashion,3,60,0,Khulna,180.0,2024,5,31,4,0
2024-05-31,Backpack,Fashion,10,40,5,Rajshahi,380.0,2024,5,31,4,0
2024-05-31,Coffee Maker,Home & Kitchen,6,90,0,Dhaka,540.0,2024,5,31,4,0
2024-05-31,Blender,Home & Kitchen,11,55,15,Dhaka,514.25,2024,5,31,4,0
2024-05-31,Desk Lamp,Home & Kitchen,10,30,10,Sylhet,270.0,2024,5,31,4,0
2024-05-31,Skincare Set,Beauty,8,45,5,Dhaka,342.0,2024,5,31,4,0
2024-06-01,Laptop,Electronics,3,850,0,Chattogram,2550.0,2024,6,1,5,1
2024-06-01,Smartphone,Electronics,2,500,10,Sylhet,900.0,2024,6,1,5,1
2024-06-01,Headphones,Electronics,11,80,15,Chattogram,748.0,2024,6,1,5,1
2024-06-01,T-Shirt,Fashion,10,25,0,Rajshahi,250.0,2024,6,1,5,1
2024-06-01,Sneakers,Fashion,3,60,5,Rajshahi,171.0,2024,6,1,5,1
2024-06-01,Backpack,Fashion,7,40,5,Khulna,266.0,2024,6,1,5,1
2024-06-01,Coffee Maker,Home & Kitchen,1,90,10,Khulna,81.0,2024,6,1,5,1
2024-06-01,Blender,Home & Kitchen,6,55,0,Khulna,330.0,2024,6,1,5,1
2024-06-01,Desk Lamp,Home & Kitchen,16,30,10,Rajshahi,432.0,2024,6,1,5,1
2024-06-01,Skincare Set,Beauty,13,45,5,Sylhet,555.75,2024,6,1,5,1
2024-06-02,Laptop,Electronics,3,850,10,Khulna,2295.0,2024,6,2,6,1
2024-06-02,Smartphone,Electronics,2,500,0,Rajshahi,1000.0,2024,6,2,6,1
2024-06-02,Headphones,Electronics,10,80,0,Dhaka,800.0,2024,6,2,6,1
2024-06-02,T-Shirt,Fashion,15,25,0,Chattogram,375.0,2024,6,2,6,1
2024-06-02,Sneakers,Fashion,7,60,5,Rajshahi,399.0,2024,6,2,6,1
2024-06-02,Backpack,Fashion,3,40,0,Chattogram,120.0,2024,6,2,6,1
2024-06-02,Coffee Maker,Home & Kitchen,3,90,0,Khulna,270.0,2024,6,2,6,1
2024-06-02,Blender,Home & Kitchen,9,55,5,Sylhet,470.25,2024,6,2,6,1
2024-06-02,Desk Lamp,Home & Kitchen,12,30,0,Sylhet,360.0,2024,6,2,6,1
2024-06-02,Skincare Set,Beauty,6,45,5,Dhaka,256.5,2024,6,2,6,1
2024-06-03,Laptop,Electronics,5,850,0,Rajshahi,4250.0,2024,6,3,0,0
2024-06-03,Smartphone,Electronics,7,500,5,Rajshahi,3325.0,2024,6,3,0,0
2024-06-03,Headphones,Electronics,8,80,5,Chattogram,608.0,2024,6,3,0,0
2024-06-03,T-Shirt,Fashion,18,25,10,Chattogram,405.0,2024,6,3,0,0
2024-06-03,Sneakers,Fashion,7,60,0,Dhaka,420.0,2024,6,3,0,0
2024-06-03,Backpack,Fashion,11,40,15,Khulna,374.0,2024,6,3,0,0
2024-06-03,Coffee Maker,Home & Kitchen,9,90,5,Rajshahi,769.5,2024,6,3,0,0
2024-06-03,Blender,Home & Kitchen,5,55,0,Rajshahi,275.0,2024,6,3,0,0
2024-06-03,Desk Lamp,Home & Kitchen,13,30,0,Dhaka,390.0,2024,6,3,0,0
2024-06-03,Skincare Set,Beauty,10,45,15,Chattogram,382.5,2024,6,3,0,0
2024-06-04,Laptop,Electronics,2,850,5,Chattogram,1615.0,2024,6,4,1,0
2024-06-04,Smartphone,Electronics,4,500,5,Rajshahi,1900.0,2024,6,4,1,0
2024-06-04,Headphones,Electronics,7,80,10,Khulna,504.0,2024,6,4,1,0
2024-06-04,T-Shirt,Fashion,11,25,5,Khulna,261.25,2024,6,4,1,0
2024-06-04,Sneakers,Fashion,1,60,10,Chattogram,54.0,2024,6,4,1,0
2024-06-04,Backpack,Fashion,6,40,5,Chattogram,228.0,2024,6,4,1,0
2024-06-04,Coffee Maker,Home & Kitchen,2,90,5,Khulna,171.0,2024,6,4,1,0
2024-06-04,Blender,Home & Kitchen,4,55,10,Chattogram,198.0,2024,6,4,1,0
2024-06-04,Desk Lamp,Home & Kitchen,9,30,5,Khulna,256.5,2024,6,4,1,0
2024-06-04,Skincare Set,Beauty,11,45,5,Chattogram,470.25,2024,6,4,1,0
2024-06-05,Laptop,Electronics,4,850,10,Rajshahi,3060.0,2024,6,5,2,0
2024-06-05,Smartphone,Electronics,2,500,5,Rajshahi,950.0,2024,6,5,2,0
2024-06-05,Headphones,Electronics,6,80,5,Sylhet,456.0,2024,6,5,2,0
2024-06-05,T-Shirt,Fashion,22,25,0,Chattogram,550.0,2024,6,5,2,0
2024-06-05,Sneakers,Fashion,9,60,10,Sylhet,486.0,2024,6,5,2,0
2024-06-05,Backpack,Fashion,13,40,0,Sylhet,520.0,2024,6,5,2,0
2024-06-05,Coffee Maker,Home & Kitchen,3,90,5,Dhaka,256.5,2024,6,5,2,0
2024-06-05,Blender,Home & Kitchen,11,55,0,Sylhet,605.0,2024,6,5,2,0
2024-06-05,Desk Lamp,Home & Kitchen,13,30,5,Chattogram,370.5,2024,6,5,2,0
2024-06-05,Skincare Set,Beauty,8,45,5,Sylhet,342.0,2024,6,5,2,0
2024-06-06,Laptop,Electronics,6,850,5,Chattogram,4845.0,2024,6,6,3,0
2024-06-06,Smartphone,Electronics,8,500,0,Dhaka,4000.0,2024,6,6,3,0
2024-06-06,Headphones,Electronics,6,80,5,Khulna,456.0,2024,6,6,3,0
2024-06-06,T-Shirt,Fashion,10,25,0,Sylhet,250.0,2024,6,6,3,0
2024-06-06,Sneakers,Fashion,9,60,5,Rajshahi,513.0,2024,6,6,3,0
2024-06-06,Backpack,Fashion,16,40,0,Chattogram,640.0,2024,6,6,3,0
2024-06-06,Coffee Maker,Home & Kitchen,6,90,10,Dhaka,486.0,2024,6,6,3,0
2024-06-06,Blender,Home & Kitchen,9,55,0,Khulna,495.0,2024,6,6,3,0
2024-06-06,Desk Lamp,Home & Kitchen,13,30,0,Khulna,390.0,2024,6,6,3,0
2024-06-06,Skincare Set,Beauty,11,45,10,Rajshahi,445.5,2024,6,6,3,0
2024-06-07,Laptop,Electronics,6,850,5,Dhaka,4845.0,2024,6,7,4,0
2024-06-07,Smartphone,Electronics,4,500,5,Rajshahi,1900.0,2024,6,7,4,0
2024-06-07,Headphones,Electronics,11,80,10,Khulna,792.0,2024,6,7,4,0
2024-06-07,T-Shirt,Fashion,12,25,0,Khulna,300.0,2024,6,7,4,0
2024-06-07,Sneakers,Fashion,6,60,0,Khulna,360.0,2024,6,7,4,0
2024-06-07,Backpack,Fashion,9,40,10,Chattogram,324.0,2024,6,7,4,0
2024-06-07,Coffee Maker,Home & Kitchen,2,90,0,Chattogram,180.0,2024,6,7,4,0
2024-06-07,Blender,Home & Kitchen,7,55,0,Sylhet,385.0,2024,6,7,4,0
2024-06-07,Desk Lamp,Home & Kitchen,8,30,0,Rajshahi,240.0,2024,6,7,4,0
2024-06-07,Skincare Set,Beauty,9,45,5,Dhaka,384.75,2024,6,7,4,0
2024-06-08,Laptop,Electronics,7,850,0,Rajshahi,5950.0,2024,6,8,5,1
2024-06-08,Smartphone,Electronics,7,500,5,Chattogram,3325.0,2024,6,8,5,1
2024-06-08,Headphones,Electronics,12,80,10,Chattogram,864.0,2024,6,8,5,1
2024-06-08,T-Shirt,Fashion,21,25,0,Sylhet,525.0,2024,6,8,5,1
2024-06-08,Sneakers,Fashion,15,60,0,Khulna,900.0,2024,6,8,5,1
2024-06-08,Backpack,Fashion,12,40,15,Rajshahi,408.0,2024,6,8,5,1
2024-06-08,Coffee Maker,Home & Kitchen,6,90,0,Khulna,540.0,2024,6,8,5,1
2024-06-08,Blender,Home & Kitchen,5,55,0,Rajshahi,275.0,2024,6,8,5,1
2024-06-08,Desk Lamp,Home & Kitchen,13,30,0,Khulna,390.0,2024,6,8,5,1
2024-06-08,Skincare Set,Beauty,6,45,0,Rajshahi,270.0,2024,6,8,5,1
2024-06-09,Laptop,Electronics,6,850,0,Sylhet,5100.0,2024,6,9,6,1
2024-06-09,Smartphone,Electronics,4,500,10,Rajshahi,1800.0,2024,6,9,6,1
2024-06-09,Headphones,Electronics,12,80,0,Dhaka,960.0,2024,6,9,6,1
2024-06-09,T-Shirt,Fashion,15,25,0,Sylhet,375.0,2024,6,9,6,1
2024-06-09,Sneakers,Fashion,8,60,5,Dhaka,456.0,2024,6,9,6,1
2024-06-09,Backpack,Fashion,8,40,0,Sylhet,320.0,2024,6,9,6,1
2024-06-09,Coffee Maker,Home & Kitchen,3,90,5,Chattogram,256.5,2024,6,9,6,1
2024-06-09,Blender,Home & Kitchen,12,55,5,Chattogram,627.0,2024,6,9,6,1
2024-06-09,Desk Lamp,Home & Kitchen,12,30,5,Sylhet,342.0,2024,6,9,6,1
2024-06-09,Skincare Set,Beauty,3,45,0,Sylhet,135.0,2024,6,9,6,1
2024-06-10,Laptop,Electronics,2,850,0,Rajshahi,1700.0,2024,6,10,0,0
2024-06-10,Smartphone,Electronics,4,500,0,Dhaka,2000.0,2024,6,10,0,0
2024-06-10,Headphones,Electronics,11,80,5,Dhaka,836.0,2024,6,10,0,0
2024-06-10,T-Shirt,Fashion,21,25,0,Chattogram,525.0,2024,6,10,0,0
2024-06-10,Sneakers,Fashion,5,60,0,Rajshahi,300.0,2024,6,10,0,0
2024-06-10,Backpack,Fashion,8,40,5,Dhaka,304.0,2024,6,10,0,0
2024-06-10,Coffee Maker,Home & Kitchen,6,90,5,Chattogram,513.0,2024,6,10,0,0
2024-06-10,Blender,Home & Kitchen,8,55,0,Dhaka,440.0,2024,6,10,0,0
2024-06-10,Desk Lamp,Home & Kitchen,4,30,0,Chattogram,120.0,2024,6,10,0,0
2024-06-10,Skincare Set,Beauty,3,45,0,Chattogram,135.0,2024,6,10,0,0
2024-06-11,Laptop,Electronics,3,850,0,Chattogram,2550.0,2024,6,11,1,0
2024-06-11,Smartphone,Electronics,8,500,0,Khulna,4000.0,2024,6,11,1,0
2024-06-11,Headphones,Electronics,14,80,5,Rajshahi,1064.0,2024,6,11,1,0
2024-06-11,T-Shirt,Fashion,11,25,10,Sylhet,247.5,2024,6,11,1,0
2024-06-11,Sneakers,Fashion,2,60,0,Khulna,120.0,2024,6,11,1,0
2024-06-11,Backpack,Fashion,5,40,5,Khulna,190.0,2024,6,11,1,0
2024-06-11,Coffee Maker,Home & Kitchen,7,90,0,Chattogram,630.0,2024,6,11,1,0
2024-06-11,Blender,Home & Kitchen,11,55,0,Sylhet,605.0,2024,6,11,1,0
2024-06-11,Desk Lamp,Home & Kitchen,13,30,0,Khulna,390.0,2024,6,11,1,0
2024-06-11,Skincare Set,Beauty,11,45,5,Sylhet,470.25,2024,6,11,1,0
2024-06-12,Laptop,Electronics,2,850,0,Khulna,1700.0,2024,6,12,2,0
2024-06-12,Smartphone,Electronics,6,500,0,Khulna,3000.0,2024,6,12,2,0
2024-06-12,Headphones,Electronics,7,80,5,Rajshahi,532.0,2024,6,12,2,0
2024-06-12,T-Shirt,Fashion,12,25,5,Rajshahi,285.0,2024,6,12,2,0
2024-06-12,Sneakers,Fashion,8,60,0,Dhaka,480.0,2024,6,12,2,0
2024-06-12,Backpack,Fashion,11,40,5,Dhaka,418.0,2024,6,12,2,0
2024-06-12,Coffee Maker,Home & Kitchen,3,90,5,Rajshahi,256.5,2024,6,12,2,0
2024-06-12,Blender,Home & Kitchen,12,55,5,Chattogram,627.0,2024,6,12,2,0
2024-06-12,Desk Lamp,Home & Kitchen,15,30,0,Rajshahi,450.0,2024,6,12,2,0
2024-06-12,Skincare Set,Beauty,5,45,0,Chattogram,225.0,2024,6,12,2,0
2024-06-13,Laptop,Electronics,6,850,0,Sylhet,5100.0,2024,6,13,3,0
2024-06-13,Smartphone,Electronics,2,500,10,Dhaka,900.0,2024,6,13,3,0
2024-06-13,Headphones,Electronics,13,80,0,Rajshahi,1040.0,2024,6,13,3,0
2024-06-13,T-Shirt,Fashion,13,25,5,Rajshahi,308.75,2024,6,13,3,0
2024-06-13,Sneakers,Fashion,8,60,5,Sylhet,456.0,2024,6,13,3,0
2024-06-13,Backpack,Fashion,7,40,0,Dhaka,280.0,2024,6,13,3,0
2024-06-13,Coffee Maker,Home & Kitchen,2,90,10,Rajshahi,162.0,2024,6,13,3,0
2024-06-13,Blender,Home & Kitchen,10,55,5,Chattogram,522.5,2024,6,13,3,0
2024-06-13,Desk Lamp,Home & Kitchen,17,30,15,Khulna,433.5,2024,6,13,3,0
2024-06-13,Skincare Set,Beauty,9,45,10,Dhaka,364.5,2024,6,13,3,0
2024-06-14,Laptop,Electronics,9,850,0,Rajshahi,7650.0,2024,6,14,4,0
2024-06-14,Smartphone,Electronics,8,500,5,Sylhet,3800.0,2024,6,14,4,0
2024-06-14,Headphones,Electronics,8,80,5,Khulna,608.0,2024,6,14,4,0
2024-06-14,T-Shirt,Fashion,10,25,0,Dhaka,250.0,2024,6,14,4,0
2024-06-14,Sneakers,Fashion,12,60,0,Dhaka,720.0,2024,6,14,4,0
2024-06-14,Backpack,Fashion,10,40,0,Rajshahi,400.0,2024,6,14,4,0
2024-06-14,Coffee Maker,Home & Kitchen,0,90,0,Rajshahi,0.0,2024,6,14,4,0
2024-06-14,Blender,Home & Kitchen,9,55,0,Chattogram,495.0,2024,6,14,4,0
2024-06-14,Desk Lamp,Home & Kitchen,11,30,10,Rajshahi,297.0,2024,6,14,4,0
2024-06-14,Skincare Set,Beauty,11,45,0,Dhaka,495.0,2024,6,14,4,0
2024-06-15,Laptop,Electronics,3,850,15,Sylhet,2167.5,2024,6,15,5,1
2024-06-15,Smartphone,Electronics,7,500,0,Khulna,3500.0,2024,6,15,5,1
2024-06-15,Headphones,Electronics,11,80,15,Rajshahi,748.0,2024,6,15,5,1
2024-06-15,T-Shirt,Fashion,17,25,0,Sylhet,425.0,2024,6,15,5,1
2024-06-15,Sneakers,Fashion,11,60,5,Rajshahi,627.0,2024,6,15,5,1
2024-06-15,Backpack,Fashion,5,40,15,Dhaka,170.0,2024,6,15,5,1
2024-06-15,Coffee Maker,Home & Kitchen,6,90,5,Chattogram,513.0,2024,6,15,5,1
2024-06-15,Blender,Home & Kitchen,11,55,0,Chattogram,605.0,2024,6,15,5,1
2024-06-15,Desk Lamp,Home & Kitchen,9,30,10,Sylhet,243.0,2024,6,15,5,1
2024-06-15,Skincare Set,Beauty,17,45,5,Khulna,726.75,2024,6,15,5,1
2024-06-16,Laptop,Electronics,4,850,0,Rajshahi,3400.0,2024,6,16,6,1
2024-06-16,Smartphone,Electronics,6,500,0,Sylhet,3000.0,2024,6,16,6,1
2024-06-16,Headphones,Electronics,7,80,5,Sylhet,532.0,2024,6,16,6,1
2024-06-16,T-Shirt,Fashion,8,25,5,Khulna,190.0,2024,6,16,6,1
2024-06-16,Sneakers,Fashion,8,60,0,Khulna,480.0,2024,6,16,6,1
2024-06-16,Backpack,Fashion,9,40,0,Khulna,360.0,2024,6,16,6,1
2024-06-16,Coffee Maker,Home & Kitchen,3,90,5,Chattogram,256.5,2024,6,16,6,1
2024-06-16,Blender,Home & Kitchen,6,55,0,Rajshahi,330.0,2024,6,16,6,1
2024-06-16,Desk Lamp,Home & Kitchen,17,30,0,Sylhet,510.0,2024,6,16,6,1
2024-06-16,Skincare Set,Beauty,17,45,10,Chattogram,688.5,2024,6,16,6,1
2024-06-17,Laptop,Electronics,1,850,10,Chattogram,765.0,2024,6,17,0,0
2024-06-17,Smartphone,Electronics,8,500,10,Sylhet,3600.0,2024,6,17,0,0
2024-06-17,Headphones,Electronics,12,80,5,Rajshahi,912.0,2024,6,17,0,0
2024-06-17,T-Shirt,Fashion,17,25,0,Chattogram,425.0,2024,6,17,0,0
2024-06-17,Sneakers,Fashion,8,60,0,Sylhet,480.0,2024,6,17,0,0
2024-06-17,Backpack,Fashion,12,40,5,Rajshahi,456.0,2024,6,17,0,0
2024-06-17,Coffee Maker,Home & Kitchen,4,90,5,Khulna,342.0,2024,6,17,0,0
2024-06-17,Blender,Home & Kitchen,14,55,0,Rajshahi,770.0,2024,6,17,0,0
2024-06-17,Desk Lamp,Home & Kitchen,15,30,0,Khulna,450.0,2024,6,17,0,0
2024-06-17,Skincare Set,Beauty,10,45,0,Khulna,450.0,2024,6,17,0,0
2024-06-18,Laptop,Electronics,2,850,5,Dhaka,1615.0,2024,6,18,1,0
2024-06-18,Smartphone,Electronics,6,500,5,Sylhet,2850.0,2024,6,18,1,0
2024-06-18,Headphones,Electronics,12,80,0,Chattogram,960.0,2024,6,18,1,0
2024-06-18,T-Shirt,Fashion,11,25,0,Chattogram,275.0,2024,6,18,1,0
2024-06-18,Sneakers,Fashion,5,60,0,Khulna,300.0,2024,6,18,1,0
2024-06-18,Backpack,Fashion,8,40,0,Rajshahi,320.0,2024,6,18,1,0
2024-06-18,Coffee Maker,Home & Kitchen,2,90,0,Sylhet,180.0,2024,6,18,1,0
2024-06-18,Blender,Home & Kitchen,6,55,0,Khulna,330.0,2024,6,18,1,0
2024-06-18,Desk Lamp,Home & Kitchen,4,30,10,Chattogram,108.0,2024,6,18,1,0
2024-06-18,Skincare Set,Beauty,10,45,5,Dhaka,427.5,2024,6,18,1,0
2024-06-19,Laptop,Electronics,2,850,10,Dhaka,1530.0,2024,6,19,2,0
2024-06-19,Smartphone,Electronics,7,500,10,Rajshahi,3150.0,2024,6,19,2,0
2024-06-19,Headphones,Electronics,7,80,15,Sylhet,476.0,2024,6,19,2,0
2024-06-19,T-Shirt,Fashion,17,25,5,Khulna,403.75,2024,6,19,2,0
2024-06-19,Sneakers,Fashion,6,60,0,Chattogram,360.0,2024,6,19,2,0
2024-06-19,Backpack,Fashion,4,40,10,Sylhet,144.0,2024,6,19,2,0
2024-06-19,Coffee Maker,Home & Kitchen,5,90,0,Dhaka,450.0,2024,6,19,2,0
2024-06-19,Blender,Home & Kitchen,7,55,0,Dhaka,385.0,2024,6,19,2,0
2024-06-19,Desk Lamp,Home & Kitchen,9,30,0,Khulna,270.0,2024,6,19,2,0
2024-06-19,Skincare Set,Beauty,8,45,0,Chattogram,360.0,2024,6,19,2,0
2024-06-20,Laptop,Electronics,3,850,0,Dhaka,2550.0,2024,6,20,3,0
2024-06-20,Smartphone,Electronics,6,500,0,Dhaka,3000.0,2024,6,20,3,0
2024-06-20,Headphones,Electronics,13,80,0,Sylhet,1040.0,2024,6,20,3,0
2024-06-20,T-Shirt,Fashion,16,25,5,Chattogram,380.0,2024,6,20,3,0
2024-06-20,Sneakers,Fashion,11,60,5,Khulna,627.0,2024,6,20,3,0
2024-06-20,Backpack,Fashion,7,40,10,Dhaka,252.0,2024,6,20,3,0
2024-06-20,Coffee Maker,Home & Kitchen,6,90,10,Sylhet,486.0,2024,6,20,3,0
2024-06-20,Blender,Home & Kitchen,7,55,0,Khulna,385.0,2024,6,20,3,0
2024-06-20,Desk Lamp,Home & Kitchen,8,30,10,Khulna,216.0,2024,6,20,3,0
2024-06-20,Skincare Set,Beauty,10,45,0,Sylhet,450.0,2024,6,20,3,0
2024-06-21,Laptop,Electronics,1,850,10,Dhaka,765.0,2024,6,21,4,0
2024-06-21,Smartphone,Electronics,5,500,5,Chattogram,2375.0,2024,6,21,4,0
2024-06-21,Headphones,Electronics,8,80,0,Chattogram,640.0,2024,6,21,4,0
2024-06-21,T-Shirt,Fashion,9,25,10,Chattogram,202.5,2024,6,21,4,0
2024-06-21,Sneakers,Fashion,10,60,10,Chattogram,540.0,2024,6,21,4,0
2024-06-21,Backpack,Fashion,6,40,0,Dhaka,240.0,2024,6,21,4,0
2024-06-21,Coffee Maker,Home & Kitchen,8,90,0,Dhaka,720.0,2024,6,21,4,0
2024-06-21,Blender,Home & Kitchen,8,55,15,Khulna,374.0,2024,6,21,4,0
2024-06-21,Desk Lamp,Home & Kitchen,13,30,10,Chattogram,351.0,2024,6,21,4,0
2024-06-21,Skincare Set,Beauty,9,45,0,Dhaka,405.0,2024,6,21,4,0
2024-06-22,Laptop,Electronics,3,850,0,Khulna,2550.0,2024,6,22,5,1
2024-06-22,Smartphone,Electronics,3,500,10,Rajshahi,1350.0,2024,6,22,5,1
2024-06-22,Headphones,Electronics,7,80,10,Sylhet,504.0,2024,6,22,5,1
2024-06-22,T-Shirt,Fashion,26,25,0,Sylhet,650.0,2024,6,22,5,1
2024-06-22,Sneakers,Fashion,5,60,5,Sylhet,285.0,2024,6,22,5,1
2024-06-22,Backpack,Fashion,4,40,5,Rajshahi,152.0,2024,6,22,5,1
2024-06-22,Coffee Maker,Home & Kitchen,5,90,5,Dhaka,427.5,2024,6,22,5,1
2024-06-22,Blender,Home & Kitchen,9,55,15,Rajshahi,420.75,2024,6,22,5,1
2024-06-22,Desk Lamp,Home & Kitchen,14,30,10,Dhaka,378.0,2024,6,22,5,1
2024-06-22,Skincare Set,Beauty,4,45,0,Khulna,180.0,2024,6,22,5,1
2024-06-23,Laptop,Electronics,5,850,5,Rajshahi,4037.5,2024,6,23,6,1
2024-06-23,Smartphone,Electronics,4,500,5,Rajshahi,1900.0,2024,6,23,6,1
2024-06-23,Headphones,Electronics,8,80,0,Chattogram,640.0,2024,6,23,6,1
2024-06-23,T-Shirt,Fashion,16,25,5,Rajshahi,380.0,2024,6,23,6,1
2024-06-23,Sneakers,Fashion,7,60,0,Chattogram,420.0,2024,6,23,6,1
2024-06-23,Backpack,Fashion,4,40,0,Sylhet,160.0,2024,6,23,6,1
2024-06-23,Coffee Maker,Home & Kitchen,6,90,10,Dhaka,486.0,2024,6,23,6,1
2024-06-23,Blender,Home & Kitchen,6,55,5,Chattogram,313.5,2024,6,23,6,1
2024-06-23,Desk Lamp,Home & Kitchen,10,30,0,Chattogram,300.0,2024,6,23,6,1
2024-06-23,Skincare Set,Beauty,7,45,5,Sylhet,299.25,2024,6,23,6,1
2024-06-24,Laptop,Electronics,5,850,0,Sylhet,4250.0,2024,6,24,0,0
2024-06-24,Smartphone,Electronics,9,500,15,Sylhet,3825.0,2024,6,24,0,0
2024-06-24,Headphones,Electronics,9,80,0,Dhaka,720.0,2024,6,24,0,0
2024-06-24,T-Shirt,Fashion,12,25,0,Dhaka,300.0,2024,6,24,0,0
2024-06-24,Sneakers,Fashion,7,60,0,Rajshahi,420.0,2024,6,24,0,0
2024-06-24,Backpack,Fashion,11,40,5,Rajshahi,418.0,2024,6,24,0,0
2024-06-24,Coffee Maker,Home & Kitchen,2,90,15,Rajshahi,153.0,2024,6,24,0,0
2024-06-24,Blender,Home & Kitchen,14,55,10,Khulna,693.0,2024,6,24,0,0
2024-06-24,Desk Lamp,Home & Kitchen,11,30,0,Rajshahi,330.0,2024,6,24,0,0
2024-06-24,Skincare Set,Beauty,6,45,5,Chattogram,256.5,2024,6,24,0,0
2024-06-25,Laptop,Electronics,5,850,5,Dhaka,4037.5,2024,6,25,1,0
2024-06-25,Smartphone,Electronics,8,500,0,Sylhet,4000.0,2024,6,25,1,0
2024-06-25,Headphones,Electronics,3,80,5,Chattogram,228.0,2024,6,25,1,0
2024-06-25,T-Shirt,Fashion,12,25,10,Chattogram,270.0,2024,6,25,1,0
2024-06-25,Sneakers,Fashion,8,60,5,Chattogram,456.0,2024,6,25,1,0
2024-06-25,Backpack,Fashion,7,40,5,Sylhet,266.0,2024,6,25,1,0
2024-06-25,Coffee Maker,Home & Kitchen,4,90,10,Rajshahi,324.0,2024,6,25,1,0
2024-06-25,Blender,Home & Kitchen,10,55,10,Rajshahi,495.0,2024,6,25,1,0
2024-06-25,Desk Lamp,Home & Kitchen,9,30,0,Sylhet,270.0,2024,6,25,1,0
2024-06-25,Skincare Set,Beauty,9,45,0,Chattogram,405.0,2024,6,25,1,0
2024-06-26,Laptop,Electronics,1,850,0,Chattogram,850.0,2024,6,26,2,0
2024-06-26,Smartphone,Electronics,3,500,0,Khulna,1500.0,2024,6,26,2,0
2024-06-26,Headphones,Electronics,16,80,0,Sylhet,1280.0,2024,6,26,2,0
2024-06-26,T-Shirt,Fashion,9,25,0,Dhaka,225.0,2024,6,26,2,0
2024-06-26,Sneakers,Fashion,9,60,10,Rajshahi,486.0,2024,6,26,2,0
2024-06-26,Backpack,Fashion,8,40,5,Khulna,304.0,2024,6,26,2,0
2024-06-26,Coffee Maker,Home & Kitchen,7,90,0,Rajshahi,630.0,2024,6,26,2,0
2024-06-26,Blender,Home & Kitchen,6,55,5,Chattogram,313.5,2024,6,26,2,0
2024-06-26,Desk Lamp,Home & Kitchen,4,30,5,Rajshahi,114.0,2024,6,26,2,0
2024-06-26,Skincare Set,Beauty,12,45,0,Sylhet,540.0,2024,6,26,2,0
2024-06-27,Laptop,Electronics,2,850,5,Sylhet,1615.0,2024,6,27,3,0
2024-06-27,Smartphone,Electronics,4,500,0,Dhaka,2000.0,2024,6,27,3,0
2024-06-27,Headphones,Electronics,10,80,0,Sylhet,800.0,2024,6,27,3,0
2024-06-27,T-Shirt,Fashion,12,25,5,Khulna,285.0,2024,6,27,3,0
2024-06-27,Sneakers,Fashion,8,60,5,Rajshahi,456.0,2024,6,27,3,0
2024-06-27,Backpack,Fashion,5,40,5,Chattogram,190.0,2024,6,27,3,0
2024-06-27,Coffee Maker,Home & Kitchen,5,90,0,Chattogram,450.0,2024,6,27,3,0
2024-06-27,Blender,Home & Kitchen,8,55,15,Chattogram,374.0,2024,6,27,3,0
2024-06-27,Desk Lamp,Home & Kitchen,14,30,0,Rajshahi,420.0,2024,6,27,3,0
2024-06-27,Skincare Set,Beauty,10,45,0,Khulna,450.0,2024,6,27,3,0
2024-06-28,Laptop,Electronics,0,850,0,Rajshahi,0.0,2024,6,28,4,0
2024-06-28,Smartphone,Electronics,2,500,5,Chattogram,950.0,2024,6,28,4,0
2024-06-28,Headphones,Electronics,8,80,15,Khulna,544.0,2024,6,28,4,0
2024-06-28,T-Shirt,Fashion,15,25,5,Chattogram,356.25,2024,6,28,4,0
2024-06-28,Sneakers,Fashion,11,60,5,Dhaka,627.0,2024,6,28,4,0
2024-06-28,Backpack,Fashion,9,40,10,Rajshahi,324.0,2024,6,28,4,0
2024-06-28,Coffee Maker,Home & Kitchen,3,90,10,Chattogram,243.0,2024,6,28,4,0
2024-06-28,Blender,Home & Kitchen,9,55,0,Sylhet,495.0,2024,6,28,4,0
2024-06-28,Desk Lamp,Home & Kitchen,4,30,0,Rajshahi,120.0,2024,6,28,4,0
2024-06-28,Skincare Set,Beauty,9,45,10,Khulna,364.5,2024,6,28,4,0
2024-06-29,Laptop,Electronics,6,850,5,Sylhet,4845.0,2024,6,29,5,1
2024-06-29,Smartphone,Electronics,5,500,0,Rajshahi,2500.0,2024,6,29,5,1
2024-06-29,Headphones,Electronics,10,80,5,Sylhet,760.0,2024,6,29,5,1
2024-06-29,T-Shirt,Fashion,13,25,5,Sylhet,308.75,2024,6,29,5,1
2024-06-29,Sneakers,Fashion,7,60,10,Khulna,378.0,2024,6,29,5,1
2024-06-29,Backpack,Fashion,10,40,5,Khulna,380.0,2024,6,29,5,1
2024-06-29,Coffee Maker,Home & Kitchen,6,90,5,Khulna,513.0,2024,6,29,5,1
2024-06-29,Blender,Home & Kitchen,8,55,10,Rajshahi,396.0,2024,6,29,5,1
2024-06-29,Desk Lamp,Home & Kitchen,7,30,5,Rajshahi,199.5,2024,6,29,5,1
2024-06-29,Skincare Set,Beauty,11,45,0,Sylhet,495.0,2024,6,29,5,1
2024-06-30,Laptop,Electronics,3,850,0,Dhaka,2550.0,2024,6,30,6,1
2024-06-30,Smartphone,Electronics,4,500,0,Sylhet,2000.0,2024,6,30,6,1
2024-06-30,Headphones,Electronics,9,80,5,Khulna,684.0,2024,6,30,6,1
2024-06-30,T-Shirt,Fashion,11,25,5,Sylhet,261.25,2024,6,30,6,1
2024-06-30,Sneakers,Fashion,4,60,5,Sylhet,228.0,2024,6,30,6,1
2024-06-30,Backpack,Fashion,7,40,5,Sylhet,266.0,2024,6,30,6,1
2024-06-30,Coffee Maker,Home & Kitchen,5,90,0,Khulna,450.0,2024,6,30,6,1
2024-06-30,Blender,Home & Kitchen,7,55,5,Rajshahi,365.75,2024,6,30,6,1
2024-06-30,Desk Lamp,Home & Kitchen,14,30,10,Khulna,378.0,2024,6,30,6,1
2024-06-30,Skincare Set,Beauty,10,45,5,Sylhet,427.5,2024,6,30,6,1
2024-07-01,Laptop,Electronics,3,850,0,Sylhet,2550.0,2024,7,1,0,0
2024-07-01,Smartphone,Electronics,6,500,0,Rajshahi,3000.0,2024,7,1,0,0
2024-07-01,Headphones,Electronics,9,80,0,Sylhet,720.0,2024,7,1,0,0
2024-07-01,T-Shirt,Fashion,9,25,15,Dhaka,191.25,2024,7,1,0,0
2024-07-01,Sneakers,Fashion,3,60,5,Dhaka,171.0,2024,7,1,0,0
2024-07-01,Backpack,Fashion,8,40,0,Sylhet,320.0,2024,7,1,0,0
2024-07-01,Coffee Maker,Home & Kitchen,4,90,5,Dhaka,342.0,2024,7,1,0,0
2024-07-01,Blender,Home & Kitchen,7,55,5,Chattogram,365.75,2024,7,1,0,0
2024-07-01,Desk Lamp,Home & Kitchen,6,30,15,Khulna,153.0,2024,7,1,0,0
2024-07-01,Skincare Set,Beauty,16,45,5,Sylhet,684.0,2024,7,1,0,0
2024-07-02,Laptop,Electronics,4,850,5,Sylhet,3230.0,2024,7,2,1,0
2024-07-02,Smartphone,Electronics,6,500,0,Khulna,3000.0,2024,7,2,1,0
2024-07-02,Headphones,Electronics,11,80,10,Sylhet,792.0,2024,7,2,1,0
2024-07-02,T-Shirt,Fashion,10,25,10,Chattogram,225.0,2024,7,2,1,0
2024-07-02,Sneakers,Fashion,5,60,5,Sylhet,285.0,2024,7,2,1,0
2024-07-02,Backpack,Fashion,12,40,10,Chattogram,432.0,2024,7,2,1,0
2024-07-02,Coffee Maker,Home & Kitchen,3,90,0,Chattogram,270.0,2024,7,2,1,0
2024-07-02,Blender,Home & Kitchen,4,55,5,Khulna,209.0,2024,7,2,1,0
2024-07-02,Desk Lamp,Home & Kitchen,12,30,10,Khulna,324.0,2024,7,2,1,0
2024-07-02,Skincare Set,Beauty,8,45,0,Sylhet,360.0,2024,7,2,1,0
2024-07-03,Laptop,Electronics,6,850,5,Chattogram,4845.0,2024,7,3,2,0
2024-07-03,Smartphone,Electronics,10,500,10,Sylhet,4500.0,2024,7,3,2,0
2024-07-03,Headphones,Electronics,5,80,0,Dhaka,400.0,2024,7,3,2,0
2024-07-03,T-Shirt,Fashion,6,25,10,Sylhet,135.0,2024,7,3,2,0
2024-07-03,Sneakers,Fashion,4,60,10,Chattogram,216.0,2024,7,3,2,0
2024-07-03,Backpack,Fashion,7,40,10,Dhaka,252.0,2024,7,3,2,0
2024-07-03,Coffee Maker,Home & Kitchen,6,90,10,Rajshahi,486.0,2024,7,3,2,0
2024-07-03,Blender,Home & Kitchen,4,55,5,Rajshahi,209.0,2024,7,3,2,0
2024-07-03,Desk Lamp,Home & Kitchen,8,30,0,Rajshahi,240.0,2024,7,3,2,0
2024-07-03,Skincare Set,Beauty,8,45,0,Khulna,360.0,2024,7,3,2,0
2024-07-04,Laptop,Electronics,2,850,5,Khulna,1615.0,2024,7,4,3,0
2024-07-04,Smartphone,Electronics,4,500,0,Sylhet,2000.0,2024,7,4,3,0
2024-07-04,Headphones,Electronics,7,80,5,Chattogram,532.0,2024,7,4,3,0
2024-07-04,T-Shirt,Fashion,11,25,0,Sylhet,275.0,2024,7,4,3,0
2024-07-04,Sneakers,Fashion,7,60,15,Chattogram,357.0,2024,7,4,3,0
2024-07-04,Backpack,Fashion,9,40,10,Dhaka,324.0,2024,7,4,3,0
2024-07-04,Coffee Maker,Home & Kitchen,4,90,5,Chattogram,342.0,2024,7,4,3,0
2024-07-04,Blender,Home & Kitchen,4,55,15,Rajshahi,187.0,2024,7,4,3,0
2024-07-04,Desk Lamp,Home & Kitchen,9,30,5,Khulna,256.5,2024,7,4,3,0
2024-07-04,Skincare Set,Beauty,8,45,0,Dhaka,360.0,2024,7,4,3,0
2024-07-05,Laptop,Electronics,5,850,10,Chattogram,3825.0,2024,7,5,4,0
2024-07-05,Smartphone,Electronics,5,500,0,Khulna,2500.0,2024,7,5,4,0
2024-07-05,Headphones,Electronics,12,80,0,Dhaka,960.0,2024,7,5,4,0
2024-07-05,T-Shirt,Fashion,9,25,5,Dhaka,213.75,2024,7,5,4,0
2024-07-05,Sneakers,Fashion,9,60,10,Dhaka,486.0,2024,7,5,4,0
2024-07-05,Backpack,Fashion,11,40,15,Chattogram,374.0,2024,7,5,4,0
2024-07-05,Coffee Maker,Home & Kitchen,7,90,0,Dhaka,630.0,2024,7,5,4,0
2024-07-05,Blender,Home & Kitchen,4,55,0,Rajshahi,220.0,2024,7,5,4,0
2024-07-05,Desk Lamp,Home & Kitchen,15,30,0,Dhaka,450.0,2024,7,5,4,0
2024-07-05,Skincare Set,Beauty,17,45,0,Khulna,765.0,2024,7,5,4,0
2024-07-06,Laptop,Electronics,3,850,10,Khulna,2295.0,2024,7,6,5,1
2024-07-06,Smartphone,Electronics,6,500,0,Chattogram,3000.0,2024,7,6,5,1
2024-07-06,Headphones,Electronics,10,80,0,Khulna,800.0,2024,7,6,5,1
2024-07-06,T-Shirt,Fashion,14,25,0,Rajshahi,350.0,2024,7,6,5,1
2024-07-06,Sneakers,Fashion,11,60,5,Rajshahi,627.0,2024,7,6,5,1
2024-07-06,Backpack,Fashion,6,40,5,Chattogram,228.0,2024,7,6,5,1
2024-07-06,Coffee Maker,Home & Kitchen,3,90,5,Chattogram,256.5,2024,7,6,5,1
2024-07-06,Blender,Home & Kitchen,8,55,5,Rajshahi,418.0,2024,7,6,5,1
2024-07-06,Desk Lamp,Home & Kitchen,8,30,5,Khulna,228.0,2024,7,6,5,1
2024-07-06,Skincare Set,Beauty,10,45,0,Rajshahi,450.0,2024,7,6,5,1
2024-07-07,Laptop,Electronics,1,850,0,Sylhet,850.0,2024,7,7,6,1
2024-07-07,Smartphone,Electronics,8,500,5,Chattogram,3800.0,2024,7,7,6,1
2024-07-07,Headphones,Electronics,11,80,0,Chattogram,880.0,2024,7,7,6,1
2024-07-07,T-Shirt,Fashion,12,25,0,Khulna,300.0,2024,7,7,6,1
2024-07-07,Sneakers,Fashion,12,60,10,Khulna,648.0,2024,7,7,6,1
2024-07-07,Backpack,Fashion,5,40,5,Khulna,190.0,2024,7,7,6,1
2024-07-07,Coffee Maker,Home & Kitchen,8,90,15,Dhaka,612.0,2024,7,7,6,1
2024-07-07,Blender,Home & Kitchen,8,55,5,Dhaka,418.0,2024,7,7,6,1
2024-07-07,Desk Lamp,Home & Kitchen,16,30,10,Sylhet,432.0,2024,7,7,6,1
2024-07-07,Skincare Set,Beauty,13,45,10,Chattogram,526.5,2024,7,7,6,1
2024-07-08,Laptop,Electronics,0,850,0,Khulna,0.0,2024,7,8,0,0
2024-07-08,Smartphone,Electronics,3,500,0,Chattogram,1500.0,2024,7,8,0,0
2024-07-08,Headphones,Electronics,14,80,15,Dhaka,952.0,2024,7,8,0,0
2024-07-08,T-Shirt,Fashion,12,25,5,Rajshahi,285.0,2024,7,8,0,0
2024-07-08,Sneakers,Fashion,6,60,5,Rajshahi,342.0,2024,7,8,0,0
2024-07-08,Backpack,Fashion,8,40,0,Khulna,320.0,2024,7,8,0,0
2024-07-08,Coffee Maker,Home & Kitchen,8,90,0,Khulna,720.0,2024,7,8,0,0
2024-07-08,Blender,Home & Kitchen,5,55,0,Dhaka,275.0,2024,7,8,0,0
2024-07-08,Desk Lamp,Home & Kitchen,8,30,0,Dhaka,240.0,2024,7,8,0,0
2024-07-08,Skincare Set,Beauty,6,45,0,Dhaka,270.0,2024,7,8,0,0
2024-07-09,Laptop,Electronics,1,850,5,Sylhet,807.5,2024,7,9,1,0
2024-07-09,Smartphone,Electronics,5,500,0,Rajshahi,2500.0,2024,7,9,1,0
2024-07-09,Headphones,Electronics,6,80,0,Chattogram,480.0,2024,7,9,1,0
2024-07-09,T-Shirt,Fashion,14,25,5,Chattogram,332.5,2024,7,9,1,0
2024-07-09,Sneakers,Fashion,7,60,10,Rajshahi,378.0,2024,7,9,1,0
2024-07-09,Backpack,Fashion,7,40,0,Khulna,280.0,2024,7,9,1,0
2024-07-09,Coffee Maker,Home & Kitchen,8,90,5,Rajshahi,684.0,2024,7,9,1,0
2024-07-09,Blender,Home & Kitchen,5,55,15,Khulna,233.75,2024,7,9,1,0
2024-07-09,Desk Lamp,Home & Kitchen,14,30,0,Khulna,420.0,2024,7,9,1,0
2024-07-09,Skincare Set,Beauty,13,45,0,Rajshahi,585.0,2024,7,9,1,0
2024-07-10,Laptop,Electronics,4,850,0,Rajshahi,3400.0,2024,7,10,2,0
2024-07-10,Smartphone,Electronics,4,500,0,Chattogram,2000.0,2024,7,10,2,0
2024-07-10,Headphones,Electronics,7,80,0,Dhaka,560.0,2024,7,10,2,0
2024-07-10,T-Shirt,Fashion,15,25,15,Rajshahi,318.75,2024,7,10,2,0
2024-07-10,Sneakers,Fashion,9,60,15,Chattogram,459.0,2024,7,10,2,0
2024-07-10,Backpack,Fashion,11,40,0,Dhaka,440.0,2024,7,10,2,0
2024-07-10,Coffee Maker,Home & Kitchen,3,90,5,Dhaka,256.5,2024,7,10,2,0
2024-07-10,Blender,Home & Kitchen,6,55,0,Rajshahi,330.0,2024,7,10,2,0
2024-07-10,Desk Lamp,Home & Kitchen,8,30,10,Sylhet,216.0,2024,7,10,2,0
2024-07-10,Skincare Set,Beauty,9,45,0,Rajshahi,405.0,2024,7,10,2,0
2024-07-11,Laptop,Electronics,2,850,0,Chattogram,1700.0,2024,7,11,3,0
2024-07-11,Smartphone,Electronics,4,500,0,Rajshahi,2000.0,2024,7,11,3,0
2024-07-11,Headphones,Electronics,8,80,0,Sylhet,640.0,2024,7,11,3,0
2024-07-11,T-Shirt,Fashion,12,25,0,Sylhet,300.0,2024,7,11,3,0
2024-07-11,Sneakers,Fashion,5,60,15,Rajshahi,255.0,2024,7,11,3,0
2024-07-11,Backpack,Fashion,8,40,5,Dhaka,304.0,2024,7,11,3,0
2024-07-11,Coffee Maker,Home & Kitchen,3,90,5,Dhaka,256.5,2024,7,11,3,0
2024-07-11,Blender,Home & Kitchen,11,55,5,Sylhet,574.75,2024,7,11,3,0
2024-07-11,Desk Lamp,Home & Kitchen,6,30,10,Chattogram,162.0,2024,7,11,3,0
2024-07-11,Skincare Set,Beauty,11,45,0,Khulna,495.0,2024,7,11,3,0
2024-07-12,Laptop,Electronics,2,850,0,Sylhet,1700.0,2024,7,12,4,0
2024-07-12,Smartphone,Electronics,4,500,0,Chattogram,2000.0,2024,7,12,4,0
2024-07-12,Headphones,Electronics,5,80,5,Sylhet,380.0,2024,7,12,4,0
2024-07-12,T-Shirt,Fashion,9,25,5,Khulna,213.75,2024,7,12,4,0
2024-07-12,Sneakers,Fashion,5,60,10,Dhaka,270.0,2024,7,12,4,0
2024-07-12,Backpack,Fashion,10,40,0,Khulna,400.0,2024,7,12,4,0
2024-07-12,Coffee Maker,Home & Kitchen,5,90,0,Chattogram,450.0,2024,7,12,4,0
2024-07-12,Blender,Home & Kitchen,6,55,0,Rajshahi,330.0,2024,7,12,4,0
2024-07-12,Desk Lamp,Home & Kitchen,16,30,0,Khulna,480.0,2024,7,12,4,0
2024-07-12,Skincare Set,Beauty,6,45,10,Khulna,243.0,2024,7,12,4,0
2024-07-13,Laptop,Electronics,4,850,15,Khulna,2890.0,2024,7,13,5,1
2024-07-13,Smartphone,Electronics,6,500,10,Sylhet,2700.0,2024,7,13,5,1
2024-07-13,Headphones,Electronics,11,80,0,Sylhet,880.0,2024,7,13,5,1
2024-07-13,T-Shirt,Fashion,13,25,0,Dhaka,325.0,2024,7,13,5,1
2024-07-13,Sneakers,Fashion,9,60,0,Khulna,540.0,2024,7,13,5,1
2024-07-13,Backpack,Fashion,10,40,5,Khulna,380.0,2024,7,13,5,1
2024-07-13,Coffee Maker,Home & Kitchen,5,90,5,Sylhet,427.5,2024,7,13,5,1
2024-07-13,Blender,Home & Kitchen,7,55,5,Dhaka,365.75,2024,7,13,5,1
2024-07-13,Desk Lamp,Home & Kitchen,9,30,0,Khulna,270.0,2024,7,13,5,1
2024-07-13,Skincare Set,Beauty,8,45,5,Rajshahi,342.0,2024,7,13,5,1
2024-07-14,Laptop,Electronics,4,850,0,Chattogram,3400.0,2024,7,14,6,1
2024-07-14,Smartphone,Electronics,5,500,5,Rajshahi,2375.0,2024,7,14,6,1
2024-07-14,Headphones,Electronics,5,80,10,Sylhet,360.0,2024,7,14,6,1
2024-07-14,T-Shirt,Fashion,17,25,0,Sylhet,425.0,2024,7,14,6,1
2024-07-14,Sneakers,Fashion,8,60,0,Rajshahi,480.0,2024,7,14,6,1
2024-07-14,Backpack,Fashion,12,40,5,Chattogram,456.0,2024,7,14,6,1
2024-07-14,Coffee Maker,Home & Kitchen,6,90,10,Sylhet,486.0,2024,7,14,6,1
2024-07-14,Blender,Home & Kitchen,7,55,10,Chattogram,346.5,2024,7,14,6,1
2024-07-14,Desk Lamp,Home & Kitchen,9,30,10,Sylhet,243.0,2024,7,14,6,1
2024-07-14,Skincare Set,Beauty,7,45,0,Rajshahi,315.0,2024,7,14,6,1
2024-07-15,Laptop,Electronics,1,850,5,Rajshahi,807.5,2024,7,15,0,0
2024-07-15,Smartphone,Electronics,3,500,10,Khulna,1350.0,2024,7,15,0,0
2024-07-15,Headphones,Electronics,4,80,0,Rajshahi,320.0,2024,7,15,0,0
2024-07-15,T-Shirt,Fashion,12,25,5,Khulna,285.0,2024,7,15,0,0
2024-07-15,Sneakers,Fashion,6,60,5,Dhaka,342.0,2024,7,15,0,0
2024-07-15,Backpack,Fashion,8,40,5,Rajshahi,304.0,2024,7,15,0,0
2024-07-15,Coffee Maker,Home & Kitchen,7,90,0,Rajshahi,630.0,2024,7,15,0,0
2024-07-15,Blender,Home & Kitchen,7,55,0,Dhaka,385.0,2024,7,15,0,0
2024-07-15,Desk Lamp,Home & Kitchen,4,30,0,Sylhet,120.0,2024,7,15,0,0
2024-07-15,Skincare Set,Beauty,10,45,5,Sylhet,427.5,2024,7,15,0,0
2024-07-16,Laptop,Electronics,3,850,5,Sylhet,2422.5,2024,7,16,1,0
2024-07-16,Smartphone,Electronics,5,500,0,Chattogram,2500.0,2024,7,16,1,0
2024-07-16,Headphones,Electronics,7,80,0,Rajshahi,560.0,2024,7,16,1,0
2024-07-16,T-Shirt,Fashion,15,25,0,Sylhet,375.0,2024,7,16,1,0
2024-07-16,Sneakers,Fashion,7,60,0,Rajshahi,420.0,2024,7,16,1,0
2024-07-16,Backpack,Fashion,11,40,5,Dhaka,418.0,2024,7,16,1,0
2024-07-16,Coffee Maker,Home & Kitchen,6,90,10,Chattogram,486.0,2024,7,16,1,0
2024-07-16,Blender,Home & Kitchen,7,55,5,Dhaka,365.75,2024,7,16,1,0
2024-07-16,Desk Lamp,Home & Kitchen,11,30,0,Chattogram,330.0,2024,7,16,1,0
2024-07-16,Skincare Set,Beauty,9,45,0,Sylhet,405.0,2024,7,16,1,0
2024-07-17,Laptop,Electronics,3,850,15,Chattogram,2167.5,2024,7,17,2,0
2024-07-17,Smartphone,Electronics,7,500,5,Sylhet,3325.0,2024,7,17,2,0
2024-07-17,Headphones,Electronics,12,80,5,Rajshahi,912.0,2024,7,17,2,0
2024-07-17,T-Shirt,Fashion,10,25,5,Rajshahi,237.5,2024,7,17,2,0
2024-07-17,Sneakers,Fashion,6,60,5,Dhaka,342.0,2024,7,17,2,0
2024-07-17,Backpack,Fashion,4,40,10,Khulna,144.0,2024,7,17,2,0
2024-07-17,Coffee Maker,Home & Kitchen,3,90,10,Rajshahi,243.0,2024,7,17,2,0
2024-07-17,Blender,Home & Kitchen,8,55,10,Dhaka,396.0,2024,7,17,2,0
2024-07-17,Desk Lamp,Home & Kitchen,12,30,5,Sylhet,342.0,2024,7,17,2,0
2024-07-17,Skincare Set,Beauty,9,45,10,Sylhet,364.5,2024,7,17,2,0
2024-07-18,Laptop,Electronics,2,850,5,Dhaka,1615.0,2024,7,18,3,0
2024-07-18,Smartphone,Electronics,5,500,5,Sylhet,2375.0,2024,7,18,3,0
2024-07-18,Headphones,Electronics,7,80,0,Dhaka,560.0,2024,7,18,3,0
2024-07-18,T-Shirt,Fashion,10,25,10,Chattogram,225.0,2024,7,18,3,0
2024-07-18,Sneakers,Fashion,7,60,5,Rajshahi,399.0,2024,7,18,3,0
2024-07-18,Backpack,Fashion,10,40,10,Rajshahi,360.0,2024,7,18,3,0
2024-07-18,Coffee Maker,Home & Kitchen,5,90,5,Dhaka,427.5,2024,7,18,3,0
2024-07-18,Blender,Home & Kitchen,8,55,5,Dhaka,418.0,2024,7,18,3,0
2024-07-18,Desk Lamp,Home & Kitchen,7,30,0,Chattogram,210.0,2024,7,18,3,0
2024-07-18,Skincare Set,Beauty,9,45,0,Chattogram,405.0,2024,7,18,3,0
2024-07-19,Laptop,Electronics,4,850,5,Sylhet,3230.0,2024,7,19,4,0
2024-07-19,Smartphone,Electronics,5,500,15,Sylhet,2125.0,2024,7,19,4,0
2024-07-19,Headphones,Electronics,7,80,10,Rajshahi,504.0,2024,7,19,4,0
2024-07-19,T-Shirt,Fashion,8,25,15,Rajshahi,170.0,2024,7,19,4,0
2024-07-19,Sneakers,Fashion,9,60,5,Rajshahi,513.0,2024,7,19,4,0
2024-07-19,Backpack,Fashion,5,40,5,Khulna,190.0,2024,7,19,4,0
2024-07-19,Coffee Maker,Home & Kitchen,6,90,10,Sylhet,486.0,2024,7,19,4,0
2024-07-19,Blender,Home & Kitchen,5,55,0,Sylhet,275.0,2024,7,19,4,0
2024-07-19,Desk Lamp,Home & Kitchen,7,30,10,Khulna,189.0,2024,7,19,4,0
2024-07-19,Skincare Set,Beauty,10,45,0,Sylhet,450.0,2024,7,19,4,0
2024-07-20,Laptop,Electronics,0,850,0,Rajshahi,0.0,2024,7,20,5,1
2024-07-20,Smartphone,Electronics,8,500,0,Dhaka,4000.0,2024,7,20,5,1
2024-07-20,Headphones,Electronics,10,80,0,Chattogram,800.0,2024,7,20,5,1
2024-07-20,T-Shirt,Fashion,18,25,5,Dhaka,427.5,2024,7,20,5,1
2024-07-20,Sneakers,Fashion,6,60,0,Dhaka,360.0,2024,7,20,5,1
2024-07-20,Backpack,Fashion,6,40,0,Khulna,240.0,2024,7,20,5,1
2024-07-20,Coffee Maker,Home & Kitchen,3,90,5,Khulna,256.5,2024,7,20,5,1
2024-07-20,Blender,Home & Kitchen,5,55,0,Rajshahi,275.0,2024,7,20,5,1
2024-07-20,Desk Lamp,Home & Kitchen,6,30,5,Khulna,171.0,2024,7,20,5,1
2024-07-20,Skincare Set,Beauty,8,45,0,Chattogram,360.0,2024,7,20,5,1
2024-07-21,Laptop,Electronics,3,850,0,Rajshahi,2550.0,2024,7,21,6,1
2024-07-21,Smartphone,Electronics,6,500,0,Chattogram,3000.0,2024,7,21,6,1
2024-07-21,Headphones,Electronics,8,80,5,Rajshahi,608.0,2024,7,21,6,1
2024-07-21,T-Shirt,Fashion,19,25,0,Khulna,475.0,2024,7,21,6,1
2024-07-21,Sneakers,Fashion,9,60,10,Khulna,486.0,2024,7,21,6,1
2024-07-21,Backpack,Fashion,10,40,5,Rajshahi,380.0,2024,7,21,6,1
2024-07-21,Coffee Maker,Home & Kitchen,3,90,5,Sylhet,256.5,2024,7,21,6,1
2024-07-21,Blender,Home & Kitchen,5,55,5,Dhaka,261.25,2024,7,21,6,1
2024-07-21,Desk Lamp,Home & Kitchen,12,30,15,Dhaka,306.0,2024,7,21,6,1
2024-07-21,Skincare Set,Beauty,10,45,5,Rajshahi,427.5,2024,7,21,6,1
2024-07-22,Laptop,Electronics,2,850,10,Dhaka,1530.0,2024,7,22,0,0
2024-07-22,Smartphone,Electronics,2,500,5,Sylhet,950.0,2024,7,22,0,0
2024-07-22,Headphones,Electronics,8,80,5,Rajshahi,608.0,2024,7,22,0,0
2024-07-22,T-Shirt,Fashion,10,25,15,Dhaka,212.5,2024,7,22,0,0
2024-07-22,Sneakers,Fashion,9,60,0,Rajshahi,540.0,2024,7,22,0,0
2024-07-22,Backpack,Fashion,6,40,15,Dhaka,204.0,2024,7,22,0,0
2024-07-22,Coffee Maker,Home & Kitchen,4,90,0,Chattogram,360.0,2024,7,22,0,0
2024-07-22,Blender,Home & Kitchen,12,55,10,Dhaka,594.0,2024,7,22,0,0
2024-07-22,Desk Lamp,Home & Kitchen,13,30,0,Dhaka,390.0,2024,7,22,0,0
2024-07-22,Skincare Set,Beauty,13,45,0,Sylhet,585.0,2024,7,22,0,0
2024-07-23,Laptop,Electronics,3,850,5,Khulna,2422.5,2024,7,23,1,0
2024-07-23,Smartphone,Electronics,2,500,0,Chattogram,1000.0,2024,7,23,1,0
2024-07-23,Headphones,Electronics,10,80,10,Chattogram,720.0,2024,7,23,1,0
2024-07-23,T-Shirt,Fashion,12,25,0,Rajshahi,300.0,2024,7,23,1,0
2024-07-23,Sneakers,Fashion,8,60,0,Chattogram,480.0,2024,7,23,1,0
2024-07-23,Backpack,Fashion,7,40,10,Rajshahi,252.0,2024,7,23,1,0
2024-07-23,Coffee Maker,Home & Kitchen,6,90,0,Khulna,540.0,2024,7,23,1,0
2024-07-23,Blender,Home & Kitchen,9,55,15,Rajshahi,420.75,2024,7,23,1,0
2024-07-23,Desk Lamp,Home & Kitchen,9,30,15,Rajshahi,229.5,2024,7,23,1,0
2024-07-23,Skincare Set,Beauty,14,45,0,Rajshahi,630.0,2024,7,23,1,0
2024-07-24,Laptop,Electronics,1,850,5,Chattogram,807.5,2024,7,24,2,0
2024-07-24,Smartphone,Electronics,7,500,5,Dhaka,3325.0,2024,7,24,2,0
2024-07-24,Headphones,Electronics,7,80,10,Khulna,504.0,2024,7,24,2,0
2024-07-24,T-Shirt,Fashion,10,25,0,Rajshahi,250.0,2024,7,24,2,0
2024-07-24,Sneakers,Fashion,7,60,5,Dhaka,399.0,2024,7,24,2,0
2024-07-24,Backpack,Fashion,11,40,10,Dhaka,396.0,2024,7,24,2,0
2024-07-24,Coffee Maker,Home & Kitchen,6,90,15,Dhaka,459.0,2024,7,24,2,0
2024-07-24,Blender,Home & Kitchen,6,55,0,Dhaka,330.0,2024,7,24,2,0
2024-07-24,Desk Lamp,Home & Kitchen,7,30,5,Dhaka,199.5,2024,7,24,2,0
2024-07-24,Skincare Set,Beauty,4,45,5,Rajshahi,171.0,2024,7,24,2,0
2024-07-25,Laptop,Electronics,5,850,10,Rajshahi,3825.0,2024,7,25,3,0
2024-07-25,Smartphone,Electronics,2,500,10,Chattogram,900.0,2024,7,25,3,0
2024-07-25,Headphones,Electronics,7,80,5,Dhaka,532.0,2024,7,25,3,0
2024-07-25,T-Shirt,Fashion,10,25,5,Chattogram,237.5,2024,7,25,3,0
2024-07-25,Sneakers,Fashion,3,60,5,Chattogram,171.0,2024,7,25,3,0
2024-07-25,Backpack,Fashion,7,40,5,Rajshahi,266.0,2024,7,25,3,0
2024-07-25,Coffee Maker,Home & Kitchen,2,90,0,Chattogram,180.0,2024,7,25,3,0
2024-07-25,Blender,Home & Kitchen,3,55,0,Rajshahi,165.0,2024,7,25,3,0
2024-07-25,Desk Lamp,Home & Kitchen,8,30,10,Dhaka,216.0,2024,7,25,3,0
2024-07-25,Skincare Set,Beauty,8,45,5,Khulna,342.0,2024,7,25,3,0
2024-07-26,Laptop,Electronics,1,850,5,Rajshahi,807.5,2024,7,26,4,0
2024-07-26,Smartphone,Electronics,4,500,0,Rajshahi,2000.0,2024,7,26,4,0
2024-07-26,Headphones,Electronics,14,80,5,Dhaka,1064.0,2024,7,26,4,0
2024-07-26,T-Shirt,Fashion,18,25,5,Rajshahi,427.5,2024,7,26,4,0
2024-07-26,Sneakers,Fashion,9,60,5,Khulna,513.0,2024,7,26,4,0
2024-07-26,Backpack,Fashion,8,40,5,Khulna,304.0,2024,7,26,4,0
2024-07-26,Coffee Maker,Home & Kitchen,4,90,0,Rajshahi,360.0,2024,7,26,4,0
2024-07-26,Blender,Home & Kitchen,5,55,5,Khulna,261.25,2024,7,26,4,0
2024-07-26,Desk Lamp,Home & Kitchen,7,30,10,Rajshahi,189.0,2024,7,26,4,0
2024-07-26,Skincare Set,Beauty,3,45,0,Sylhet,135.0,2024,7,26,4,0
2024-07-27,Laptop,Electronics,5,850,5,Rajshahi,4037.5,2024,7,27,5,1
2024-07-27,Smartphone,Electronics,5,500,0,Chattogram,2500.0,2024,7,27,5,1
2024-07-27,Headphones,Electronics,7,80,0,Sylhet,560.0,2024,7,27,5,1
2024-07-27,T-Shirt,Fashion,12,25,10,Rajshahi,270.0,2024,7,27,5,1
2024-07-27,Sneakers,Fashion,7,60,0,Sylhet,420.0,2024,7,27,5,1
2024-07-27,Backpack,Fashion,5,40,5,Khulna,190.0,2024,7,27,5,1
2024-07-27,Coffee Maker,Home & Kitchen,7,90,10,Khulna,567.0,2024,7,27,5,1
2024-07-27,Blender,Home & Kitchen,7,55,5,Khulna,365.75,2024,7,27,5,1
2024-07-27,Desk Lamp,Home & Kitchen,13,30,5,Rajshahi,370.5,2024,7,27,5,1
2024-07-27,Skincare Set,Beauty,6,45,5,Khulna,256.5,2024,7,27,5,1
2024-07-28,Laptop,Electronics,2,850,10,Sylhet,1530.0,2024,7,28,6,1
2024-07-28,Smartphone,Electronics,1,500,10,Sylhet,450.0,2024,7,28,6,1
2024-07-28,Headphones,Electronics,3,80,0,Sylhet,240.0,2024,7,28,6,1
2024-07-28,T-Shirt,Fashion,10,25,5,Chattogram,237.5,2024,7,28,6,1
2024-07-28,Sneakers,Fashion,7,60,5,Chattogram,399.0,2024,7,28,6,1
2024-07-28,Backpack,Fashion,14,40,0,Khulna,560.0,2024,7,28,6,1
2024-07-28,Coffee Maker,Home & Kitchen,8,90,10,Dhaka,648.0,2024,7,28,6,1
2024-07-28,Blender,Home & Kitchen,8,55,0,Sylhet,440.0,2024,7,28,6,1
2024-07-28,Desk Lamp,Home & Kitchen,9,30,0,Dhaka,270.0,2024,7,28,6,1
2024-07-28,Skincare Set,Beauty,8,45,5,Dhaka,342.0,2024,7,28,6,1
2024-07-29,Laptop,Electronics,5,850,0,Dhaka,4250.0,2024,7,29,0,0
2024-07-29,Smartphone,Electronics,5,500,5,Khulna,2375.0,2024,7,29,0,0
2024-07-29,Headphones,Electronics,7,80,5,Chattogram,532.0,2024,7,29,0,0
2024-07-29,T-Shirt,Fashion,12,25,10,Chattogram,270.0,2024,7,29,0,0
2024-07-29,Sneakers,Fashion,11,60,5,Dhaka,627.0,2024,7,29,0,0
2024-07-29,Backpack,Fashion,10,40,5,Rajshahi,380.0,2024,7,29,0,0
2024-07-29,Coffee Maker,Home & Kitchen,5,90,0,Dhaka,450.0,2024,7,29,0,0
2024-07-29,Blender,Home & Kitchen,7,55,0,Khulna,385.0,2024,7,29,0,0
2024-07-29,Desk Lamp,Home & Kitchen,13,30,5,Dhaka,370.5,2024,7,29,0,0
2024-07-29,Skincare Set,Beauty,9,45,10,Chattogram,364.5,2024,7,29,0,0
2024-07-30,Laptop,Electronics,2,850,0,Dhaka,1700.0,2024,7,30,1,0
2024-07-30,Smartphone,Electronics,5,500,5,Sylhet,2375.0,2024,7,30,1,0
2024-07-30,Headphones,Electronics,9,80,5,Dhaka,684.0,2024,7,30,1,0
2024-07-30,T-Shirt,Fashion,11,25,0,Dhaka,275.0,2024,7,30,1,0
2024-07-30,Sneakers,Fashion,6,60,5,Sylhet,342.0,2024,7,30,1,0
2024-07-30,Backpack,Fashion,6,40,10,Khulna,216.0,2024,7,30,1,0
2024-07-30,Coffee Maker,Home & Kitchen,6,90,5,Khulna,513.0,2024,7,30,1,0
2024-07-30,Blender,Home & Kitchen,5,55,0,Rajshahi,275.0,2024,7,30,1,0
2024-07-30,Desk Lamp,Home & Kitchen,11,30,10,Dhaka,297.0,2024,7,30,1,0
2024-07-30,Skincare Set,Beauty,8,45,5,Rajshahi,342.0,2024,7,30,1,0
2024-07-31,Laptop,Electronics,1,850,0,Rajshahi,850.0,2024,7,31,2,0
2024-07-31,Smartphone,Electronics,4,500,10,Rajshahi,1800.0,2024,7,31,2,0
2024-07-31,Headphones,Electronics,5,80,0,Khulna,400.0,2024,7,31,2,0
2024-07-31,T-Shirt,Fashion,13,25,10,Dhaka,292.5,2024,7,31,2,0
2024-07-31,Sneakers,Fashion,6,60,10,Sylhet,324.0,2024,7,31,2,0
2024-07-31,Backpack,Fashion,8,40,0,Khulna,320.0,2024,7,31,2,0
2024-07-31,Coffee Maker,Home & Kitchen,2,90,5,Sylhet,171.0,2024,7,31,2,0
2024-07-31,Blender,Home & Kitchen,11,55,5,Chattogram,574.75,2024,7,31,2,0
2024-07-31,Desk Lamp,Home & Kitchen,7,30,0,Dhaka,210.0,2024,7,31,2,0
2024-07-31,Skincare Set,Beauty,9,45,5,Khulna,384.75,2024,7,31,2,0
2024-08-01,Laptop,Electronics,3,850,15,Sylhet,2167.5,2024,8,1,3,0
2024-08-01,Smartphone,Electronics,9,500,0,Chattogram,4500.0,2024,8,1,3,0
2024-08-01,Headphones,Electronics,5,80,0,Chattogram,400.0,2024,8,1,3,0
2024-08-01,T-Shirt,Fashion,9,25,0,Chattogram,225.0,2024,8,1,3,0
2024-08-01,Sneakers,Fashion,5,60,10,Sylhet,270.0,2024,8,1,3,0
2024-08-01,Backpack,Fashion,12,40,5,Khulna,456.0,2024,8,1,3,0
2024-08-01,Coffee Maker,Home & Kitchen,8,90,5,Khulna,684.0,2024,8,1,3,0
2024-08-01,Blender,Home & Kitchen,3,55,0,Dhaka,165.0,2024,8,1,3,0
2024-08-01,Desk Lamp,Home & Kitchen,8,30,0,Chattogram,240.0,2024,8,1,3,0
2024-08-01,Skincare Set,Beauty,5,45,0,Dhaka,225.0,2024,8,1,3,0
2024-08-02,Laptop,Electronics,4,850,0,Sylhet,3400.0,2024,8,2,4,0
2024-08-02,Smartphone,Electronics,11,500,5,Chattogram,5225.0,2024,8,2,4,0
2024-08-02,Headphones,Electronics,9,80,5,Khulna,684.0,2024,8,2,4,0
2024-08-02,T-Shirt,Fashion,12,25,10,Chattogram,270.0,2024,8,2,4,0
2024-08-02,Sneakers,Fashion,4,60,10,Sylhet,216.0,2024,8,2,4,0
2024-08-02,Backpack,Fashion,8,40,0,Dhaka,320.0,2024,8,2,4,0
2024-08-02,Coffee Maker,Home & Kitchen,6,90,0,Khulna,540.0,2024,8,2,4,0
2024-08-02,Blender,Home & Kitchen,5,55,10,Sylhet,247.5,2024,8,2,4,0
2024-08-02,Desk Lamp,Home & Kitchen,4,30,0,Sylhet,120.0,2024,8,2,4,0
2024-08-02,Skincare Set,Beauty,9,45,5,Khulna,384.75,2024,8,2,4,0
2024-08-03,Laptop,Electronics,3,850,5,Dhaka,2422.5,2024,8,3,5,1
2024-08-03,Smartphone,Electronics,8,500,5,Chattogram,3800.0,2024,8,3,5,1
2024-08-03,Headphones,Electronics,4,80,5,Rajshahi,304.0,2024,8,3,5,1
2024-08-03,T-Shirt,Fashion,3,25,5,Chattogram,71.25,2024,8,3,5,1
2024-08-03,Sneakers,Fashion,8,60,10,Sylhet,432.0,2024,8,3,5,1
2024-08-03,Backpack,Fashion,10,40,0,Dhaka,400.0,2024,8,3,5,1
2024-08-03,Coffee Maker,Home & Kitchen,4,90,0,Sylhet,360.0,2024,8,3,5,1
2024-08-03,Blender,Home & Kitchen,5,55,10,Khulna,247.5,2024,8,3,5,1
2024-08-03,Desk Lamp,Home & Kitchen,6,30,0,Rajshahi,180.0,2024,8,3,5,1
2024-08-03,Skincare Set,Beauty,18,45,15,Khulna,688.5,2024,8,3,5,1
2024-08-04,Laptop,Electronics,5,850,5,Rajshahi,4037.5,2024,8,4,6,1
2024-08-04,Smartphone,Electronics,0,500,0,Rajshahi,0.0,2024,8,4,6,1
2024-08-04,Headphones,Electronics,3,80,0,Khulna,240.0,2024,8,4,6,1
2024-08-04,T-Shirt,Fashion,10,25,0,Khulna,250.0,2024,8,4,6,1
2024-08-04,Sneakers,Fashion,5,60,0,Khulna,300.0,2024,8,4,6,1
2024-08-04,Backpack,Fashion,9,40,0,Sylhet,360.0,2024,8,4,6,1
2024-08-04,Coffee Maker,Home & Kitchen,0,90,0,Rajshahi,0.0,2024,8,4,6,1
2024-08-04,Blender,Home & Kitchen,5,55,0,Khulna,275.0,2024,8,4,6,1
2024-08-04,Desk Lamp,Home & Kitchen,11,30,0,Chattogram,330.0,2024,8,4,6,1
2024-08-04,Skincare Set,Beauty,12,45,0,Chattogram,540.0,2024,8,4,6,1
2024-08-05,Laptop,Electronics,4,850,5,Chattogram,3230.0,2024,8,5,0,0
2024-08-05,Smartphone,Electronics,4,500,5,Chattogram,1900.0,2024,8,5,0,0
2024-08-05,Headphones,Electronics,10,80,10,Sylhet,720.0,2024,8,5,0,0
2024-08-05,T-Shirt,Fashion,12,25,10,Sylhet,270.0,2024,8,5,0,0
2024-08-05,Sneakers,Fashion,6,60,0,Rajshahi,360.0,2024,8,5,0,0
2024-08-05,Backpack,Fashion,12,40,5,Khulna,456.0,2024,8,5,0,0
2024-08-05,Coffee Maker,Home & Kitchen,5,90,0,Chattogram,450.0,2024,8,5,0,0
2024-08-05,Blender,Home & Kitchen,10,55,0,Chattogram,550.0,2024,8,5,0,0
2024-08-05,Desk Lamp,Home & Kitchen,11,30,0,Rajshahi,330.0,2024,8,5,0,0
2024-08-05,Skincare Set,Beauty,5,45,0,Khulna,225.0,2024,8,5,0,0
2024-08-06,Laptop,Electronics,3,850,0,Sylhet,2550.0,2024,8,6,1,0
2024-08-06,Smartphone,Electronics,4,500,5,Dhaka,1900.0,2024,8,6,1,0
2024-08-06,Headphones,Electronics,8,80,5,Sylhet,608.0,2024,8,6,1,0
2024-08-06,T-Shirt,Fashion,12,25,15,Rajshahi,255.0,2024,8,6,1,0
2024-08-06,Sneakers,Fashion,6,60,0,Chattogram,360.0,2024,8,6,1,0
2024-08-06,Backpack,Fashion,10,40,0,Chattogram,400.0,2024,8,6,1,0
2024-08-06,Coffee Maker,Home & Kitchen,7,90,10,Chattogram,567.0,2024,8,6,1,0
2024-08-06,Blender,Home & Kitchen,7,55,0,Khulna,385.0,2024,8,6,1,0
2024-08-06,Desk Lamp,Home & Kitchen,9,30,0,Rajshahi,270.0,2024,8,6,1,0
2024-08-06,Skincare Set,Beauty,3,45,15,Rajshahi,114.75,2024,8,6,1,0
2024-08-07,Laptop,Electronics,5,850,0,Sylhet,4250.0,2024,8,7,2,0
2024-08-07,Smartphone,Electronics,8,500,5,Dhaka,3800.0,2024,8,7,2,0
2024-08-07,Headphones,Electronics,6,80,0,Khulna,480.0,2024,8,7,2,0
2024-08-07,T-Shirt,Fashion,10,25,0,Dhaka,250.0,2024,8,7,2,0
2024-08-07,Sneakers,Fashion,5,60,0,Khulna,300.0,2024,8,7,2,0
2024-08-07,Backpack,Fashion,6,40,0,Khulna,240.0,2024,8,7,2,0
2024-08-07,Coffee Maker,Home & Kitchen,6,90,0,Dhaka,540.0,2024,8,7,2,0
2024-08-07,Blender,Home & Kitchen,4,55,10,Sylhet,198.0,2024,8,7,2,0
2024-08-07,Desk Lamp,Home & Kitchen,13,30,0,Chattogram,390.0,2024,8,7,2,0
2024-08-07,Skincare Set,Beauty,11,45,0,Chattogram,495.0,2024,8,7,2,0
2024-08-08,Laptop,Electronics,6,850,5,Rajshahi,4845.0,2024,8,8,3,0
2024-08-08,Smartphone,Electronics,9,500,5,Sylhet,4275.0,2024,8,8,3,0
2024-08-08,Headphones,Electronics,7,80,0,Chattogram,560.0,2024,8,8,3,0
2024-08-08,T-Shirt,Fashion,16,25,5,Chattogram,380.0,2024,8,8,3,0
2024-08-08,Sneakers,Fashion,9,60,0,Sylhet,540.0,2024,8,8,3,0
2024-08-08,Backpack,Fashion,7,40,10,Chattogram,252.0,2024,8,8,3,0
2024-08-08,Coffee Maker,Home & Kitchen,8,90,5,Sylhet,684.0,2024,8,8,3,0
2024-08-08,Blender,Home & Kitchen,6,55,10,Rajshahi,297.0,2024,8,8,3,0
2024-08-08,Desk Lamp,Home & Kitchen,7,30,0,Dhaka,210.0,2024,8,8,3,0
2024-08-08,Skincare Set,Beauty,9,45,5,Sylhet,384.75,2024,8,8,3,0
2024-08-09,Laptop,Electronics,1,850,15,Chattogram,722.5,2024,8,9,4,0
2024-08-09,Smartphone,Electronics,6,500,10,Khulna,2700.0,2024,8,9,4,0
2024-08-09,Headphones,Electronics,5,80,5,Rajshahi,380.0,2024,8,9,4,0
2024-08-09,T-Shirt,Fashion,7,25,10,Khulna,157.5,2024,8,9,4,0
2024-08-09,Sneakers,Fashion,3,60,0,Sylhet,180.0,2024,8,9,4,0
2024-08-09,Backpack,Fashion,7,40,0,Chattogram,280.0,2024,8,9,4,0
2024-08-09,Coffee Maker,Home & Kitchen,4,90,0,Khulna,360.0,2024,8,9,4,0
2024-08-09,Blender,Home & Kitchen,5,55,5,Dhaka,261.25,2024,8,9,4,0
2024-08-09,Desk Lamp,Home & Kitchen,14,30,10,Khulna,378.0,2024,8,9,4,0
2024-08-09,Skincare Set,Beauty,7,45,0,Rajshahi,315.0,2024,8,9,4,0
2024-08-10,Laptop,Electronics,3,850,5,Sylhet,2422.5,2024,8,10,5,1
2024-08-10,Smartphone,Electronics,2,500,5,Dhaka,950.0,2024,8,10,5,1
2024-08-10,Headphones,Electronics,8,80,10,Chattogram,576.0,2024,8,10,5,1
2024-08-10,T-Shirt,Fashion,8,25,10,Khulna,180.0,2024,8,10,5,1
2024-08-10,Sneakers,Fashion,5,60,0,Rajshahi,300.0,2024,8,10,5,1
2024-08-10,Backpack,Fashion,5,40,5,Sylhet,190.0,2024,8,10,5,1
2024-08-10,Coffee Maker,Home & Kitchen,3,90,0,Rajshahi,270.0,2024,8,10,5,1
2024-08-10,Blender,Home & Kitchen,7,55,5,Rajshahi,365.75,2024,8,10,5,1
2024-08-10,Desk Lamp,Home & Kitchen,8,30,5,Khulna,228.0,2024,8,10,5,1
2024-08-10,Skincare Set,Beauty,12,45,0,Rajshahi,540.0,2024,8,10,5,1
2024-08-11,Laptop,Electronics,2,850,0,Khulna,1700.0,2024,8,11,6,1
2024-08-11,Smartphone,Electronics,4,500,5,Sylhet,1900.0,2024,8,11,6,1
2024-08-11,Headphones,Electronics,12,80,0,Rajshahi,960.0,2024,8,11,6,1
2024-08-11,T-Shirt,Fashion,11,25,10,Khulna,247.5,2024,8,11,6,1
2024-08-11,Sneakers,Fashion,7,60,5,Dhaka,399.0,2024,8,11,6,1
2024-08-11,Backpack,Fashion,9,40,0,Dhaka,360.0,2024,8,11,6,1
2024-08-11,Coffee Maker,Home & Kitchen,3,90,0,Chattogram,270.0,2024,8,11,6,1
2024-08-11,Blender,Home & Kitchen,2,55,15,Rajshahi,93.5,2024,8,11,6,1
2024-08-11,Desk Lamp,Home & Kitchen,10,30,5,Chattogram,285.0,2024,8,11,6,1
2024-08-11,Skincare Set,Beauty,5,45,10,Khulna,202.5,2024,8,11,6,1
2024-08-12,Laptop,Electronics,3,850,5,Chattogram,2422.5,2024,8,12,0,0
2024-08-12,Smartphone,Electronics,5,500,0,Dhaka,2500.0,2024,8,12,0,0
2024-08-12,Headphones,Electronics,7,80,0,Chattogram,560.0,2024,8,12,0,0
2024-08-12,T-Shirt,Fashion,12,25,0,Chattogram,300.0,2024,8,12,0,0
2024-08-12,Sneakers,Fashion,9,60,5,Dhaka,513.0,2024,8,12,0,0
2024-08-12,Backpack,Fashion,4,40,5,Rajshahi,152.0,2024,8,12,0,0
2024-08-12,Coffee Maker,Home & Kitchen,4,90,5,Sylhet,342.0,2024,8,12,0,0
2024-08-12,Blender,Home & Kitchen,4,55,5,Dhaka,209.0,2024,8,12,0,0
2024-08-12,Desk Lamp,Home & Kitchen,15,30,10,Dhaka,405.0,2024,8,12,0,0
2024-08-12,Skincare Set,Beauty,11,45,10,Chattogram,445.5,2024,8,12,0,0
2024-08-13,Laptop,Electronics,0,850,0,Rajshahi,0.0,2024,8,13,1,0
2024-08-13,Smartphone,Electronics,3,500,0,Rajshahi,1500.0,2024,8,13,1,0
2024-08-13,Headphones,Electronics,3,80,0,Sylhet,240.0,2024,8,13,1,0
2024-08-13,T-Shirt,Fashion,7,25,5,Dhaka,166.25,2024,8,13,1,0
2024-08-13,Sneakers,Fashion,2,60,10,Sylhet,108.0,2024,8,13,1,0
2024-08-13,Backpack,Fashion,6,40,5,Dhaka,228.0,2024,8,13,1,0
2024-08-13,Coffee Maker,Home & Kitchen,1,90,10,Rajshahi,81.0,2024,8,13,1,0
2024-08-13,Blender,Home & Kitchen,6,55,5,Sylhet,313.5,2024,8,13,1,0
2024-08-13,Desk Lamp,Home & Kitchen,14,30,5,Rajshahi,399.0,2024,8,13,1,0
2024-08-13,Skincare Set,Beauty,11,45,0,Chattogram,495.0,2024,8,13,1,0
2024-08-14,Laptop,Electronics,6,850,0,Chattogram,5100.0,2024,8,14,2,0
2024-08-14,Smartphone,Electronics,8,500,0,Rajshahi,4000.0,2024,8,14,2,0
2024-08-14,Headphones,Electronics,11,80,5,Sylhet,836.0,2024,8,14,2,0
2024-08-14,T-Shirt,Fashion,10,25,10,Dhaka,225.0,2024,8,14,2,0
2024-08-14,Sneakers,Fashion,6,60,0,Dhaka,360.0,2024,8,14,2,0
2024-08-14,Backpack,Fashion,7,40,10,Rajshahi,252.0,2024,8,14,2,0
2024-08-14,Coffee Maker,Home & Kitchen,2,90,0,Khulna,180.0,2024,8,14,2,0
2024-08-14,Blender,Home & Kitchen,8,55,0,Dhaka,440.0,2024,8,14,2,0
2024-08-14,Desk Lamp,Home & Kitchen,5,30,0,Rajshahi,150.0,2024,8,14,2,0
2024-08-14,Skincare Set,Beauty,6,45,10,Rajshahi,243.0,2024,8,14,2,0
2024-08-15,Laptop,Electronics,3,850,5,Dhaka,2422.5,2024,8,15,3,0
2024-08-15,Smartphone,Electronics,6,500,0,Sylhet,3000.0,2024,8,15,3,0
2024-08-15,Headphones,Electronics,6,80,0,Chattogram,480.0,2024,8,15,3,0
2024-08-15,T-Shirt,Fashion,16,25,0,Khulna,400.0,2024,8,15,3,0
2024-08-15,Sneakers,Fashion,4,60,0,Khulna,240.0,2024,8,15,3,0
2024-08-15,Backpack,Fashion,7,40,5,Dhaka,266.0,2024,8,15,3,0
2024-08-15,Coffee Maker,Home & Kitchen,3,90,10,Rajshahi,243.0,2024,8,15,3,0
2024-08-15,Blender,Home & Kitchen,5,55,10,Sylhet,247.5,2024,8,15,3,0
2024-08-15,Desk Lamp,Home & Kitchen,7,30,0,Sylhet,210.0,2024,8,15,3,0
2024-08-15,Skincare Set,Beauty,12,45,5,Khulna,513.0,2024,8,15,3,0
2024-08-16,Laptop,Electronics,3,850,0,Sylhet,2550.0,2024,8,16,4,0
2024-08-16,Smartphone,Electronics,2,500,0,Sylhet,1000.0,2024,8,16,4,0
2024-08-16,Headphones,Electronics,11,80,0,Dhaka,880.0,2024,8,16,4,0
2024-08-16,T-Shirt,Fashion,13,25,0,Dhaka,325.0,2024,8,16,4,0
2024-08-16,Sneakers,Fashion,9,60,10,Sylhet,486.0,2024,8,16,4,0
2024-08-16,Backpack,Fashion,5,40,0,Khulna,200.0,2024,8,16,4,0
2024-08-16,Coffee Maker,Home & Kitchen,6,90,5,Khulna,513.0,2024,8,16,4,0
2024-08-16,Blender,Home & Kitchen,5,55,10,Khulna,247.5,2024,8,16,4,0
2024-08-16,Desk Lamp,Home & Kitchen,7,30,10,Khulna,189.0,2024,8,16,4,0
2024-08-16,Skincare Set,Beauty,6,45,0,Khulna,270.0,2024,8,16,4,0
2024-08-17,Laptop,Electronics,4,850,5,Rajshahi,3230.0,2024,8,17,5,1
2024-08-17,Smartphone,Electronics,6,500,0,Chattogram,3000.0,2024,8,17,5,1
2024-08-17,Headphones,Electronics,9,80,5,Dhaka,684.0,2024,8,17,5,1
2024-08-17,T-Shirt,Fashion,10,25,10,Sylhet,225.0,2024,8,17,5,1
2024-08-17,Sneakers,Fashion,6,60,5,Dhaka,342.0,2024,8,17,5,1
2024-08-17,Backpack,Fashion,8,40,5,Khulna,304.0,2024,8,17,5,1
2024-08-17,Coffee Maker,Home & Kitchen,9,90,5,Chattogram,769.5,2024,8,17,5,1
2024-08-17,Blender,Home & Kitchen,7,55,0,Khulna,385.0,2024,8,17,5,1
2024-08-17,Desk Lamp,Home & Kitchen,7,30,5,Dhaka,199.5,2024,8,17,5,1
2024-08-17,Skincare Set,Beauty,12,45,5,Rajshahi,513.0,2024,8,17,5,1
2024-08-18,Laptop,Electronics,4,850,0,Rajshahi,3400.0,2024,8,18,6,1
2024-08-18,Smartphone,Electronics,5,500,0,Dhaka,2500.0,2024,8,18,6,1
2024-08-18,Headphones,Electronics,11,80,5,Khulna,836.0,2024,8,18,6,1
2024-08-18,T-Shirt,Fashion,12,25,10,Rajshahi,270.0,2024,8,18,6,1
2024-08-18,Sneakers,Fashion,7,60,0,Dhaka,420.0,2024,8,18,6,1
2024-08-18,Backpack,Fashion,5,40,5,Dhaka,190.0,2024,8,18,6,1
2024-08-18,Coffee Maker,Home & Kitchen,4,90,15,Khulna,306.0,2024,8,18,6,1
2024-08-18,Blender,Home & Kitchen,1,55,10,Rajshahi,49.5,2024,8,18,6,1
2024-08-18,Desk Lamp,Home & Kitchen,7,30,5,Rajshahi,199.5,2024,8,18,6,1
2024-08-18,Skincare Set,Beauty,12,45,0,Dhaka,540.0,2024,8,18,6,1
2024-08-19,Laptop,Electronics,3,850,5,Sylhet,2422.5,2024,8,19,0,0
2024-08-19,Smartphone,Electronics,3,500,15,Khulna,1275.0,2024,8,19,0,0
2024-08-19,Headphones,Electronics,10,80,0,Sylhet,800.0,2024,8,19,0,0
2024-08-19,T-Shirt,Fashion,7,25,10,Rajshahi,157.5,2024,8,19,0,0
2024-08-19,Sneakers,Fashion,7,60,5,Khulna,399.0,2024,8,19,0,0
2024-08-19,Backpack,Fashion,4,40,0,Rajshahi,160.0,2024,8,19,0,0
2024-08-19,Coffee Maker,Home & Kitchen,4,90,10,Dhaka,324.0,2024,8,19,0,0
2024-08-19,Blender,Home & Kitchen,7,55,15,Chattogram,327.25,2024,8,19,0,0
2024-08-19,Desk Lamp,Home & Kitchen,12,30,10,Sylhet,324.0,2024,8,19,0,0
2024-08-19,Skincare Set,Beauty,14,45,10,Khulna,567.0,2024,8,19,0,0
2024-08-20,Laptop,Electronics,1,850,5,Rajshahi,807.5,2024,8,20,1,0
2024-08-20,Smartphone,Electronics,4,500,5,Chattogram,1900.0,2024,8,20,1,0
2024-08-20,Headphones,Electronics,6,80,0,Khulna,480.0,2024,8,20,1,0
2024-08-20,T-Shirt,Fashion,8,25,0,Sylhet,200.0,2024,8,20,1,0
2024-08-20,Sneakers,Fashion,4,60,0,Chattogram,240.0,2024,8,20,1,0
2024-08-20,Backpack,Fashion,7,40,5,Sylhet,266.0,2024,8,20,1,0
2024-08-20,Coffee Maker,Home & Kitchen,5,90,5,Chattogram,427.5,2024,8,20,1,0
2024-08-20,Blender,Home & Kitchen,4,55,5,Rajshahi,209.0,2024,8,20,1,0
2024-08-20,Desk Lamp,Home & Kitchen,11,30,5,Chattogram,313.5,2024,8,20,1,0
2024-08-20,Skincare Set,Beauty,9,45,10,Khulna,364.5,2024,8,20,1,0
2024-08-21,Laptop,Electronics,7,850,15,Chattogram,5057.5,2024,8,21,2,0
2024-08-21,Smartphone,Electronics,7,500,0,Chattogram,3500.0,2024,8,21,2,0
2024-08-21,Headphones,Electronics,10,80,0,Khulna,800.0,2024,8,21,2,0
2024-08-21,T-Shirt,Fashion,8,25,10,Sylhet,180.0,2024,8,21,2,0
2024-08-21,Sneakers,Fashion,8,60,5,Rajshahi,456.0,2024,8,21,2,0
2024-08-21,Backpack,Fashion,9,40,5,Dhaka,342.0,2024,8,21,2,0
2024-08-21,Coffee Maker,Home & Kitchen,1,90,5,Chattogram,85.5,2024,8,21,2,0
2024-08-21,Blender,Home & Kitchen,8,55,0,Dhaka,440.0,2024,8,21,2,0
2024-08-21,Desk Lamp,Home & Kitchen,13,30,10,Sylhet,351.0,2024,8,21,2,0
2024-08-21,Skincare Set,Beauty,7,45,10,Dhaka,283.5,2024,8,21,2,0
2024-08-22,Laptop,Electronics,1,850,0,Sylhet,850.0,2024,8,22,3,0
2024-08-22,Smartphone,Electronics,3,500,10,Sylhet,1350.0,2024,8,22,3,0
2024-08-22,Headphones,Electronics,15,80,10,Sylhet,1080.0,2024,8,22,3,0
2024-08-22,T-Shirt,Fashion,10,25,0,Dhaka,250.0,2024,8,22,3,0
2024-08-22,Sneakers,Fashion,5,60,0,Rajshahi,300.0,2024,8,22,3,0
2024-08-22,Backpack,Fashion,12,40,5,Khulna,456.0,2024,8,22,3,0
2024-08-22,Coffee Maker,Home & Kitchen,6,90,0,Khulna,540.0,2024,8,22,3,0
2024-08-22,Blender,Home & Kitchen,9,55,0,Dhaka,495.0,2024,8,22,3,0
2024-08-22,Desk Lamp,Home & Kitchen,7,30,5,Chattogram,199.5,2024,8,22,3,0
2024-08-22,Skincare Set,Beauty,13,45,0,Dhaka,585.0,2024,8,22,3,0
2024-08-23,Laptop,Electronics,0,850,10,Sylhet,0.0,2024,8,23,4,0
2024-08-23,Smartphone,Electronics,4,500,15,Dhaka,1700.0,2024,8,23,4,0
2024-08-23,Headphones,Electronics,5,80,5,Chattogram,380.0,2024,8,23,4,0
2024-08-23,T-Shirt,Fashion,13,25,0,Khulna,325.0,2024,8,23,4,0
2024-08-23,Sneakers,Fashion,4,60,10,Khulna,216.0,2024,8,23,4,0
2024-08-23,Backpack,Fashion,8,40,0,Dhaka,320.0,2024,8,23,4,0
2024-08-23,Coffee Maker,Home & Kitchen,4,90,0,Rajshahi,360.0,2024,8,23,4,0
2024-08-23,Blender,Home & Kitchen,5,55,5,Chattogram,261.25,2024,8,23,4,0
2024-08-23,Desk Lamp,Home & Kitchen,9,30,0,Sylhet,270.0,2024,8,23,4,0
2024-08-23,Skincare Set,Beauty,4,45,5,Chattogram,171.0,2024,8,23,4,0
2024-08-24,Laptop,Electronics,3,850,10,Khulna,2295.0,2024,8,24,5,1
2024-08-24,Smartphone,Electronics,5,500,5,Chattogram,2375.0,2024,8,24,5,1
2024-08-24,Headphones,Electronics,2,80,10,Rajshahi,144.0,2024,8,24,5,1
2024-08-24,T-Shirt,Fashion,8,25,10,Sylhet,180.0,2024,8,24,5,1
2024-08-24,Sneakers,Fashion,10,60,5,Sylhet,570.0,2024,8,24,5,1
2024-08-24,Backpack,Fashion,5,40,10,Rajshahi,180.0,2024,8,24,5,1
2024-08-24,Coffee Maker,Home & Kitchen,7,90,5,Sylhet,598.5,2024,8,24,5,1
2024-08-24,Blender,Home & Kitchen,6,55,5,Khulna,313.5,2024,8,24,5,1
2024-08-24,Desk Lamp,Home & Kitchen,4,30,10,Khulna,108.0,2024,8,24,5,1
2024-08-24,Skincare Set,Beauty,7,45,5,Sylhet,299.25,2024,8,24,5,1
2024-08-25,Laptop,Electronics,3,850,0,Khulna,2550.0,2024,8,25,6,1
2024-08-25,Smartphone,Electronics,4,500,0,Khulna,2000.0,2024,8,25,6,1
2024-08-25,Headphones,Electronics,7,80,15,Chattogram,476.0,2024,8,25,6,1
2024-08-25,T-Shirt,Fashion,12,25,15,Chattogram,255.0,2024,8,25,6,1
2024-08-25,Sneakers,Fashion,7,60,10,Chattogram,378.0,2024,8,25,6,1
2024-08-25,Backpack,Fashion,10,40,10,Chattogram,360.0,2024,8,25,6,1
2024-08-25,Coffee Maker,Home & Kitchen,3,90,15,Sylhet,229.5,2024,8,25,6,1
2024-08-25,Blender,Home & Kitchen,3,55,0,Rajshahi,165.0,2024,8,25,6,1
2024-08-25,Desk Lamp,Home & Kitchen,5,30,0,Sylhet,150.0,2024,8,25,6,1
2024-08-25,Skincare Set,Beauty,14,45,10,Dhaka,567.0,2024,8,25,6,1
2024-08-26,Laptop,Electronics,2,850,0,Khulna,1700.0,2024,8,26,0,0
2024-08-26,Smartphone,Electronics,6,500,0,Dhaka,3000.0,2024,8,26,0,0
2024-08-26,Headphones,Electronics,6,80,0,Khulna,480.0,2024,8,26,0,0
2024-08-26,T-Shirt,Fashion,14,25,0,Khulna,350.0,2024,8,26,0,0
2024-08-26,Sneakers,Fashion,5,60,5,Chattogram,285.0,2024,8,26,0,0
2024-08-26,Backpack,Fashion,11,40,5,Rajshahi,418.0,2024,8,26,0,0
2024-08-26,Coffee Maker,Home & Kitchen,6,90,0,Chattogram,540.0,2024,8,26,0,0
2024-08-26,Blender,Home & Kitchen,10,55,15,Sylhet,467.5,2024,8,26,0,0
2024-08-26,Desk Lamp,Home & Kitchen,8,30,0,Sylhet,240.0,2024,8,26,0,0
2024-08-26,Skincare Set,Beauty,10,45,5,Sylhet,427.5,2024,8,26,0,0
2024-08-27,Laptop,Electronics,3,850,10,Sylhet,2295.0,2024,8,27,1,0
2024-08-27,Smartphone,Electronics,6,500,10,Khulna,2700.0,2024,8,27,1,0
2024-08-27,Headphones,Electronics,4,80,15,Khulna,272.0,2024,8,27,1,0
2024-08-27,T-Shirt,Fashion,3,25,10,Sylhet,67.5,2024,8,27,1,0
2024-08-27,Sneakers,Fashion,6,60,15,Sylhet,306.0,2024,8,27,1,0
2024-08-27,Backpack,Fashion,5,40,5,Khulna,190.0,2024,8,27,1,0
2024-08-27,Coffee Maker,Home & Kitchen,4,90,10,Chattogram,324.0,2024,8,27,1,0
2024-08-27,Blender,Home & Kitchen,10,55,5,Dhaka,522.5,2024,8,27,1,0
2024-08-27,Desk Lamp,Home & Kitchen,12,30,0,Dhaka,360.0,2024,8,27,1,0
2024-08-27,Skincare Set,Beauty,7,45,0,Dhaka,315.0,2024,8,27,1,0
2024-08-28,Laptop,Electronics,5,850,0,Khulna,4250.0,2024,8,28,2,0
2024-08-28,Smartphone,Electronics,4,500,10,Rajshahi,1800.0,2024,8,28,2,0
2024-08-28,Headphones,Electronics,16,80,0,Chattogram,1280.0,2024,8,28,2,0
2024-08-28,T-Shirt,Fashion,12,25,0,Dhaka,300.0,2024,8,28,2,0
2024-08-28,Sneakers,Fashion,7,60,15,Khulna,357.0,2024,8,28,2,0
2024-08-28,Backpack,Fashion,6,40,5,Chattogram,228.0,2024,8,28,2,0
2024-08-28,Coffee Maker,Home & Kitchen,3,90,0,Khulna,270.0,2024,8,28,2,0
2024-08-28,Blender,Home & Kitchen,2,55,5,Dhaka,104.5,2024,8,28,2,0
2024-08-28,Desk Lamp,Home & Kitchen,8,30,5,Khulna,228.0,2024,8,28,2,0
2024-08-28,Skincare Set,Beauty,5,45,5,Khulna,213.75,2024,8,28,2,0
2024-08-29,Laptop,Electronics,2,850,0,Dhaka,1700.0,2024,8,29,3,0
2024-08-29,Smartphone,Electronics,2,500,10,Khulna,900.0,2024,8,29,3,0
2024-08-29,Headphones,Electronics,3,80,10,Rajshahi,216.0,2024,8,29,3,0
2024-08-29,T-Shirt,Fashion,8,25,10,Rajshahi,180.0,2024,8,29,3,0
2024-08-29,Sneakers,Fashion,6,60,0,Rajshahi,360.0,2024,8,29,3,0
2024-08-29,Backpack,Fashion,10,40,5,Rajshahi,380.0,2024,8,29,3,0
2024-08-29,Coffee Maker,Home & Kitchen,7,90,10,Dhaka,567.0,2024,8,29,3,0
2024-08-29,Blender,Home & Kitchen,4,55,10,Khulna,198.0,2024,8,29,3,0
2024-08-29,Desk Lamp,Home & Kitchen,9,30,0,Chattogram,270.0,2024,8,29,3,0
2024-08-29,Skincare Set,Beauty,9,45,10,Dhaka,364.5,2024,8,29,3,0
2024-08-30,Laptop,Electronics,4,850,0,Rajshahi,3400.0,2024,8,30,4,0
2024-08-30,Smartphone,Electronics,4,500,0,Dhaka,2000.0,2024,8,30,4,0
2024-08-30,Headphones,Electronics,7,80,10,Chattogram,504.0,2024,8,30,4,0
2024-08-30,T-Shirt,Fashion,11,25,0,Dhaka,275.0,2024,8,30,4,0
2024-08-30,Sneakers,Fashion,6,60,5,Dhaka,342.0,2024,8,30,4,0
2024-08-30,Backpack,Fashion,10,40,5,Khulna,380.0,2024,8,30,4,0
2024-08-30,Coffee Maker,Home & Kitchen,6,90,0,Khulna,540.0,2024,8,30,4,0
2024-08-30,Blender,Home & Kitchen,7,55,10,Dhaka,346.5,2024,8,30,4,0
2024-08-30,Desk Lamp,Home & Kitchen,7,30,5,Dhaka,199.5,2024,8,30,4,0
2024-08-30,Skincare Set,Beauty,6,45,5,Rajshahi,256.5,2024,8,30,4,0
2024-08-31,Laptop,Electronics,0,850,0,Rajshahi,0.0,2024,8,31,5,1
2024-08-31,Smartphone,Electronics,5,500,5,Khulna,2375.0,2024,8,31,5,1
2024-08-31,Headphones,Electronics,5,80,5,Rajshahi,380.0,2024,8,31,5,1
2024-08-31,T-Shirt,Fashion,6,25,5,Chattogram,142.5,2024,8,31,5,1
2024-08-31,Sneakers,Fashion,5,60,0,Khulna,300.0,2024,8,31,5,1
2024-08-31,Backpack,Fashion,11,40,10,Rajshahi,396.0,2024,8,31,5,1
2024-08-31,Coffee Maker,Home & Kitchen,8,90,5,Chattogram,684.0,2024,8,31,5,1
2024-08-31,Blender,Home & Kitchen,3,55,0,Dhaka,165.0,2024,8,31,5,1
2024-08-31,Desk Lamp,Home & Kitchen,10,30,10,Dhaka,270.0,2024,8,31,5,1
2024-08-31,Skincare Set,Beauty,10,45,0,Sylhet,450.0,2024,8,31,5,1
2024-09-01,Laptop,Electronics,3,850,0,Dhaka,2550.0,2024,9,1,6,1
2024-09-01,Smartphone,Electronics,4,500,5,Sylhet,1900.0,2024,9,1,6,1
2024-09-01,Headphones,Electronics,12,80,5,Chattogram,912.0,2024,9,1,6,1
2024-09-01,T-Shirt,Fashion,8,25,0,Khulna,200.0,2024,9,1,6,1
2024-09-01,Sneakers,Fashion,12,60,0,Sylhet,720.0,2024,9,1,6,1
2024-09-01,Backpack,Fashion,4,40,10,Khulna,144.0,2024,9,1,6,1
2024-09-01,Coffee Maker,Home & Kitchen,4,90,5,Chattogram,342.0,2024,9,1,6,1
2024-09-01,Blender,Home & Kitchen,7,55,10,Dhaka,346.5,2024,9,1,6,1
2024-09-01,Desk Lamp,Home & Kitchen,11,30,0,Khulna,330.0,2024,9,1,6,1
2024-09-01,Skincare Set,Beauty,12,45,0,Rajshahi,540.0,2024,9,1,6,1
2024-09-02,Laptop,Electronics,3,850,5,Khulna,2422.5,2024,9,2,0,0
2024-09-02,Smartphone,Electronics,1,500,0,Chattogram,500.0,2024,9,2,0,0
2024-09-02,Headphones,Electronics,7,80,0,Rajshahi,560.0,2024,9,2,0,0
2024-09-02,T-Shirt,Fashion,12,25,10,Dhaka,270.0,2024,9,2,0,0
2024-09-02,Sneakers,Fashion,8,60,0,Khulna,480.0,2024,9,2,0,0
2024-09-02,Backpack,Fashion,2,40,10,Dhaka,72.0,2024,9,2,0,0
2024-09-02,Coffee Maker,Home & Kitchen,3,90,0,Khulna,270.0,2024,9,2,0,0
2024-09-02,Blender,Home & Kitchen,8,55,15,Chattogram,374.0,2024,9,2,0,0
2024-09-02,Desk Lamp,Home & Kitchen,3,30,0,Chattogram,90.0,2024,9,2,0,0
2024-09-02,Skincare Set,Beauty,9,45,0,Sylhet,405.0,2024,9,2,0,0
2024-09-03,Laptop,Electronics,2,850,5,Sylhet,1615.0,2024,9,3,1,0
2024-09-03,Smartphone,Electronics,3,500,5,Sylhet,1425.0,2024,9,3,1,0
2024-09-03,Headphones,Electronics,5,80,5,Dhaka,380.0,2024,9,3,1,0
2024-09-03,T-Shirt,Fashion,11,25,5,Rajshahi,261.25,2024,9,3,1,0
2024-09-03,Sneakers,Fashion,4,60,0,Khulna,240.0,2024,9,3,1,0
2024-09-03,Backpack,Fashion,10,40,10,Rajshahi,360.0,2024,9,3,1,0
2024-09-03,Coffee Maker,Home & Kitchen,4,90,0,Sylhet,360.0,2024,9,3,1,0
2024-09-03,Blender,Home & Kitchen,6,55,0,Sylhet,330.0,2024,9,3,1,0
2024-09-03,Desk Lamp,Home & Kitchen,10,30,0,Sylhet,300.0,2024,9,3,1,0
2024-09-03,Skincare Set,Beauty,8,45,5,Khulna,342.0,2024,9,3,1,0
2024-09-04,Laptop,Electronics,2,850,10,Sylhet,1530.0,2024,9,4,2,0
2024-09-04,Smartphone,Electronics,3,500,5,Sylhet,1425.0,2024,9,4,2,0
2024-09-04,Headphones,Electronics,4,80,0,Dhaka,320.0,2024,9,4,2,0
2024-09-04,T-Shirt,Fashion,6,25,0,Chattogram,150.0,2024,9,4,2,0
2024-09-04,Sneakers,Fashion,5,60,0,Sylhet,300.0,2024,9,4,2,0
2024-09-04,Backpack,Fashion,6,40,5,Dhaka,228.0,2024,9,4,2,0
2024-09-04,Coffee Maker,Home & Kitchen,1,90,0,Chattogram,90.0,2024,9,4,2,0
2024-09-04,Blender,Home & Kitchen,5,55,0,Dhaka,275.0,2024,9,4,2,0
2024-09-04,Desk Lamp,Home & Kitchen,9,30,0,Sylhet,270.0,2024,9,4,2,0
2024-09-04,Skincare Set,Beauty,11,45,0,Chattogram,495.0,2024,9,4,2,0
2024-09-05,Laptop,Electronics,3,850,5,Rajshahi,2422.5,2024,9,5,3,0
2024-09-05,Smartphone,Electronics,4,500,0,Sylhet,2000.0,2024,9,5,3,0
2024-09-05,Headphones,Electronics,11,80,5,Sylhet,836.0,2024,9,5,3,0
2024-09-05,T-Shirt,Fashion,8,25,5,Rajshahi,190.0,2024,9,5,3,0
2024-09-05,Sneakers,Fashion,6,60,5,Khulna,342.0,2024,9,5,3,0
2024-09-05,Backpack,Fashion,9,40,0,Khulna,360.0,2024,9,5,3,0
2024-09-05,Coffee Maker,Home & Kitchen,5,90,10,Sylhet,405.0,2024,9,5,3,0
2024-09-05,Blender,Home & Kitchen,6,55,15,Dhaka,280.5,2024,9,5,3,0
2024-09-05,Desk Lamp,Home & Kitchen,6,30,5,Khulna,171.0,2024,9,5,3,0
2024-09-05,Skincare Set,Beauty,10,45,0,Rajshahi,450.0,2024,9,5,3,0
2024-09-06,Laptop,Electronics,1,850,0,Chattogram,850.0,2024,9,6,4,0
2024-09-06,Smartphone,Electronics,3,500,5,Rajshahi,1425.0,2024,9,6,4,0
2024-09-06,Headphones,Electronics,6,80,0,Dhaka,480.0,2024,9,6,4,0
2024-09-06,T-Shirt,Fashion,11,25,0,Rajshahi,275.0,2024,9,6,4,0
2024-09-06,Sneakers,Fashion,7,60,5,Sylhet,399.0,2024,9,6,4,0
2024-09-06,Backpack,Fashion,6,40,0,Sylhet,240.0,2024,9,6,4,0
2024-09-06,Coffee Maker,Home & Kitchen,5,90,0,Rajshahi,450.0,2024,9,6,4,0
2024-09-06,Blender,Home & Kitchen,5,55,10,Chattogram,247.5,2024,9,6,4,0
2024-09-06,Desk Lamp,Home & Kitchen,11,30,0,Khulna,330.0,2024,9,6,4,0
2024-09-06,Skincare Set,Beauty,14,45,0,Rajshahi,630.0,2024,9,6,4,0
2024-09-07,Laptop,Electronics,1,850,0,Sylhet,850.0,2024,9,7,5,1
2024-09-07,Smartphone,Electronics,6,500,5,Dhaka,2850.0,2024,9,7,5,1
2024-09-07,Headphones,Electronics,5,80,0,Dhaka,400.0,2024,9,7,5,1
2024-09-07,T-Shirt,Fashion,12,25,5,Dhaka,285.0,2024,9,7,5,1
2024-09-07,Sneakers,Fashion,5,60,10,Sylhet,270.0,2024,9,7,5,1
2024-09-07,Backpack,Fashion,4,40,10,Sylhet,144.0,2024,9,7,5,1
2024-09-07,Coffee Maker,Home & Kitchen,8,90,15,Sylhet,612.0,2024,9,7,5,1
2024-09-07,Blender,Home & Kitchen,5,55,5,Chattogram,261.25,2024,9,7,5,1
2024-09-07,Desk Lamp,Home & Kitchen,7,30,0,Rajshahi,210.0,2024,9,7,5,1
2024-09-07,Skincare Set,Beauty,7,45,0,Khulna,315.0,2024,9,7,5,1
2024-09-08,Laptop,Electronics,2,850,0,Dhaka,1700.0,2024,9,8,6,1
2024-09-08,Smartphone,Electronics,9,500,15,Sylhet,3825.0,2024,9,8,6,1
2024-09-08,Headphones,Electronics,9,80,0,Khulna,720.0,2024,9,8,6,1
2024-09-08,T-Shirt,Fashion,10,25,10,Dhaka,225.0,2024,9,8,6,1
2024-09-08,Sneakers,Fashion,7,60,0,Sylhet,420.0,2024,9,8,6,1
2024-09-08,Backpack,Fashion,7,40,10,Khulna,252.0,2024,9,8,6,1
2024-09-08,Coffee Maker,Home & Kitchen,7,90,0,Khulna,630.0,2024,9,8,6,1
2024-09-08,Blender,Home & Kitchen,11,55,10,Rajshahi,544.5,2024,9,8,6,1
2024-09-08,Desk Lamp,Home & Kitchen,9,30,10,Chattogram,243.0,2024,9,8,6,1
2024-09-08,Skincare Set,Beauty,12,45,5,Sylhet,513.0,2024,9,8,6,1
2024-09-09,Laptop,Electronics,1,850,5,Khulna,807.5,2024,9,9,0,0
2024-09-09,Smartphone,Electronics,9,500,15,Rajshahi,3825.0,2024,9,9,0,0
2024-09-09,Headphones,Electronics,4,80,10,Sylhet,288.0,2024,9,9,0,0
2024-09-09,T-Shirt,Fashion,12,25,5,Sylhet,285.0,2024,9,9,0,0
2024-09-09,Sneakers,Fashion,7,60,0,Chattogram,420.0,2024,9,9,0,0
2024-09-09,Backpack,Fashion,6,40,0,Chattogram,240.0,2024,9,9,0,0
2024-09-09,Coffee Maker,Home & Kitchen,3,90,10,Sylhet,243.0,2024,9,9,0,0
2024-09-09,Blender,Home & Kitchen,6,55,10,Sylhet,297.0,2024,9,9,0,0
2024-09-09,Desk Lamp,Home & Kitchen,11,30,0,Dhaka,330.0,2024,9,9,0,0
2024-09-09,Skincare Set,Beauty,7,45,0,Rajshahi,315.0,2024,9,9,0,0
2024-09-10,Laptop,Electronics,1,850,0,Rajshahi,850.0,2024,9,10,1,0
2024-09-10,Smartphone,Electronics,5,500,10,Rajshahi,2250.0,2024,9,10,1,0
2024-09-10,Headphones,Electronics,12,80,10,Rajshahi,864.0,2024,9,10,1,0
2024-09-10,T-Shirt,Fashion,13,25,0,Rajshahi,325.0,2024,9,10,1,0
2024-09-10,Sneakers,Fashion,3,60,0,Chattogram,180.0,2024,9,10,1,0
2024-09-10,Backpack,Fashion,4,40,5,Dhaka,152.0,2024,9,10,1,0
2024-09-10,Coffee Maker,Home & Kitchen,6,90,10,Chattogram,486.0,2024,9,10,1,0
2024-09-10,Blender,Home & Kitchen,3,55,0,Rajshahi,165.0,2024,9,10,1,0
2024-09-10,Desk Lamp,Home & Kitchen,4,30,5,Dhaka,114.0,2024,9,10,1,0
2024-09-10,Skincare Set,Beauty,6,45,0,Khulna,270.0,2024,9,10,1,0
2024-09-11,Laptop,Electronics,1,850,10,Rajshahi,765.0,2024,9,11,2,0
2024-09-11,Smartphone,Electronics,1,500,0,Rajshahi,500.0,2024,9,11,2,0
2024-09-11,Headphones,Electronics,12,80,10,Chattogram,864.0,2024,9,11,2,0
2024-09-11,T-Shirt,Fashion,11,25,5,Chattogram,261.25,2024,9,11,2,0
2024-09-11,Sneakers,Fashion,9,60,0,Rajshahi,540.0,2024,9,11,2,0
2024-09-11,Backpack,Fashion,6,40,5,Rajshahi,228.0,2024,9,11,2,0
2024-09-11,Coffee Maker,Home & Kitchen,5,90,5,Chattogram,427.5,2024,9,11,2,0
2024-09-11,Blender,Home & Kitchen,1,55,10,Dhaka,49.5,2024,9,11,2,0
2024-09-11,Desk Lamp,Home & Kitchen,6,30,5,Dhaka,171.0,2024,9,11,2,0
2024-09-11,Skincare Set,Beauty,8,45,5,Rajshahi,342.0,2024,9,11,2,0
2024-09-12,Laptop,Electronics,1,850,5,Rajshahi,807.5,2024,9,12,3,0
2024-09-12,Smartphone,Electronics,2,500,5,Dhaka,950.0,2024,9,12,3,0
2024-09-12,Headphones,Electronics,8,80,5,Sylhet,608.0,2024,9,12,3,0
2024-09-12,T-Shirt,Fashion,14,25,5,Sylhet,332.5,2024,9,12,3,0
2024-09-12,Sneakers,Fashion,8,60,0,Dhaka,480.0,2024,9,12,3,0
2024-09-12,Backpack,Fashion,8,40,0,Rajshahi,320.0,2024,9,12,3,0
2024-09-12,Coffee Maker,Home & Kitchen,7,90,10,Rajshahi,567.0,2024,9,12,3,0
2024-09-12,Blender,Home & Kitchen,5,55,0,Chattogram,275.0,2024,9,12,3,0
2024-09-12,Desk Lamp,Home & Kitchen,5,30,10,Khulna,135.0,2024,9,12,3,0
2024-09-12,Skincare Set,Beauty,6,45,0,Dhaka,270.0,2024,9,12,3,0
2024-09-13,Laptop,Electronics,1,850,0,Dhaka,850.0,2024,9,13,4,0
2024-09-13,Smartphone,Electronics,5,500,15,Sylhet,2125.0,2024,9,13,4,0
2024-09-13,Headphones,Electronics,5,80,5,Khulna,380.0,2024,9,13,4,0
2024-09-13,T-Shirt,Fashion,15,25,0,Rajshahi,375.0,2024,9,13,4,0
2024-09-13,Sneakers,Fashion,5,60,5,Khulna,285.0,2024,9,13,4,0
2024-09-13,Backpack,Fashion,5,40,0,Khulna,200.0,2024,9,13,4,0
2024-09-13,Coffee Maker,Home & Kitchen,4,90,15,Khulna,306.0,2024,9,13,4,0
2024-09-13,Blender,Home & Kitchen,5,55,0,Sylhet,275.0,2024,9,13,4,0
2024-09-13,Desk Lamp,Home & Kitchen,7,30,0,Chattogram,210.0,2024,9,13,4,0
2024-09-13,Skincare Set,Beauty,12,45,0,Dhaka,540.0,2024,9,13,4,0
2024-09-14,Laptop,Electronics,2,850,0,Rajshahi,1700.0,2024,9,14,5,1
2024-09-14,Smartphone,Electronics,5,500,0,Khulna,2500.0,2024,9,14,5,1
2024-09-14,Headphones,Electronics,6,80,10,Khulna,432.0,2024,9,14,5,1
2024-09-14,T-Shirt,Fashion,10,25,15,Khulna,212.5,2024,9,14,5,1
2024-09-14,Sneakers,Fashion,6,60,5,Sylhet,342.0,2024,9,14,5,1
2024-09-14,Backpack,Fashion,9,40,10,Sylhet,324.0,2024,9,14,5,1
2024-09-14,Coffee Maker,Home & Kitchen,4,90,5,Dhaka,342.0,2024,9,14,5,1
2024-09-14,Blender,Home & Kitchen,5,55,10,Rajshahi,247.5,2024,9,14,5,1
2024-09-14,Desk Lamp,Home & Kitchen,7,30,0,Sylhet,210.0,2024,9,14,5,1
2024-09-14,Skincare Set,Beauty,7,45,10,Sylhet,283.5,2024,9,14,5,1
2024-09-15,Laptop,Electronics,2,850,5,Khulna,1615.0,2024,9,15,6,1
2024-09-15,Smartphone,Electronics,8,500,0,Chattogram,4000.0,2024,9,15,6,1
2024-09-15,Headphones,Electronics,8,80,5,Dhaka,608.0,2024,9,15,6,1
2024-09-15,T-Shirt,Fashion,9,25,10,Rajshahi,202.5,2024,9,15,6,1
2024-09-15,Sneakers,Fashion,9,60,0,Khulna,540.0,2024,9,15,6,1
2024-09-15,Backpack,Fashion,9,40,0,Chattogram,360.0,2024,9,15,6,1
2024-09-15,Coffee Maker,Home & Kitchen,2,90,15,Rajshahi,153.0,2024,9,15,6,1
2024-09-15,Blender,Home & Kitchen,2,55,0,Dhaka,110.0,2024,9,15,6,1
2024-09-15,Desk Lamp,Home & Kitchen,12,30,0,Sylhet,360.0,2024,9,15,6,1
2024-09-15,Skincare Set,Beauty,6,45,0,Sylhet,270.0,2024,9,15,6,1
2024-09-16,Laptop,Electronics,1,850,15,Rajshahi,722.5,2024,9,16,0,0
2024-09-16,Smartphone,Electronics,0,500,5,Rajshahi,0.0,2024,9,16,0,0
2024-09-16,Headphones,Electronics,3,80,10,Khulna,216.0,2024,9,16,0,0
2024-09-16,T-Shirt,Fashion,14,25,10,Khulna,315.0,2024,9,16,0,0
2024-09-16,Sneakers,Fashion,4,60,5,Chattogram,228.0,2024,9,16,0,0
2024-09-16,Backpack,Fashion,9,40,15,Chattogram,306.0,2024,9,16,0,0
2024-09-16,Coffee Maker,Home & Kitchen,2,90,5,Sylhet,171.0,2024,9,16,0,0
2024-09-16,Blender,Home & Kitchen,4,55,5,Sylhet,209.0,2024,9,16,0,0
2024-09-16,Desk Lamp,Home & Kitchen,5,30,5,Rajshahi,142.5,2024,9,16,0,0
2024-09-16,Skincare Set,Beauty,5,45,5,Khulna,213.75,2024,9,16,0,0
2024-09-17,Laptop,Electronics,3,850,0,Chattogram,2550.0,2024,9,17,1,0
2024-09-17,Smartphone,Electronics,2,500,5,Sylhet,950.0,2024,9,17,1,0
2024-09-17,Headphones,Electronics,2,80,10,Sylhet,144.0,2024,9,17,1,0
2024-09-17,T-Shirt,Fashion,11,25,0,Rajshahi,275.0,2024,9,17,1,0
2024-09-17,Sneakers,Fashion,4,60,10,Khulna,216.0,2024,9,17,1,0
2024-09-17,Backpack,Fashion,2,40,10,Rajshahi,72.0,2024,9,17,1,0
2024-09-17,Coffee Maker,Home & Kitchen,5,90,5,Sylhet,427.5,2024,9,17,1,0
2024-09-17,Blender,Home & Kitchen,5,55,10,Chattogram,247.5,2024,9,17,1,0
2024-09-17,Desk Lamp,Home & Kitchen,8,30,10,Dhaka,216.0,2024,9,17,1,0
2024-09-17,Skincare Set,Beauty,6,45,5,Rajshahi,256.5,2024,9,17,1,0
2024-09-18,Laptop,Electronics,1,850,10,Dhaka,765.0,2024,9,18,2,0
2024-09-18,Smartphone,Electronics,6,500,0,Dhaka,3000.0,2024,9,18,2,0
2024-09-18,Headphones,Electronics,7,80,10,Sylhet,504.0,2024,9,18,2,0
2024-09-18,T-Shirt,Fashion,14,25,5,Chattogram,332.5,2024,9,18,2,0
2024-09-18,Sneakers,Fashion,1,60,0,Rajshahi,60.0,2024,9,18,2,0
2024-09-18,Backpack,Fashion,5,40,0,Sylhet,200.0,2024,9,18,2,0
2024-09-18,Coffee Maker,Home & Kitchen,3,90,5,Sylhet,256.5,2024,9,18,2,0
2024-09-18,Blender,Home & Kitchen,3,55,10,Khulna,148.5,2024,9,18,2,0
2024-09-18,Desk Lamp,Home & Kitchen,5,30,10,Sylhet,135.0,2024,9,18,2,0
2024-09-18,Skincare Set,Beauty,13,45,5,Dhaka,555.75,2024,9,18,2,0
2024-09-19,Laptop,Electronics,0,850,0,Khulna,0.0,2024,9,19,3,0
2024-09-19,Smartphone,Electronics,5,500,0,Dhaka,2500.0,2024,9,19,3,0
2024-09-19,Headphones,Electronics,11,80,0,Chattogram,880.0,2024,9,19,3,0
2024-09-19,T-Shirt,Fashion,13,25,10,Sylhet,292.5,2024,9,19,3,0
2024-09-19,Sneakers,Fashion,6,60,0,Rajshahi,360.0,2024,9,19,3,0
2024-09-19,Backpack,Fashion,6,40,10,Sylhet,216.0,2024,9,19,3,0
2024-09-19,Coffee Maker,Home & Kitchen,5,90,15,Dhaka,382.5,2024,9,19,3,0
2024-09-19,Blender,Home & Kitchen,4,55,5,Rajshahi,209.0,2024,9,19,3,0
2024-09-19,Desk Lamp,Home & Kitchen,4,30,5,Khulna,114.0,2024,9,19,3,0
2024-09-19,Skincare Set,Beauty,9,45,10,Sylhet,364.5,2024,9,19,3,0
2024-09-20,Laptop,Electronics,2,850,0,Sylhet,1700.0,2024,9,20,4,0
2024-09-20,Smartphone,Electronics,6,500,0,Dhaka,3000.0,2024,9,20,4,0
2024-09-20,Headphones,Electronics,9,80,5,Khulna,684.0,2024,9,20,4,0
2024-09-20,T-Shirt,Fashion,3,25,10,Chattogram,67.5,2024,9,20,4,0
2024-09-20,Sneakers,Fashion,6,60,5,Sylhet,342.0,2024,9,20,4,0
2024-09-20,Backpack,Fashion,6,40,0,Khulna,240.0,2024,9,20,4,0
2024-09-20,Coffee Maker,Home & Kitchen,5,90,5,Khulna,427.5,2024,9,20,4,0
2024-09-20,Blender,Home & Kitchen,9,55,0,Dhaka,495.0,2024,9,20,4,0
2024-09-20,Desk Lamp,Home & Kitchen,10,30,15,Rajshahi,255.0,2024,9,20,4,0
2024-09-20,Skincare Set,Beauty,5,45,0,Sylhet,225.0,2024,9,20,4,0
2024-09-21,Laptop,Electronics,3,850,5,Rajshahi,2422.5,2024,9,21,5,1
2024-09-21,Smartphone,Electronics,6,500,5,Khulna,2850.0,2024,9,21,5,1
2024-09-21,Headphones,Electronics,7,80,0,Rajshahi,560.0,2024,9,21,5,1
2024-09-21,T-Shirt,Fashion,13,25,10,Dhaka,292.5,2024,9,21,5,1
2024-09-21,Sneakers,Fashion,7,60,0,Chattogram,420.0,2024,9,21,5,1
2024-09-21,Backpack,Fashion,6,40,0,Khulna,240.0,2024,9,21,5,1
2024-09-21,Coffee Maker,Home & Kitchen,2,90,5,Dhaka,171.0,2024,9,21,5,1
2024-09-21,Blender,Home & Kitchen,3,55,10,Rajshahi,148.5,2024,9,21,5,1
2024-09-21,Desk Lamp,Home & Kitchen,15,30,10,Rajshahi,405.0,2024,9,21,5,1
2024-09-21,Skincare Set,Beauty,5,45,0,Khulna,225.0,2024,9,21,5,1
2024-09-22,Laptop,Electronics,1,850,10,Dhaka,765.0,2024,9,22,6,1
2024-09-22,Smartphone,Electronics,11,500,0,Khulna,5500.0,2024,9,22,6,1
2024-09-22,Headphones,Electronics,9,80,10,Rajshahi,648.0,2024,9,22,6,1
2024-09-22,T-Shirt,Fashion,7,25,0,Khulna,175.0,2024,9,22,6,1
2024-09-22,Sneakers,Fashion,8,60,0,Rajshahi,480.0,2024,9,22,6,1
2024-09-22,Backpack,Fashion,4,40,0,Khulna,160.0,2024,9,22,6,1
2024-09-22,Coffee Maker,Home & Kitchen,1,90,0,Dhaka,90.0,2024,9,22,6,1
2024-09-22,Blender,Home & Kitchen,12,55,0,Khulna,660.0,2024,9,22,6,1
2024-09-22,Desk Lamp,Home & Kitchen,7,30,0,Chattogram,210.0,2024,9,22,6,1
2024-09-22,Skincare Set,Beauty,8,45,10,Dhaka,324.0,2024,9,22,6,1
2024-09-23,Laptop,Electronics,1,850,10,Rajshahi,765.0,2024,9,23,0,0
2024-09-23,Smartphone,Electronics,2,500,5,Chattogram,950.0,2024,9,23,0,0
2024-09-23,Headphones,Electronics,6,80,5,Chattogram,456.0,2024,9,23,0,0
2024-09-23,T-Shirt,Fashion,17,25,5,Khulna,403.75,2024,9,23,0,0
2024-09-23,Sneakers,Fashion,6,60,10,Chattogram,324.0,2024,9,23,0,0
2024-09-23,Backpack,Fashion,5,40,0,Khulna,200.0,2024,9,23,0,0
2024-09-23,Coffee Maker,Home & Kitchen,1,90,10,Chattogram,81.0,2024,9,23,0,0
2024-09-23,Blender,Home & Kitchen,8,55,0,Chattogram,440.0,2024,9,23,0,0
2024-09-23,Desk Lamp,Home & Kitchen,10,30,10,Sylhet,270.0,2024,9,23,0,0
2024-09-23,Skincare Set,Beauty,10,45,10,Rajshahi,405.0,2024,9,23,0,0
2024-09-24,Laptop,Electronics,2,850,0,Khulna,1700.0,2024,9,24,1,0
2024-09-24,Smartphone,Electronics,3,500,10,Rajshahi,1350.0,2024,9,24,1,0
2024-09-24,Headphones,Electronics,8,80,0,Chattogram,640.0,2024,9,24,1,0
2024-09-24,T-Shirt,Fashion,6,25,10,Sylhet,135.0,2024,9,24,1,0
2024-09-24,Sneakers,Fashion,6,60,5,Khulna,342.0,2024,9,24,1,0
2024-09-24,Backpack,Fashion,4,40,10,Rajshahi,144.0,2024,9,24,1,0
2024-09-24,Coffee Maker,Home & Kitchen,4,90,5,Rajshahi,342.0,2024,9,24,1,0
2024-09-24,Blender,Home & Kitchen,9,55,10,Rajshahi,445.5,2024,9,24,1,0
2024-09-24,Desk Lamp,Home & Kitchen,8,30,0,Dhaka,240.0,2024,9,24,1,0
2024-09-24,Skincare Set,Beauty,7,45,5,Khulna,299.25,2024,9,24,1,0
2024-09-25,Laptop,Electronics,5,850,0,Sylhet,4250.0,2024,9,25,2,0
2024-09-25,Smartphone,Electronics,3,500,5,Rajshahi,1425.0,2024,9,25,2,0
2024-09-25,Headphones,Electronics,7,80,5,Rajshahi,532.0,2024,9,25,2,0
2024-09-25,T-Shirt,Fashion,10,25,5,Sylhet,237.5,2024,9,25,2,0
2024-09-25,Sneakers,Fashion,7,60,15,Khulna,357.0,2024,9,25,2,0
2024-09-25,Backpack,Fashion,6,40,0,Dhaka,240.0,2024,9,25,2,0
2024-09-25,Coffee Maker,Home & Kitchen,3,90,5,Dhaka,256.5,2024,9,25,2,0
2024-09-25,Blender,Home & Kitchen,5,55,10,Rajshahi,247.5,2024,9,25,2,0
2024-09-25,Desk Lamp,Home & Kitchen,8,30,15,Khulna,204.0,2024,9,25,2,0
2024-09-25,Skincare Set,Beauty,10,45,0,Sylhet,450.0,2024,9,25,2,0
2024-09-26,Laptop,Electronics,2,850,0,Dhaka,1700.0,2024,9,26,3,0
2024-09-26,Smartphone,Electronics,1,500,5,Chattogram,475.0,2024,9,26,3,0
2024-09-26,Headphones,Electronics,7,80,10,Chattogram,504.0,2024,9,26,3,0
2024-09-26,T-Shirt,Fashion,8,25,10,Chattogram,180.0,2024,9,26,3,0
2024-09-26,Sneakers,Fashion,2,60,5,Khulna,114.0,2024,9,26,3,0
2024-09-26,Backpack,Fashion,8,40,10,Chattogram,288.0,2024,9,26,3,0
2024-09-26,Coffee Maker,Home & Kitchen,7,90,15,Rajshahi,535.5,2024,9,26,3,0
2024-09-26,Blender,Home & Kitchen,6,55,5,Khulna,313.5,2024,9,26,3,0
2024-09-26,Desk Lamp,Home & Kitchen,10,30,0,Khulna,300.0,2024,9,26,3,0
2024-09-26,Skincare Set,Beauty,10,45,0,Khulna,450.0,2024,9,26,3,0
2024-09-27,Laptop,Electronics,3,850,5,Rajshahi,2422.5,2024,9,27,4,0
2024-09-27,Smartphone,Electronics,2,500,0,Rajshahi,1000.0,2024,9,27,4,0
2024-09-27,Headphones,Electronics,9,80,5,Chattogram,684.0,2024,9,27,4,0
2024-09-27,T-Shirt,Fashion,5,25,15,Sylhet,106.25,2024,9,27,4,0
2024-09-27,Sneakers,Fashion,5,60,5,Khulna,285.0,2024,9,27,4,0
2024-09-27,Backpack,Fashion,3,40,0,Dhaka,120.0,2024,9,27,4,0
2024-09-27,Coffee Maker,Home & Kitchen,4,90,10,Dhaka,324.0,2024,9,27,4,0
2024-09-27,Blender,Home & Kitchen,4,55,10,Dhaka,198.0,2024,9,27,4,0
2024-09-27,Desk Lamp,Home & Kitchen,1,30,10,Khulna,27.0,2024,9,27,4,0
2024-09-27,Skincare Set,Beauty,8,45,5,Rajshahi,342.0,2024,9,27,4,0
2024-09-28,Laptop,Electronics,3,850,0,Sylhet,2550.0,2024,9,28,5,1
2024-09-28,Smartphone,Electronics,7,500,5,Rajshahi,3325.0,2024,9,28,5,1
2024-09-28,Headphones,Electronics,7,80,15,Sylhet,476.0,2024,9,28,5,1
2024-09-28,T-Shirt,Fashion,12,25,5,Dhaka,285.0,2024,9,28,5,1
2024-09-28,Sneakers,Fashion,6,60,0,Rajshahi,360.0,2024,9,28,5,1
2024-09-28,Backpack,Fashion,9,40,5,Chattogram,342.0,2024,9,28,5,1
2024-09-28,Coffee Maker,Home & Kitchen,7,90,0,Sylhet,630.0,2024,9,28,5,1
2024-09-28,Blender,Home & Kitchen,7,55,10,Chattogram,346.5,2024,9,28,5,1
2024-09-28,Desk Lamp,Home & Kitchen,12,30,5,Khulna,342.0,2024,9,28,5,1
2024-09-28,Skincare Set,Beauty,10,45,5,Rajshahi,427.5,2024,9,28,5,1
2024-09-29,Laptop,Electronics,1,850,0,Chattogram,850.0,2024,9,29,6,1
2024-09-29,Smartphone,Electronics,4,500,5,Chattogram,1900.0,2024,9,29,6,1
2024-09-29,Headphones,Electronics,7,80,5,Chattogram,532.0,2024,9,29,6,1
2024-09-29,T-Shirt,Fashion,17,25,0,Dhaka,425.0,2024,9,29,6,1
2024-09-29,Sneakers,Fashion,5,60,0,Sylhet,300.0,2024,9,29,6,1
2024-09-29,Backpack,Fashion,4,40,5,Khulna,152.0,2024,9,29,6,1
2024-09-29,Coffee Maker,Home & Kitchen,7,90,5,Rajshahi,598.5,2024,9,29,6,1
2024-09-29,Blender,Home & Kitchen,6,55,5,Sylhet,313.5,2024,9,29,6,1
2024-09-29,Desk Lamp,Home & Kitchen,12,30,0,Rajshahi,360.0,2024,9,29,6,1
2024-09-29,Skincare Set,Beauty,6,45,10,Khulna,243.0,2024,9,29,6,1
2024-09-30,Laptop,Electronics,3,850,15,Dhaka,2167.5,2024,9,30,0,0
2024-09-30,Smartphone,Electronics,4,500,0,Chattogram,2000.0,2024,9,30,0,0
2024-09-30,Headphones,Electronics,9,80,10,Khulna,648.0,2024,9,30,0,0
2024-09-30,T-Shirt,Fashion,12,25,5,Sylhet,285.0,2024,9,30,0,0
2024-09-30,Sneakers,Fashion,5,60,0,Chattogram,300.0,2024,9,30,0,0
2024-09-30,Backpack,Fashion,5,40,0,Khulna,200.0,2024,9,30,0,0
2024-09-30,Coffee Maker,Home & Kitchen,6,90,10,Chattogram,486.0,2024,9,30,0,0
2024-09-30,Blender,Home & Kitchen,3,55,0,Dhaka,165.0,2024,9,30,0,0
2024-09-30,Desk Lamp,Home & Kitchen,5,30,5,Khulna,142.5,2024,9,30,0,0
2024-09-30,Skincare Set,Beauty,9,45,5,Rajshahi,384.75,2024,9,30,0,0
2024-10-01,Laptop,Electronics,0,850,10,Chattogram,0.0,2024,10,1,1,0
2024-10-01,Smartphone,Electronics,3,500,5,Dhaka,1425.0,2024,10,1,1,0
2024-10-01,Headphones,Electronics,7,80,0,Khulna,560.0,2024,10,1,1,0
2024-10-01,T-Shirt,Fashion,14,25,0,Sylhet,350.0,2024,10,1,1,0
2024-10-01,Sneakers,Fashion,5,60,0,Dhaka,300.0,2024,10,1,1,0
2024-10-01,Backpack,Fashion,3,40,10,Chattogram,108.0,2024,10,1,1,0
2024-10-01,Coffee Maker,Home & Kitchen,8,90,10,Khulna,648.0,2024,10,1,1,0
2024-10-01,Blender,Home & Kitchen,12,55,5,Khulna,627.0,2024,10,1,1,0
2024-10-01,Desk Lamp,Home & Kitchen,7,30,0,Dhaka,210.0,2024,10,1,1,0
2024-10-01,Skincare Set,Beauty,7,45,10,Dhaka,283.5,2024,10,1,1,0
2024-10-02,Laptop,Electronics,4,850,5,Rajshahi,3230.0,2024,10,2,2,0
2024-10-02,Smartphone,Electronics,5,500,5,Chattogram,2375.0,2024,10,2,2,0
2024-10-02,Headphones,Electronics,5,80,5,Dhaka,380.0,2024,10,2,2,0
2024-10-02,T-Shirt,Fashion,13,25,0,Dhaka,325.0,2024,10,2,2,0
2024-10-02,Sneakers,Fashion,4,60,10,Dhaka,216.0,2024,10,2,2,0
2024-10-02,Backpack,Fashion,6,40,10,Chattogram,216.0,2024,10,2,2,0
2024-10-02,Coffee Maker,Home & Kitchen,3,90,15,Sylhet,229.5,2024,10,2,2,0
2024-10-02,Blender,Home & Kitchen,8,55,0,Sylhet,440.0,2024,10,2,2,0
2024-10-02,Desk Lamp,Home & Kitchen,8,30,10,Sylhet,216.0,2024,10,2,2,0
2024-10-02,Skincare Set,Beauty,6,45,5,Dhaka,256.5,2024,10,2,2,0
2024-10-03,Laptop,Electronics,3,850,0,Sylhet,2550.0,2024,10,3,3,0
2024-10-03,Smartphone,Electronics,4,500,0,Dhaka,2000.0,2024,10,3,3,0
2024-10-03,Headphones,Electronics,10,80,0,Rajshahi,800.0,2024,10,3,3,0
2024-10-03,T-Shirt,Fashion,4,25,5,Sylhet,95.0,2024,10,3,3,0
2024-10-03,Sneakers,Fashion,6,60,5,Chattogram,342.0,2024,10,3,3,0
2024-10-03,Backpack,Fashion,8,40,0,Chattogram,320.0,2024,10,3,3,0
2024-10-03,Coffee Maker,Home & Kitchen,6,90,5,Dhaka,513.0,2024,10,3,3,0
2024-10-03,Blender,Home & Kitchen,3,55,5,Khulna,156.75,2024,10,3,3,0
2024-10-03,Desk Lamp,Home & Kitchen,13,30,0,Khulna,390.0,2024,10,3,3,0
2024-10-03,Skincare Set,Beauty,11,45,5,Rajshahi,470.25,2024,10,3,3,0
2024-10-04,Laptop,Electronics,5,850,0,Dhaka,4250.0,2024,10,4,4,0
2024-10-04,Smartphone,Electronics,6,500,0,Chattogram,3000.0,2024,10,4,4,0
2024-10-04,Headphones,Electronics,10,80,0,Dhaka,800.0,2024,10,4,4,0
2024-10-04,T-Shirt,Fashion,14,25,5,Dhaka,332.5,2024,10,4,4,0
2024-10-04,Sneakers,Fashion,7,60,0,Dhaka,420.0,2024,10,4,4,0
2024-10-04,Backpack,Fashion,6,40,5,Rajshahi,228.0,2024,10,4,4,0
2024-10-04,Coffee Maker,Home & Kitchen,3,90,10,Rajshahi,243.0,2024,10,4,4,0
2024-10-04,Blender,Home & Kitchen,7,55,5,Khulna,365.75,2024,10,4,4,0
2024-10-04,Desk Lamp,Home & Kitchen,10,30,5,Khulna,285.0,2024,10,4,4,0
2024-10-04,Skincare Set,Beauty,9,45,5,Khulna,384.75,2024,10,4,4,0
2024-10-05,Laptop,Electronics,2,850,0,Khulna,1700.0,2024,10,5,5,1
2024-10-05,Smartphone,Electronics,6,500,10,Dhaka,2700.0,2024,10,5,5,1
2024-10-05,Headphones,Electronics,7,80,0,Sylhet,560.0,2024,10,5,5,1
2024-10-05,T-Shirt,Fashion,7,25,5,Dhaka,166.25,2024,10,5,5,1
2024-10-05,Sneakers,Fashion,9,60,0,Dhaka,540.0,2024,10,5,5,1
2024-10-05,Backpack,Fashion,12,40,5,Sylhet,456.0,2024,10,5,5,1
2024-10-05,Coffee Maker,Home & Kitchen,2,90,0,Khulna,180.0,2024,10,5,5,1
2024-10-05,Blender,Home & Kitchen,6,55,0,Sylhet,330.0,2024,10,5,5,1
2024-10-05,Desk Lamp,Home & Kitchen,4,30,10,Sylhet,108.0,2024,10,5,5,1
2024-10-05,Skincare Set,Beauty,11,45,10,Chattogram,445.5,2024,10,5,5,1
2024-10-06,Laptop,Electronics,6,850,5,Sylhet,4845.0,2024,10,6,6,1
2024-10-06,Smartphone,Electronics,7,500,0,Rajshahi,3500.0,2024,10,6,6,1
2024-10-06,Headphones,Electronics,7,80,0,Chattogram,560.0,2024,10,6,6,1
2024-10-06,T-Shirt,Fashion,6,25,0,Khulna,150.0,2024,10,6,6,1
2024-10-06,Sneakers,Fashion,6,60,5,Sylhet,342.0,2024,10,6,6,1
2024-10-06,Backpack,Fashion,11,40,5,Chattogram,418.0,2024,10,6,6,1
2024-10-06,Coffee Maker,Home & Kitchen,5,90,5,Rajshahi,427.5,2024,10,6,6,1
2024-10-06,Blender,Home & Kitchen,7,55,10,Rajshahi,346.5,2024,10,6,6,1
2024-10-06,Desk Lamp,Home & Kitchen,10,30,10,Chattogram,270.0,2024,10,6,6,1
2024-10-06,Skincare Set,Beauty,7,45,10,Chattogram,283.5,2024,10,6,6,1
2024-10-07,Laptop,Electronics,7,850,0,Sylhet,5950.0,2024,10,7,0,0
2024-10-07,Smartphone,Electronics,0,500,5,Rajshahi,0.0,2024,10,7,0,0
2024-10-07,Headphones,Electronics,9,80,0,Khulna,720.0,2024,10,7,0,0
2024-10-07,T-Shirt,Fashion,9,25,0,Khulna,225.0,2024,10,7,0,0
2024-10-07,Sneakers,Fashion,8,60,5,Khulna,456.0,2024,10,7,0,0
2024-10-07,Backpack,Fashion,4,40,0,Dhaka,160.0,2024,10,7,0,0
2024-10-07,Coffee Maker,Home & Kitchen,7,90,15,Khulna,535.5,2024,10,7,0,0
2024-10-07,Blender,Home & Kitchen,4,55,0,Khulna,220.0,2024,10,7,0,0
2024-10-07,Desk Lamp,Home & Kitchen,6,30,0,Rajshahi,180.0,2024,10,7,0,0
2024-10-07,Skincare Set,Beauty,10,45,15,Khulna,382.5,2024,10,7,0,0
2024-10-08,Laptop,Electronics,8,850,5,Chattogram,6460.0,2024,10,8,1,0
2024-10-08,Smartphone,Electronics,7,500,0,Chattogram,3500.0,2024,10,8,1,0
2024-10-08,Headphones,Electronics,9,80,5,Chattogram,684.0,2024,10,8,1,0
2024-10-08,T-Shirt,Fashion,9,25,0,Sylhet,225.0,2024,10,8,1,0
2024-10-08,Sneakers,Fashion,5,60,0,Chattogram,300.0,2024,10,8,1,0
2024-10-08,Backpack,Fashion,9,40,0,Rajshahi,360.0,2024,10,8,1,0
2024-10-08,Coffee Maker,Home & Kitchen,3,90,0,Sylhet,270.0,2024,10,8,1,0
2024-10-08,Blender,Home & Kitchen,6,55,10,Khulna,297.0,2024,10,8,1,0
2024-10-08,Desk Lamp,Home & Kitchen,6,30,0,Chattogram,180.0,2024,10,8,1,0
2024-10-08,Skincare Set,Beauty,7,45,10,Rajshahi,283.5,2024,10,8,1,0
2024-10-09,Laptop,Electronics,3,850,0,Chattogram,2550.0,2024,10,9,2,0
2024-10-09,Smartphone,Electronics,2,500,10,Chattogram,900.0,2024,10,9,2,0
2024-10-09,Headphones,Electronics,5,80,0,Chattogram,400.0,2024,10,9,2,0
2024-10-09,T-Shirt,Fashion,11,25,10,Rajshahi,247.5,2024,10,9,2,0
2024-10-09,Sneakers,Fashion,7,60,10,Sylhet,378.0,2024,10,9,2,0
2024-10-09,Backpack,Fashion,2,40,0,Sylhet,80.0,2024,10,9,2,0
2024-10-09,Coffee Maker,Home & Kitchen,4,90,0,Dhaka,360.0,2024,10,9,2,0
2024-10-09,Blender,Home & Kitchen,6,55,5,Rajshahi,313.5,2024,10,9,2,0
2024-10-09,Desk Lamp,Home & Kitchen,10,30,5,Dhaka,285.0,2024,10,9,2,0
2024-10-09,Skincare Set,Beauty,3,45,10,Sylhet,121.5,2024,10,9,2,0
2024-10-10,Laptop,Electronics,3,850,0,Rajshahi,2550.0,2024,10,10,3,0
2024-10-10,Smartphone,Electronics,2,500,0,Khulna,1000.0,2024,10,10,3,0
2024-10-10,Headphones,Electronics,6,80,0,Dhaka,480.0,2024,10,10,3,0
2024-10-10,T-Shirt,Fashion,8,25,5,Sylhet,190.0,2024,10,10,3,0
2024-10-10,Sneakers,Fashion,6,60,5,Dhaka,342.0,2024,10,10,3,0
2024-10-10,Backpack,Fashion,4,40,10,Chattogram,144.0,2024,10,10,3,0
2024-10-10,Coffee Maker,Home & Kitchen,4,90,0,Sylhet,360.0,2024,10,10,3,0
2024-10-10,Blender,Home & Kitchen,3,55,0,Sylhet,165.0,2024,10,10,3,0
2024-10-10,Desk Lamp,Home & Kitchen,9,30,5,Chattogram,256.5,2024,10,10,3,0
2024-10-10,Skincare Set,Beauty,7,45,0,Khulna,315.0,2024,10,10,3,0
2024-10-11,Laptop,Electronics,2,850,10,Khulna,1530.0,2024,10,11,4,0
2024-10-11,Smartphone,Electronics,7,500,0,Khulna,3500.0,2024,10,11,4,0
2024-10-11,Headphones,Electronics,6,80,0,Khulna,480.0,2024,10,11,4,0
2024-10-11,T-Shirt,Fashion,16,25,0,Sylhet,400.0,2024,10,11,4,0
2024-10-11,Sneakers,Fashion,9,60,10,Sylhet,486.0,2024,10,11,4,0
2024-10-11,Backpack,Fashion,5,40,0,Chattogram,200.0,2024,10,11,4,0
2024-10-11,Coffee Maker,Home & Kitchen,4,90,0,Sylhet,360.0,2024,10,11,4,0
2024-10-11,Blender,Home & Kitchen,1,55,0,Dhaka,55.0,2024,10,11,4,0
2024-10-11,Desk Lamp,Home & Kitchen,9,30,0,Khulna,270.0,2024,10,11,4,0
2024-10-11,Skincare Set,Beauty,7,45,10,Chattogram,283.5,2024,10,11,4,0
2024-10-12,Laptop,Electronics,1,850,0,Chattogram,850.0,2024,10,12,5,1
2024-10-12,Smartphone,Electronics,7,500,5,Chattogram,3325.0,2024,10,12,5,1
2024-10-12,Headphones,Electronics,12,80,0,Chattogram,960.0,2024,10,12,5,1
2024-10-12,T-Shirt,Fashion,16,25,10,Sylhet,360.0,2024,10,12,5,1
2024-10-12,Sneakers,Fashion,5,60,5,Dhaka,285.0,2024,10,12,5,1
2024-10-12,Backpack,Fashion,10,40,5,Dhaka,380.0,2024,10,12,5,1
2024-10-12,Coffee Maker,Home & Kitchen,5,90,0,Rajshahi,450.0,2024,10,12,5,1
2024-10-12,Blender,Home & Kitchen,8,55,10,Chattogram,396.0,2024,10,12,5,1
2024-10-12,Desk Lamp,Home & Kitchen,15,30,0,Dhaka,450.0,2024,10,12,5,1
2024-10-12,Skincare Set,Beauty,7,45,5,Sylhet,299.25,2024,10,12,5,1
2024-10-13,Laptop,Electronics,2,850,10,Rajshahi,1530.0,2024,10,13,6,1
2024-10-13,Smartphone,Electronics,8,500,5,Sylhet,3800.0,2024,10,13,6,1
2024-10-13,Headphones,Electronics,9,80,5,Khulna,684.0,2024,10,13,6,1
2024-10-13,T-Shirt,Fashion,13,25,0,Dhaka,325.0,2024,10,13,6,1
2024-10-13,Sneakers,Fashion,6,60,0,Sylhet,360.0,2024,10,13,6,1
2024-10-13,Backpack,Fashion,6,40,15,Sylhet,204.0,2024,10,13,6,1
2024-10-13,Coffee Maker,Home & Kitchen,7,90,10,Dhaka,567.0,2024,10,13,6,1
2024-10-13,Blender,Home & Kitchen,9,55,0,Chattogram,495.0,2024,10,13,6,1
2024-10-13,Desk Lamp,Home & Kitchen,7,30,0,Chattogram,210.0,2024,10,13,6,1
2024-10-13,Skincare Set,Beauty,13,45,0,Sylhet,585.0,2024,10,13,6,1
2024-10-14,Laptop,Electronics,1,850,10,Khulna,765.0,2024,10,14,0,0
2024-10-14,Smartphone,Electronics,4,500,0,Rajshahi,2000.0,2024,10,14,0,0
2024-10-14,Headphones,Electronics,8,80,5,Khulna,608.0,2024,10,14,0,0
2024-10-14,T-Shirt,Fashion,5,25,5,Rajshahi,118.75,2024,10,14,0,0
2024-10-14,Sneakers,Fashion,8,60,0,Khulna,480.0,2024,10,14,0,0
2024-10-14,Backpack,Fashion,10,40,0,Dhaka,400.0,2024,10,14,0,0
2024-10-14,Coffee Maker,Home & Kitchen,2,90,0,Sylhet,180.0,2024,10,14,0,0
2024-10-14,Blender,Home & Kitchen,9,55,10,Rajshahi,445.5,2024,10,14,0,0
2024-10-14,Desk Lamp,Home & Kitchen,11,30,0,Chattogram,330.0,2024,10,14,0,0
2024-10-14,Skincare Set,Beauty,10,45,5,Chattogram,427.5,2024,10,14,0,0
2024-10-15,Laptop,Electronics,2,850,10,Chattogram,1530.0,2024,10,15,1,0
2024-10-15,Smartphone,Electronics,3,500,5,Rajshahi,1425.0,2024,10,15,1,0
2024-10-15,Headphones,Electronics,5,80,0,Chattogram,400.0,2024,10,15,1,0
2024-10-15,T-Shirt,Fashion,14,25,10,Dhaka,315.0,2024,10,15,1,0
2024-10-15,Sneakers,Fashion,10,60,0,Rajshahi,600.0,2024,10,15,1,0
2024-10-15,Backpack,Fashion,8,40,5,Chattogram,304.0,2024,10,15,1,0
2024-10-15,Coffee Maker,Home & Kitchen,0,90,10,Rajshahi,0.0,2024,10,15,1,0
2024-10-15,Blender,Home & Kitchen,7,55,5,Rajshahi,365.75,2024,10,15,1,0
2024-10-15,Desk Lamp,Home & Kitchen,3,30,5,Dhaka,85.5,2024,10,15,1,0
2024-10-15,Skincare Set,Beauty,8,45,0,Sylhet,360.0,2024,10,15,1,0
2024-10-16,Laptop,Electronics,3,850,0,Sylhet,2550.0,2024,10,16,2,0
2024-10-16,Smartphone,Electronics,5,500,5,Sylhet,2375.0,2024,10,16,2,0
2024-10-16,Headphones,Electronics,9,80,0,Chattogram,720.0,2024,10,16,2,0
2024-10-16,T-Shirt,Fashion,5,25,15,Khulna,106.25,2024,10,16,2,0
2024-10-16,Sneakers,Fashion,5,60,5,Sylhet,285.0,2024,10,16,2,0
2024-10-16,Backpack,Fashion,7,40,5,Rajshahi,266.0,2024,10,16,2,0
2024-10-16,Coffee Maker,Home & Kitchen,5,90,10,Khulna,405.0,2024,10,16,2,0
2024-10-16,Blender,Home & Kitchen,6,55,0,Rajshahi,330.0,2024,10,16,2,0
2024-10-16,Desk Lamp,Home & Kitchen,8,30,0,Chattogram,240.0,2024,10,16,2,0
2024-10-16,Skincare Set,Beauty,6,45,5,Dhaka,256.5,2024,10,16,2,0
2024-10-17,Laptop,Electronics,2,850,10,Khulna,1530.0,2024,10,17,3,0
2024-10-17,Smartphone,Electronics,4,500,5,Khulna,1900.0,2024,10,17,3,0
2024-10-17,Headphones,Electronics,10,80,0,Sylhet,800.0,2024,10,17,3,0
2024-10-17,T-Shirt,Fashion,4,25,0,Sylhet,100.0,2024,10,17,3,0
2024-10-17,Sneakers,Fashion,10,60,10,Sylhet,540.0,2024,10,17,3,0
2024-10-17,Backpack,Fashion,5,40,0,Rajshahi,200.0,2024,10,17,3,0
2024-10-17,Coffee Maker,Home & Kitchen,2,90,5,Khulna,171.0,2024,10,17,3,0
2024-10-17,Blender,Home & Kitchen,5,55,5,Khulna,261.25,2024,10,17,3,0
2024-10-17,Desk Lamp,Home & Kitchen,10,30,0,Sylhet,300.0,2024,10,17,3,0
2024-10-17,Skincare Set,Beauty,13,45,5,Sylhet,555.75,2024,10,17,3,0
2024-10-18,Laptop,Electronics,8,850,0,Rajshahi,6800.0,2024,10,18,4,0
2024-10-18,Smartphone,Electronics,4,500,5,Rajshahi,1900.0,2024,10,18,4,0
2024-10-18,Headphones,Electronics,6,80,5,Dhaka,456.0,2024,10,18,4,0
2024-10-18,T-Shirt,Fashion,9,25,0,Chattogram,225.0,2024,10,18,4,0
2024-10-18,Sneakers,Fashion,5,60,5,Sylhet,285.0,2024,10,18,4,0
2024-10-18,Backpack,Fashion,7,40,10,Chattogram,252.0,2024,10,18,4,0
2024-10-18,Coffee Maker,Home & Kitchen,3,90,5,Khulna,256.5,2024,10,18,4,0
2024-10-18,Blender,Home & Kitchen,8,55,0,Rajshahi,440.0,2024,10,18,4,0
2024-10-18,Desk Lamp,Home & Kitchen,10,30,0,Dhaka,300.0,2024,10,18,4,0
2024-10-18,Skincare Set,Beauty,8,45,5,Chattogram,342.0,2024,10,18,4,0
2024-10-19,Laptop,Electronics,4,850,5,Rajshahi,3230.0,2024,10,19,5,1
2024-10-19,Smartphone,Electronics,5,500,5,Rajshahi,2375.0,2024,10,19,5,1
2024-10-19,Headphones,Electronics,9,80,0,Dhaka,720.0,2024,10,19,5,1
2024-10-19,T-Shirt,Fashion,8,25,5,Khulna,190.0,2024,10,19,5,1
2024-10-19,Sneakers,Fashion,9,60,0,Khulna,540.0,2024,10,19,5,1
2024-10-19,Backpack,Fashion,6,40,0,Dhaka,240.0,2024,10,19,5,1
2024-10-19,Coffee Maker,Home & Kitchen,5,90,0,Dhaka,450.0,2024,10,19,5,1
2024-10-19,Blender,Home & Kitchen,11,55,0,Chattogram,605.0,2024,10,19,5,1
2024-10-19,Desk Lamp,Home & Kitchen,8,30,0,Dhaka,240.0,2024,10,19,5,1
2024-10-19,Skincare Set,Beauty,10,45,5,Chattogram,427.5,2024,10,19,5,1
2024-10-20,Laptop,Electronics,4,850,0,Rajshahi,3400.0,2024,10,20,6,1
2024-10-20,Smartphone,Electronics,1,500,5,Dhaka,475.0,2024,10,20,6,1
2024-10-20,Headphones,Electronics,10,80,0,Dhaka,800.0,2024,10,20,6,1
2024-10-20,T-Shirt,Fashion,13,25,0,Rajshahi,325.0,2024,10,20,6,1
2024-10-20,Sneakers,Fashion,5,60,0,Dhaka,300.0,2024,10,20,6,1
2024-10-20,Backpack,Fashion,9,40,0,Khulna,360.0,2024,10,20,6,1
2024-10-20,Coffee Maker,Home & Kitchen,1,90,5,Rajshahi,85.5,2024,10,20,6,1
2024-10-20,Blender,Home & Kitchen,7,55,0,Dhaka,385.0,2024,10,20,6,1
2024-10-20,Desk Lamp,Home & Kitchen,13,30,5,Dhaka,370.5,2024,10,20,6,1
2024-10-20,Skincare Set,Beauty,9,45,5,Rajshahi,384.75,2024,10,20,6,1
2024-10-21,Laptop,Electronics,3,850,10,Rajshahi,2295.0,2024,10,21,0,0
2024-10-21,Smartphone,Electronics,6,500,5,Sylhet,2850.0,2024,10,21,0,0
2024-10-21,Headphones,Electronics,1,80,0,Rajshahi,80.0,2024,10,21,0,0
2024-10-21,T-Shirt,Fashion,13,25,5,Rajshahi,308.75,2024,10,21,0,0
2024-10-21,Sneakers,Fashion,7,60,0,Rajshahi,420.0,2024,10,21,0,0
2024-10-21,Backpack,Fashion,6,40,0,Khulna,240.0,2024,10,21,0,0
2024-10-21,Coffee Maker,Home & Kitchen,1,90,0,Chattogram,90.0,2024,10,21,0,0
2024-10-21,Blender,Home & Kitchen,4,55,10,Sylhet,198.0,2024,10,21,0,0
2024-10-21,Desk Lamp,Home & Kitchen,10,30,5,Chattogram,285.0,2024,10,21,0,0
2024-10-21,Skincare Set,Beauty,7,45,0,Rajshahi,315.0,2024,10,21,0,0
2024-10-22,Laptop,Electronics,5,850,0,Sylhet,4250.0,2024,10,22,1,0
2024-10-22,Smartphone,Electronics,7,500,0,Sylhet,3500.0,2024,10,22,1,0
2024-10-22,Headphones,Electronics,8,80,10,Rajshahi,576.0,2024,10,22,1,0
2024-10-22,T-Shirt,Fashion,12,25,10,Chattogram,270.0,2024,10,22,1,0
2024-10-22,Sneakers,Fashion,8,60,10,Khulna,432.0,2024,10,22,1,0
2024-10-22,Backpack,Fashion,11,40,0,Dhaka,440.0,2024,10,22,1,0
2024-10-22,Coffee Maker,Home & Kitchen,1,90,5,Chattogram,85.5,2024,10,22,1,0
2024-10-22,Blender,Home & Kitchen,6,55,0,Dhaka,330.0,2024,10,22,1,0
2024-10-22,Desk Lamp,Home & Kitchen,9,30,5,Rajshahi,256.5,2024,10,22,1,0
2024-10-22,Skincare Set,Beauty,8,45,0,Dhaka,360.0,2024,10,22,1,0
2024-10-23,Laptop,Electronics,0,850,0,Chattogram,0.0,2024,10,23,2,0
2024-10-23,Smartphone,Electronics,3,500,15,Chattogram,1275.0,2024,10,23,2,0
2024-10-23,Headphones,Electronics,7,80,0,Rajshahi,560.0,2024,10,23,2,0
2024-10-23,T-Shirt,Fashion,4,25,5,Dhaka,95.0,2024,10,23,2,0
2024-10-23,Sneakers,Fashion,4,60,0,Chattogram,240.0,2024,10,23,2,0
2024-10-23,Backpack,Fashion,10,40,5,Chattogram,380.0,2024,10,23,2,0
2024-10-23,Coffee Maker,Home & Kitchen,3,90,0,Rajshahi,270.0,2024,10,23,2,0
2024-10-23,Blender,Home & Kitchen,12,55,0,Dhaka,660.0,2024,10,23,2,0
2024-10-23,Desk Lamp,Home & Kitchen,7,30,10,Dhaka,189.0,2024,10,23,2,0
2024-10-23,Skincare Set,Beauty,11,45,5,Sylhet,470.25,2024,10,23,2,0
2024-10-24,Laptop,Electronics,0,850,0,Sylhet,0.0,2024,10,24,3,0
2024-10-24,Smartphone,Electronics,6,500,0,Rajshahi,3000.0,2024,10,24,3,0
2024-10-24,Headphones,Electronics,6,80,10,Rajshahi,432.0,2024,10,24,3,0
2024-10-24,T-Shirt,Fashion,8,25,10,Dhaka,180.0,2024,10,24,3,0
2024-10-24,Sneakers,Fashion,3,60,10,Sylhet,162.0,2024,10,24,3,0
2024-10-24,Backpack,Fashion,4,40,0,Dhaka,160.0,2024,10,24,3,0
2024-10-24,Coffee Maker,Home & Kitchen,7,90,5,Khulna,598.5,2024,10,24,3,0
2024-10-24,Blender,Home & Kitchen,6,55,0,Sylhet,330.0,2024,10,24,3,0
2024-10-24,Desk Lamp,Home & Kitchen,10,30,5,Dhaka,285.0,2024,10,24,3,0
2024-10-24,Skincare Set,Beauty,11,45,5,Sylhet,470.25,2024,10,24,3,0
2024-10-25,Laptop,Electronics,6,850,0,Dhaka,5100.0,2024,10,25,4,0
2024-10-25,Smartphone,Electronics,1,500,0,Rajshahi,500.0,2024,10,25,4,0
2024-10-25,Headphones,Electronics,5,80,10,Sylhet,360.0,2024,10,25,4,0
2024-10-25,T-Shirt,Fashion,9,25,10,Sylhet,202.5,2024,10,25,4,0
2024-10-25,Sneakers,Fashion,9,60,5,Chattogram,513.0,2024,10,25,4,0
2024-10-25,Backpack,Fashion,8,40,5,Khulna,304.0,2024,10,25,4,0
2024-10-25,Coffee Maker,Home & Kitchen,4,90,10,Rajshahi,324.0,2024,10,25,4,0
2024-10-25,Blender,Home & Kitchen,4,55,10,Chattogram,198.0,2024,10,25,4,0
2024-10-25,Desk Lamp,Home & Kitchen,7,30,15,Khulna,178.5,2024,10,25,4,0
2024-10-25,Skincare Set,Beauty,11,45,0,Rajshahi,495.0,2024,10,25,4,0
2024-10-26,Laptop,Electronics,3,850,15,Rajshahi,2167.5,2024,10,26,5,1
2024-10-26,Smartphone,Electronics,6,500,10,Rajshahi,2700.0,2024,10,26,5,1
2024-10-26,Headphones,Electronics,12,80,0,Khulna,960.0,2024,10,26,5,1
2024-10-26,T-Shirt,Fashion,9,25,5,Khulna,213.75,2024,10,26,5,1
2024-10-26,Sneakers,Fashion,7,60,15,Dhaka,357.0,2024,10,26,5,1
2024-10-26,Backpack,Fashion,12,40,0,Khulna,480.0,2024,10,26,5,1
2024-10-26,Coffee Maker,Home & Kitchen,6,90,5,Khulna,513.0,2024,10,26,5,1
2024-10-26,Blender,Home & Kitchen,6,55,0,Khulna,330.0,2024,10,26,5,1
2024-10-26,Desk Lamp,Home & Kitchen,10,30,10,Sylhet,270.0,2024,10,26,5,1
2024-10-26,Skincare Set,Beauty,15,45,5,Sylhet,641.25,2024,10,26,5,1
2024-10-27,Laptop,Electronics,5,850,5,Sylhet,4037.5,2024,10,27,6,1
2024-10-27,Smartphone,Electronics,7,500,5,Sylhet,3325.0,2024,10,27,6,1
2024-10-27,Headphones,Electronics,6,80,5,Chattogram,456.0,2024,10,27,6,1
2024-10-27,T-Shirt,Fashion,10,25,15,Sylhet,212.5,2024,10,27,6,1
2024-10-27,Sneakers,Fashion,3,60,5,Khulna,171.0,2024,10,27,6,1
2024-10-27,Backpack,Fashion,10,40,10,Khulna,360.0,2024,10,27,6,1
2024-10-27,Coffee Maker,Home & Kitchen,3,90,5,Dhaka,256.5,2024,10,27,6,1
2024-10-27,Blender,Home & Kitchen,13,55,0,Chattogram,715.0,2024,10,27,6,1
2024-10-27,Desk Lamp,Home & Kitchen,17,30,5,Sylhet,484.5,2024,10,27,6,1
2024-10-27,Skincare Set,Beauty,7,45,5,Chattogram,299.25,2024,10,27,6,1
2024-10-28,Laptop,Electronics,0,850,5,Rajshahi,0.0,2024,10,28,0,0
2024-10-28,Smartphone,Electronics,7,500,0,Dhaka,3500.0,2024,10,28,0,0
2024-10-28,Headphones,Electronics,4,80,0,Rajshahi,320.0,2024,10,28,0,0
2024-10-28,T-Shirt,Fashion,8,25,5,Khulna,190.0,2024,10,28,0,0
2024-10-28,Sneakers,Fashion,8,60,10,Chattogram,432.0,2024,10,28,0,0
2024-10-28,Backpack,Fashion,4,40,15,Dhaka,136.0,2024,10,28,0,0
2024-10-28,Coffee Maker,Home & Kitchen,5,90,0,Khulna,450.0,2024,10,28,0,0
2024-10-28,Blender,Home & Kitchen,10,55,0,Khulna,550.0,2024,10,28,0,0
2024-10-28,Desk Lamp,Home & Kitchen,6,30,10,Khulna,162.0,2024,10,28,0,0
2024-10-28,Skincare Set,Beauty,16,45,0,Dhaka,720.0,2024,10,28,0,0
2024-10-29,Laptop,Electronics,0,850,5,Rajshahi,0.0,2024,10,29,1,0
2024-10-29,Smartphone,Electronics,6,500,0,Rajshahi,3000.0,2024,10,29,1,0
2024-10-29,Headphones,Electronics,6,80,0,Khulna,480.0,2024,10,29,1,0
2024-10-29,T-Shirt,Fashion,9,25,5,Dhaka,213.75,2024,10,29,1,0
2024-10-29,Sneakers,Fashion,4,60,0,Chattogram,240.0,2024,10,29,1,0
2024-10-29,Backpack,Fashion,4,40,10,Khulna,144.0,2024,10,29,1,0
2024-10-29,Coffee Maker,Home & Kitchen,8,90,0,Chattogram,720.0,2024,10,29,1,0
2024-10-29,Blender,Home & Kitchen,6,55,0,Rajshahi,330.0,2024,10,29,1,0
2024-10-29,Desk Lamp,Home & Kitchen,7,30,5,Sylhet,199.5,2024,10,29,1,0
2024-10-29,Skincare Set,Beauty,2,45,15,Sylhet,76.5,2024,10,29,1,0
2024-10-30,Laptop,Electronics,1,850,0,Rajshahi,850.0,2024,10,30,2,0
2024-10-30,Smartphone,Electronics,2,500,10,Chattogram,900.0,2024,10,30,2,0
2024-10-30,Headphones,Electronics,6,80,5,Chattogram,456.0,2024,10,30,2,0
2024-10-30,T-Shirt,Fashion,12,25,0,Dhaka,300.0,2024,10,30,2,0
2024-10-30,Sneakers,Fashion,7,60,0,Chattogram,420.0,2024,10,30,2,0
2024-10-30,Backpack,Fashion,7,40,10,Chattogram,252.0,2024,10,30,2,0
2024-10-30,Coffee Maker,Home & Kitchen,3,90,0,Dhaka,270.0,2024,10,30,2,0
2024-10-30,Blender,Home & Kitchen,6,55,5,Chattogram,313.5,2024,10,30,2,0
2024-10-30,Desk Lamp,Home & Kitchen,10,30,0,Sylhet,300.0,2024,10,30,2,0
2024-10-30,Skincare Set,Beauty,9,45,0,Rajshahi,405.0,2024,10,30,2,0
2024-10-31,Laptop,Electronics,3,850,5,Sylhet,2422.5,2024,10,31,3,0
2024-10-31,Smartphone,Electronics,2,500,0,Sylhet,1000.0,2024,10,31,3,0
2024-10-31,Headphones,Electronics,8,80,5,Chattogram,608.0,2024,10,31,3,0
2024-10-31,T-Shirt,Fashion,9,25,0,Chattogram,225.0,2024,10,31,3,0
2024-10-31,Sneakers,Fashion,5,60,5,Sylhet,285.0,2024,10,31,3,0
2024-10-31,Backpack,Fashion,6,40,10,Dhaka,216.0,2024,10,31,3,0
2024-10-31,Coffee Maker,Home & Kitchen,3,90,5,Chattogram,256.5,2024,10,31,3,0
2024-10-31,Blender,Home & Kitchen,2,55,5,Sylhet,104.5,2024,10,31,3,0
2024-10-31,Desk Lamp,Home & Kitchen,9,30,10,Rajshahi,243.0,2024,10,31,3,0
2024-10-31,Skincare Set,Beauty,9,45,10,Dhaka,364.5,2024,10,31,3,0
2024-11-01,Laptop,Electronics,1,850,5,Rajshahi,807.5,2024,11,1,4,0
2024-11-01,Smartphone,Electronics,5,500,0,Rajshahi,2500.0,2024,11,1,4,0
2024-11-01,Headphones,Electronics,5,80,15,Rajshahi,340.0,2024,11,1,4,0
2024-11-01,T-Shirt,Fashion,8,25,5,Dhaka,190.0,2024,11,1,4,0
2024-11-01,Sneakers,Fashion,8,60,0,Khulna,480.0,2024,11,1,4,0
2024-11-01,Backpack,Fashion,5,40,0,Dhaka,200.0,2024,11,1,4,0
2024-11-01,Coffee Maker,Home & Kitchen,4,90,0,Chattogram,360.0,2024,11,1,4,0
2024-11-01,Blender,Home & Kitchen,6,55,10,Dhaka,297.0,2024,11,1,4,0
2024-11-01,Desk Lamp,Home & Kitchen,15,30,0,Rajshahi,450.0,2024,11,1,4,0
2024-11-01,Skincare Set,Beauty,11,45,0,Rajshahi,495.0,2024,11,1,4,0
2024-11-02,Laptop,Electronics,1,850,0,Sylhet,850.0,2024,11,2,5,1
2024-11-02,Smartphone,Electronics,4,500,5,Rajshahi,1900.0,2024,11,2,5,1
2024-11-02,Headphones,Electronics,6,80,5,Dhaka,456.0,2024,11,2,5,1
2024-11-02,T-Shirt,Fashion,12,25,5,Rajshahi,285.0,2024,11,2,5,1
2024-11-02,Sneakers,Fashion,9,60,5,Sylhet,513.0,2024,11,2,5,1
2024-11-02,Backpack,Fashion,4,40,5,Sylhet,152.0,2024,11,2,5,1
2024-11-02,Coffee Maker,Home & Kitchen,3,90,10,Sylhet,243.0,2024,11,2,5,1
2024-11-02,Blender,Home & Kitchen,13,55,5,Dhaka,679.25,2024,11,2,5,1
2024-11-02,Desk Lamp,Home & Kitchen,9,30,0,Dhaka,270.0,2024,11,2,5,1
2024-11-02,Skincare Set,Beauty,5,45,5,Rajshahi,213.75,2024,11,2,5,1
2024-11-03,Laptop,Electronics,3,850,5,Chattogram,2422.5,2024,11,3,6,1
2024-11-03,Smartphone,Electronics,10,500,10,Khulna,4500.0,2024,11,3,6,1
2024-11-03,Headphones,Electronics,9,80,10,Khulna,648.0,2024,11,3,6,1
2024-11-03,T-Shirt,Fashion,9,25,0,Dhaka,225.0,2024,11,3,6,1
2024-11-03,Sneakers,Fashion,6,60,0,Rajshahi,360.0,2024,11,3,6,1
2024-11-03,Backpack,Fashion,7,40,5,Dhaka,266.0,2024,11,3,6,1
2024-11-03,Coffee Maker,Home & Kitchen,6,90,0,Chattogram,540.0,2024,11,3,6,1
2024-11-03,Blender,Home & Kitchen,8,55,5,Khulna,418.0,2024,11,3,6,1
2024-11-03,Desk Lamp,Home & Kitchen,5,30,0,Rajshahi,150.0,2024,11,3,6,1
2024-11-03,Skincare Set,Beauty,10,45,10,Rajshahi,405.0,2024,11,3,6,1
2024-11-04,Laptop,Electronics,1,850,0,Sylhet,850.0,2024,11,4,0,0
2024-11-04,Smartphone,Electronics,6,500,5,Sylhet,2850.0,2024,11,4,0,0
2024-11-04,Headphones,Electronics,6,80,0,Rajshahi,480.0,2024,11,4,0,0
2024-11-04,T-Shirt,Fashion,5,25,0,Khulna,125.0,2024,11,4,0,0
2024-11-04,Sneakers,Fashion,11,60,0,Khulna,660.0,2024,11,4,0,0
2024-11-04,Backpack,Fashion,9,40,0,Sylhet,360.0,2024,11,4,0,0
2024-11-04,Coffee Maker,Home & Kitchen,4,90,10,Dhaka,324.0,2024,11,4,0,0
2024-11-04,Blender,Home & Kitchen,9,55,5,Chattogram,470.25,2024,11,4,0,0
2024-11-04,Desk Lamp,Home & Kitchen,9,30,0,Sylhet,270.0,2024,11,4,0,0
2024-11-04,Skincare Set,Beauty,12,45,5,Dhaka,513.0,2024,11,4,0,0
2024-11-05,Laptop,Electronics,3,850,0,Rajshahi,2550.0,2024,11,5,1,0
2024-11-05,Smartphone,Electronics,2,500,0,Chattogram,1000.0,2024,11,5,1,0
2024-11-05,Headphones,Electronics,11,80,10,Dhaka,792.0,2024,11,5,1,0
2024-11-05,T-Shirt,Fashion,4,25,0,Chattogram,100.0,2024,11,5,1,0
2024-11-05,Sneakers,Fashion,7,60,10,Rajshahi,378.0,2024,11,5,1,0
2024-11-05,Backpack,Fashion,8,40,5,Rajshahi,304.0,2024,11,5,1,0
2024-11-05,Coffee Maker,Home & Kitchen,4,90,5,Sylhet,342.0,2024,11,5,1,0
2024-11-05,Blender,Home & Kitchen,7,55,10,Rajshahi,346.5,2024,11,5,1,0
2024-11-05,Desk Lamp,Home & Kitchen,10,30,5,Rajshahi,285.0,2024,11,5,1,0
2024-11-05,Skincare Set,Beauty,1,45,0,Rajshahi,45.0,2024,11,5,1,0
2024-11-06,Laptop,Electronics,1,850,0,Dhaka,850.0,2024,11,6,2,0
2024-11-06,Smartphone,Electronics,5,500,5,Khulna,2375.0,2024,11,6,2,0
2024-11-06,Headphones,Electronics,5,80,0,Khulna,400.0,2024,11,6,2,0
2024-11-06,T-Shirt,Fashion,8,25,15,Dhaka,170.0,2024,11,6,2,0
2024-11-06,Sneakers,Fashion,6,60,0,Sylhet,360.0,2024,11,6,2,0
2024-11-06,Backpack,Fashion,9,40,0,Dhaka,360.0,2024,11,6,2,0
2024-11-06,Coffee Maker,Home & Kitchen,3,90,10,Sylhet,243.0,2024,11,6,2,0
2024-11-06,Blender,Home & Kitchen,3,55,10,Khulna,148.5,2024,11,6,2,0
2024-11-06,Desk Lamp,Home & Kitchen,11,30,5,Chattogram,313.5,2024,11,6,2,0
2024-11-06,Skincare Set,Beauty,8,45,10,Sylhet,324.0,2024,11,6,2,0
2024-11-07,Laptop,Electronics,4,850,15,Rajshahi,2890.0,2024,11,7,3,0
2024-11-07,Smartphone,Electronics,4,500,15,Rajshahi,1700.0,2024,11,7,3,0
2024-11-07,Headphones,Electronics,8,80,10,Dhaka,576.0,2024,11,7,3,0
2024-11-07,T-Shirt,Fashion,5,25,0,Khulna,125.0,2024,11,7,3,0
2024-11-07,Sneakers,Fashion,2,60,5,Khulna,114.0,2024,11,7,3,0
2024-11-07,Backpack,Fashion,4,40,0,Khulna,160.0,2024,11,7,3,0
2024-11-07,Coffee Maker,Home & Kitchen,3,90,10,Dhaka,243.0,2024,11,7,3,0
2024-11-07,Blender,Home & Kitchen,4,55,10,Khulna,198.0,2024,11,7,3,0
2024-11-07,Desk Lamp,Home & Kitchen,8,30,5,Dhaka,228.0,2024,11,7,3,0
2024-11-07,Skincare Set,Beauty,9,45,10,Khulna,364.5,2024,11,7,3,0
2024-11-08,Laptop,Electronics,2,850,0,Sylhet,1700.0,2024,11,8,4,0
2024-11-08,Smartphone,Electronics,1,500,5,Rajshahi,475.0,2024,11,8,4,0
2024-11-08,Headphones,Electronics,9,80,10,Khulna,648.0,2024,11,8,4,0
2024-11-08,T-Shirt,Fashion,10,25,5,Khulna,237.5,2024,11,8,4,0
2024-11-08,Sneakers,Fashion,5,60,5,Chattogram,285.0,2024,11,8,4,0
2024-11-08,Backpack,Fashion,7,40,10,Khulna,252.0,2024,11,8,4,0
2024-11-08,Coffee Maker,Home & Kitchen,4,90,0,Chattogram,360.0,2024,11,8,4,0
2024-11-08,Blender,Home & Kitchen,5,55,0,Sylhet,275.0,2024,11,8,4,0
2024-11-08,Desk Lamp,Home & Kitchen,10,30,5,Sylhet,285.0,2024,11,8,4,0
2024-11-08,Skincare Set,Beauty,12,45,15,Chattogram,459.0,2024,11,8,4,0
2024-11-09,Laptop,Electronics,2,850,15,Sylhet,1445.0,2024,11,9,5,1
2024-11-09,Smartphone,Electronics,6,500,0,Rajshahi,3000.0,2024,11,9,5,1
2024-11-09,Headphones,Electronics,8,80,0,Khulna,640.0,2024,11,9,5,1
2024-11-09,T-Shirt,Fashion,22,25,10,Chattogram,495.0,2024,11,9,5,1
2024-11-09,Sneakers,Fashion,7,60,5,Dhaka,399.0,2024,11,9,5,1
2024-11-09,Backpack,Fashion,7,40,0,Chattogram,280.0,2024,11,9,5,1
2024-11-09,Coffee Maker,Home & Kitchen,4,90,0,Sylhet,360.0,2024,11,9,5,1
2024-11-09,Blender,Home & Kitchen,8,55,5,Chattogram,418.0,2024,11,9,5,1
2024-11-09,Desk Lamp,Home & Kitchen,12,30,15,Dhaka,306.0,2024,11,9,5,1
2024-11-09,Skincare Set,Beauty,13,45,5,Chattogram,555.75,2024,11,9,5,1
2024-11-10,Laptop,Electronics,2,850,5,Sylhet,1615.0,2024,11,10,6,1
2024-11-10,Smartphone,Electronics,1,500,5,Chattogram,475.0,2024,11,10,6,1
2024-11-10,Headphones,Electronics,8,80,0,Dhaka,640.0,2024,11,10,6,1
2024-11-10,T-Shirt,Fashion,14,25,0,Chattogram,350.0,2024,11,10,6,1
2024-11-10,Sneakers,Fashion,10,60,10,Chattogram,540.0,2024,11,10,6,1
2024-11-10,Backpack,Fashion,8,40,10,Chattogram,288.0,2024,11,10,6,1
2024-11-10,Coffee Maker,Home & Kitchen,5,90,0,Dhaka,450.0,2024,11,10,6,1
2024-11-10,Blender,Home & Kitchen,5,55,0,Khulna,275.0,2024,11,10,6,1
2024-11-10,Desk Lamp,Home & Kitchen,9,30,5,Dhaka,256.5,2024,11,10,6,1
2024-11-10,Skincare Set,Beauty,6,45,0,Khulna,270.0,2024,11,10,6,1
2024-11-11,Laptop,Electronics,2,850,0,Khulna,1700.0,2024,11,11,0,0
2024-11-11,Smartphone,Electronics,6,500,0,Khulna,3000.0,2024,11,11,0,0
2024-11-11,Headphones,Electronics,3,80,10,Rajshahi,216.0,2024,11,11,0,0
2024-11-11,T-Shirt,Fashion,10,25,5,Sylhet,237.5,2024,11,11,0,0
2024-11-11,Sneakers,Fashion,6,60,0,Rajshahi,360.0,2024,11,11,0,0
2024-11-11,Backpack,Fashion,7,40,0,Rajshahi,280.0,2024,11,11,0,0
2024-11-11,Coffee Maker,Home & Kitchen,5,90,10,Dhaka,405.0,2024,11,11,0,0
2024-11-11,Blender,Home & Kitchen,8,55,0,Rajshahi,440.0,2024,11,11,0,0
2024-11-11,Desk Lamp,Home & Kitchen,6,30,5,Sylhet,171.0,2024,11,11,0,0
2024-11-11,Skincare Set,Beauty,6,45,10,Dhaka,243.0,2024,11,11,0,0
2024-11-12,Laptop,Electronics,3,850,10,Chattogram,2295.0,2024,11,12,1,0
2024-11-12,Smartphone,Electronics,8,500,10,Sylhet,3600.0,2024,11,12,1,0
2024-11-12,Headphones,Electronics,8,80,0,Dhaka,640.0,2024,11,12,1,0
2024-11-12,T-Shirt,Fashion,9,25,10,Dhaka,202.5,2024,11,12,1,0
2024-11-12,Sneakers,Fashion,11,60,0,Chattogram,660.0,2024,11,12,1,0
2024-11-12,Backpack,Fashion,9,40,0,Sylhet,360.0,2024,11,12,1,0
2024-11-12,Coffee Maker,Home & Kitchen,3,90,0,Sylhet,270.0,2024,11,12,1,0
2024-11-12,Blender,Home & Kitchen,4,55,5,Khulna,209.0,2024,11,12,1,0
2024-11-12,Desk Lamp,Home & Kitchen,6,30,5,Khulna,171.0,2024,11,12,1,0
2024-11-12,Skincare Set,Beauty,6,45,0,Dhaka,270.0,2024,11,12,1,0
2024-11-13,Laptop,Electronics,2,850,5,Khulna,1615.0,2024,11,13,2,0
2024-11-13,Smartphone,Electronics,5,500,10,Khulna,2250.0,2024,11,13,2,0
2024-11-13,Headphones,Electronics,7,80,5,Chattogram,532.0,2024,11,13,2,0
2024-11-13,T-Shirt,Fashion,18,25,5,Sylhet,427.5,2024,11,13,2,0
2024-11-13,Sneakers,Fashion,4,60,0,Chattogram,240.0,2024,11,13,2,0
2024-11-13,Backpack,Fashion,11,40,5,Sylhet,418.0,2024,11,13,2,0
2024-11-13,Coffee Maker,Home & Kitchen,4,90,0,Sylhet,360.0,2024,11,13,2,0
2024-11-13,Blender,Home & Kitchen,7,55,0,Sylhet,385.0,2024,11,13,2,0
2024-11-13,Desk Lamp,Home & Kitchen,7,30,10,Sylhet,189.0,2024,11,13,2,0
2024-11-13,Skincare Set,Beauty,5,45,10,Rajshahi,202.5,2024,11,13,2,0
2024-11-14,Laptop,Electronics,2,850,0,Sylhet,1700.0,2024,11,14,3,0
2024-11-14,Smartphone,Electronics,2,500,0,Khulna,1000.0,2024,11,14,3,0
2024-11-14,Headphones,Electronics,5,80,0,Khulna,400.0,2024,11,14,3,0
2024-11-14,T-Shirt,Fashion,11,25,10,Dhaka,247.5,2024,11,14,3,0
2024-11-14,Sneakers,Fashion,6,60,0,Sylhet,360.0,2024,11,14,3,0
2024-11-14,Backpack,Fashion,16,40,0,Khulna,640.0,2024,11,14,3,0
2024-11-14,Coffee Maker,Home & Kitchen,5,90,5,Rajshahi,427.5,2024,11,14,3,0
2024-11-14,Blender,Home & Kitchen,3,55,0,Rajshahi,165.0,2024,11,14,3,0
2024-11-14,Desk Lamp,Home & Kitchen,8,30,5,Chattogram,228.0,2024,11,14,3,0
2024-11-14,Skincare Set,Beauty,7,45,0,Dhaka,315.0,2024,11,14,3,0
2024-11-15,Laptop,Electronics,2,850,10,Rajshahi,1530.0,2024,11,15,4,0
2024-11-15,Smartphone,Electronics,3,500,10,Sylhet,1350.0,2024,11,15,4,0
2024-11-15,Headphones,Electronics,5,80,5,Chattogram,380.0,2024,11,15,4,0
2024-11-15,T-Shirt,Fashion,12,25,0,Rajshahi,300.0,2024,11,15,4,0
2024-11-15,Sneakers,Fashion,9,60,5,Chattogram,513.0,2024,11,15,4,0
2024-11-15,Backpack,Fashion,8,40,15,Dhaka,272.0,2024,11,15,4,0
2024-11-15,Coffee Maker,Home & Kitchen,5,90,10,Rajshahi,405.0,2024,11,15,4,0
2024-11-15,Blender,Home & Kitchen,5,55,10,Dhaka,247.5,2024,11,15,4,0
2024-11-15,Desk Lamp,Home & Kitchen,8,30,5,Rajshahi,228.0,2024,11,15,4,0
2024-11-15,Skincare Set,Beauty,10,45,0,Khulna,450.0,2024,11,15,4,0
2024-11-16,Laptop,Electronics,4,850,5,Sylhet,3230.0,2024,11,16,5,1
2024-11-16,Smartphone,Electronics,5,500,0,Khulna,2500.0,2024,11,16,5,1
2024-11-16,Headphones,Electronics,6,80,0,Rajshahi,480.0,2024,11,16,5,1
2024-11-16,T-Shirt,Fashion,11,25,10,Rajshahi,247.5,2024,11,16,5,1
2024-11-16,Sneakers,Fashion,11,60,5,Dhaka,627.0,2024,11,16,5,1
2024-11-16,Backpack,Fashion,6,40,0,Khulna,240.0,2024,11,16,5,1
2024-11-16,Coffee Maker,Home & Kitchen,5,90,0,Rajshahi,450.0,2024,11,16,5,1
2024-11-16,Blender,Home & Kitchen,6,55,0,Khulna,330.0,2024,11,16,5,1
2024-11-16,Desk Lamp,Home & Kitchen,7,30,5,Chattogram,199.5,2024,11,16,5,1
2024-11-16,Skincare Set,Beauty,10,45,0,Khulna,450.0,2024,11,16,5,1
2024-11-17,Laptop,Electronics,6,850,0,Rajshahi,5100.0,2024,11,17,6,1
2024-11-17,Smartphone,Electronics,2,500,0,Dhaka,1000.0,2024,11,17,6,1
2024-11-17,Headphones,Electronics,6,80,5,Khulna,456.0,2024,11,17,6,1
2024-11-17,T-Shirt,Fashion,15,25,0,Dhaka,375.0,2024,11,17,6,1
2024-11-17,Sneakers,Fashion,7,60,0,Dhaka,420.0,2024,11,17,6,1
2024-11-17,Backpack,Fashion,7,40,10,Khulna,252.0,2024,11,17,6,1
2024-11-17,Coffee Maker,Home & Kitchen,4,90,5,Khulna,342.0,2024,11,17,6,1
2024-11-17,Blender,Home & Kitchen,4,55,0,Chattogram,220.0,2024,11,17,6,1
2024-11-17,Desk Lamp,Home & Kitchen,11,30,0,Rajshahi,330.0,2024,11,17,6,1
2024-11-17,Skincare Set,Beauty,8,45,10,Chattogram,324.0,2024,11,17,6,1
2024-11-18,Laptop,Electronics,7,850,0,Chattogram,5950.0,2024,11,18,0,0
2024-11-18,Smartphone,Electronics,4,500,5,Rajshahi,1900.0,2024,11,18,0,0
2024-11-18,Headphones,Electronics,11,80,5,Dhaka,836.0,2024,11,18,0,0
2024-11-18,T-Shirt,Fashion,8,25,0,Sylhet,200.0,2024,11,18,0,0
2024-11-18,Sneakers,Fashion,5,60,0,Chattogram,300.0,2024,11,18,0,0
2024-11-18,Backpack,Fashion,13,40,0,Dhaka,520.0,2024,11,18,0,0
2024-11-18,Coffee Maker,Home & Kitchen,4,90,10,Dhaka,324.0,2024,11,18,0,0
2024-11-18,Blender,Home & Kitchen,12,55,0,Khulna,660.0,2024,11,18,0,0
2024-11-18,Desk Lamp,Home & Kitchen,9,30,5,Khulna,256.5,2024,11,18,0,0
2024-11-18,Skincare Set,Beauty,13,45,5,Chattogram,555.75,2024,11,18,0,0
2024-11-19,Laptop,Electronics,3,850,0,Rajshahi,2550.0,2024,11,19,1,0
2024-11-19,Smartphone,Electronics,5,500,5,Rajshahi,2375.0,2024,11,19,1,0
2024-11-19,Headphones,Electronics,4,80,5,Dhaka,304.0,2024,11,19,1,0
2024-11-19,T-Shirt,Fashion,14,25,0,Khulna,350.0,2024,11,19,1,0
2024-11-19,Sneakers,Fashion,4,60,0,Sylhet,240.0,2024,11,19,1,0
2024-11-19,Backpack,Fashion,6,40,0,Dhaka,240.0,2024,11,19,1,0
2024-11-19,Coffee Maker,Home & Kitchen,9,90,0,Khulna,810.0,2024,11,19,1,0
2024-11-19,Blender,Home & Kitchen,9,55,5,Rajshahi,470.25,2024,11,19,1,0
2024-11-19,Desk Lamp,Home & Kitchen,6,30,5,Chattogram,171.0,2024,11,19,1,0
2024-11-19,Skincare Set,Beauty,6,45,15,Rajshahi,229.5,2024,11,19,1,0
2024-11-20,Laptop,Electronics,6,850,0,Dhaka,5100.0,2024,11,20,2,0
2024-11-20,Smartphone,Electronics,3,500,10,Dhaka,1350.0,2024,11,20,2,0
2024-11-20,Headphones,Electronics,6,80,5,Dhaka,456.0,2024,11,20,2,0
2024-11-20,T-Shirt,Fashion,9,25,0,Khulna,225.0,2024,11,20,2,0
2024-11-20,Sneakers,Fashion,7,60,5,Dhaka,399.0,2024,11,20,2,0
2024-11-20,Backpack,Fashion,7,40,0,Rajshahi,280.0,2024,11,20,2,0
2024-11-20,Coffee Maker,Home & Kitchen,2,90,5,Dhaka,171.0,2024,11,20,2,0
2024-11-20,Blender,Home & Kitchen,7,55,10,Sylhet,346.5,2024,11,20,2,0
2024-11-20,Desk Lamp,Home & Kitchen,12,30,0,Khulna,360.0,2024,11,20,2,0
2024-11-20,Skincare Set,Beauty,8,45,10,Sylhet,324.0,2024,11,20,2,0
2024-11-21,Laptop,Electronics,3,850,15,Rajshahi,2167.5,2024,11,21,3,0
2024-11-21,Smartphone,Electronics,7,500,0,Sylhet,3500.0,2024,11,21,3,0
2024-11-21,Headphones,Electronics,7,80,5,Rajshahi,532.0,2024,11,21,3,0
2024-11-21,T-Shirt,Fashion,9,25,5,Rajshahi,213.75,2024,11,21,3,0
2024-11-21,Sneakers,Fashion,10,60,0,Chattogram,600.0,2024,11,21,3,0
2024-11-21,Backpack,Fashion,4,40,5,Chattogram,152.0,2024,11,21,3,0
2024-11-21,Coffee Maker,Home & Kitchen,5,90,0,Rajshahi,450.0,2024,11,21,3,0
2024-11-21,Blender,Home & Kitchen,7,55,0,Sylhet,385.0,2024,11,21,3,0
2024-11-21,Desk Lamp,Home & Kitchen,7,30,0,Sylhet,210.0,2024,11,21,3,0
2024-11-21,Skincare Set,Beauty,8,45,0,Chattogram,360.0,2024,11,21,3,0
2024-11-22,Laptop,Electronics,4,850,10,Dhaka,3060.0,2024,11,22,4,0
2024-11-22,Smartphone,Electronics,6,500,0,Khulna,3000.0,2024,11,22,4,0
2024-11-22,Headphones,Electronics,8,80,5,Khulna,608.0,2024,11,22,4,0
2024-11-22,T-Shirt,Fashion,15,25,0,Rajshahi,375.0,2024,11,22,4,0
2024-11-22,Sneakers,Fashion,7,60,0,Dhaka,420.0,2024,11,22,4,0
2024-11-22,Backpack,Fashion,9,40,0,Rajshahi,360.0,2024,11,22,4,0
2024-11-22,Coffee Maker,Home & Kitchen,2,90,10,Dhaka,162.0,2024,11,22,4,0
2024-11-22,Blender,Home & Kitchen,8,55,5,Dhaka,418.0,2024,11,22,4,0
2024-11-22,Desk Lamp,Home & Kitchen,8,30,5,Rajshahi,228.0,2024,11,22,4,0
2024-11-22,Skincare Set,Beauty,8,45,0,Sylhet,360.0,2024,11,22,4,0
2024-11-23,Laptop,Electronics,3,850,10,Khulna,2295.0,2024,11,23,5,1
2024-11-23,Smartphone,Electronics,6,500,0,Sylhet,3000.0,2024,11,23,5,1
2024-11-23,Headphones,Electronics,9,80,0,Khulna,720.0,2024,11,23,5,1
2024-11-23,T-Shirt,Fashion,15,25,10,Khulna,337.5,2024,11,23,5,1
2024-11-23,Sneakers,Fashion,3,60,0,Chattogram,180.0,2024,11,23,5,1
2024-11-23,Backpack,Fashion,6,40,0,Khulna,240.0,2024,11,23,5,1
2024-11-23,Coffee Maker,Home & Kitchen,6,90,5,Khulna,513.0,2024,11,23,5,1
2024-11-23,Blender,Home & Kitchen,8,55,10,Khulna,396.0,2024,11,23,5,1
2024-11-23,Desk Lamp,Home & Kitchen,10,30,5,Dhaka,285.0,2024,11,23,5,1
2024-11-23,Skincare Set,Beauty,7,45,10,Dhaka,283.5,2024,11,23,5,1
2024-11-24,Laptop,Electronics,3,850,0,Dhaka,2550.0,2024,11,24,6,1
2024-11-24,Smartphone,Electronics,6,500,10,Dhaka,2700.0,2024,11,24,6,1
2024-11-24,Headphones,Electronics,4,80,5,Khulna,304.0,2024,11,24,6,1
2024-11-24,T-Shirt,Fashion,10,25,10,Dhaka,225.0,2024,11,24,6,1
2024-11-24,Sneakers,Fashion,9,60,0,Khulna,540.0,2024,11,24,6,1
2024-11-24,Backpack,Fashion,5,40,10,Khulna,180.0,2024,11,24,6,1
2024-11-24,Coffee Maker,Home & Kitchen,4,90,15,Rajshahi,306.0,2024,11,24,6,1
2024-11-24,Blender,Home & Kitchen,9,55,0,Dhaka,495.0,2024,11,24,6,1
2024-11-24,Desk Lamp,Home & Kitchen,8,30,0,Khulna,240.0,2024,11,24,6,1
2024-11-24,Skincare Set,Beauty,7,45,5,Dhaka,299.25,2024,11,24,6,1
2024-11-25,Laptop,Electronics,7,850,5,Khulna,5652.5,2024,11,25,0,0
2024-11-25,Smartphone,Electronics,5,500,0,Khulna,2500.0,2024,11,25,0,0
2024-11-25,Headphones,Electronics,7,80,5,Rajshahi,532.0,2024,11,25,0,0
2024-11-25,T-Shirt,Fashion,6,25,5,Sylhet,142.5,2024,11,25,0,0
2024-11-25,Sneakers,Fashion,3,60,5,Rajshahi,171.0,2024,11,25,0,0
2024-11-25,Backpack,Fashion,8,40,5,Khulna,304.0,2024,11,25,0,0
2024-11-25,Coffee Maker,Home & Kitchen,7,90,5,Rajshahi,598.5,2024,11,25,0,0
2024-11-25,Blender,Home & Kitchen,5,55,0,Rajshahi,275.0,2024,11,25,0,0
2024-11-25,Desk Lamp,Home & Kitchen,8,30,10,Khulna,216.0,2024,11,25,0,0
2024-11-25,Skincare Set,Beauty,9,45,0,Chattogram,405.0,2024,11,25,0,0
2024-11-26,Laptop,Electronics,2,850,0,Rajshahi,1700.0,2024,11,26,1,0
2024-11-26,Smartphone,Electronics,3,500,10,Khulna,1350.0,2024,11,26,1,0
2024-11-26,Headphones,Electronics,10,80,0,Chattogram,800.0,2024,11,26,1,0
2024-11-26,T-Shirt,Fashion,10,25,0,Chattogram,250.0,2024,11,26,1,0
2024-11-26,Sneakers,Fashion,8,60,10,Sylhet,432.0,2024,11,26,1,0
2024-11-26,Backpack,Fashion,11,40,0,Dhaka,440.0,2024,11,26,1,0
2024-11-26,Coffee Maker,Home & Kitchen,4,90,0,Chattogram,360.0,2024,11,26,1,0
2024-11-26,Blender,Home & Kitchen,9,55,0,Chattogram,495.0,2024,11,26,1,0
2024-11-26,Desk Lamp,Home & Kitchen,8,30,0,Chattogram,240.0,2024,11,26,1,0
2024-11-26,Skincare Set,Beauty,10,45,10,Khulna,405.0,2024,11,26,1,0
2024-11-27,Laptop,Electronics,4,850,0,Rajshahi,3400.0,2024,11,27,2,0
2024-11-27,Smartphone,Electronics,4,500,10,Sylhet,1800.0,2024,11,27,2,0
2024-11-27,Headphones,Electronics,10,80,0,Rajshahi,800.0,2024,11,27,2,0
2024-11-27,T-Shirt,Fashion,14,25,5,Sylhet,332.5,2024,11,27,2,0
2024-11-27,Sneakers,Fashion,9,60,15,Dhaka,459.0,2024,11,27,2,0
2024-11-27,Backpack,Fashion,7,40,0,Sylhet,280.0,2024,11,27,2,0
2024-11-27,Coffee Maker,Home & Kitchen,4,90,5,Dhaka,342.0,2024,11,27,2,0
2024-11-27,Blender,Home & Kitchen,3,55,5,Dhaka,156.75,2024,11,27,2,0
2024-11-27,Desk Lamp,Home & Kitchen,14,30,10,Khulna,378.0,2024,11,27,2,0
2024-11-27,Skincare Set,Beauty,7,45,5,Sylhet,299.25,2024,11,27,2,0
2024-11-28,Laptop,Electronics,1,850,0,Khulna,850.0,2024,11,28,3,0
2024-11-28,Smartphone,Electronics,1,500,0,Khulna,500.0,2024,11,28,3,0
2024-11-28,Headphones,Electronics,7,80,10,Dhaka,504.0,2024,11,28,3,0
2024-11-28,T-Shirt,Fashion,12,25,0,Dhaka,300.0,2024,11,28,3,0
2024-11-28,Sneakers,Fashion,5,60,10,Chattogram,270.0,2024,11,28,3,0
2024-11-28,Backpack,Fashion,7,40,5,Sylhet,266.0,2024,11,28,3,0
2024-11-28,Coffee Maker,Home & Kitchen,2,90,5,Khulna,171.0,2024,11,28,3,0
2024-11-28,Blender,Home & Kitchen,8,55,0,Chattogram,440.0,2024,11,28,3,0
2024-11-28,Desk Lamp,Home & Kitchen,3,30,0,Khulna,90.0,2024,11,28,3,0
2024-11-28,Skincare Set,Beauty,8,45,5,Chattogram,342.0,2024,11,28,3,0
2024-11-29,Laptop,Electronics,3,850,5,Khulna,2422.5,2024,11,29,4,0
2024-11-29,Smartphone,Electronics,4,500,0,Khulna,2000.0,2024,11,29,4,0
2024-11-29,Headphones,Electronics,5,80,0,Rajshahi,400.0,2024,11,29,4,0
2024-11-29,T-Shirt,Fashion,12,25,5,Dhaka,285.0,2024,11,29,4,0
2024-11-29,Sneakers,Fashion,6,60,0,Rajshahi,360.0,2024,11,29,4,0
2024-11-29,Backpack,Fashion,6,40,0,Sylhet,240.0,2024,11,29,4,0
2024-11-29,Coffee Maker,Home & Kitchen,4,90,5,Sylhet,342.0,2024,11,29,4,0
2024-11-29,Blender,Home & Kitchen,4,55,10,Khulna,198.0,2024,11,29,4,0
2024-11-29,Desk Lamp,Home & Kitchen,10,30,0,Khulna,300.0,2024,11,29,4,0
2024-11-29,Skincare Set,Beauty,11,45,15,Dhaka,420.75,2024,11,29,4,0
2024-11-30,Laptop,Electronics,5,850,10,Dhaka,3825.0,2024,11,30,5,1
2024-11-30,Smartphone,Electronics,6,500,0,Rajshahi,3000.0,2024,11,30,5,1
2024-11-30,Headphones,Electronics,8,80,10,Khulna,576.0,2024,11,30,5,1
2024-11-30,T-Shirt,Fashion,12,25,5,Rajshahi,285.0,2024,11,30,5,1
2024-11-30,Sneakers,Fashion,12,60,10,Rajshahi,648.0,2024,11,30,5,1
2024-11-30,Backpack,Fashion,5,40,5,Sylhet,190.0,2024,11,30,5,1
2024-11-30,Coffee Maker,Home & Kitchen,7,90,5,Chattogram,598.5,2024,11,30,5,1
2024-11-30,Blender,Home & Kitchen,10,55,10,Dhaka,495.0,2024,11,30,5,1
2024-11-30,Desk Lamp,Home & Kitchen,9,30,0,Rajshahi,270.0,2024,11,30,5,1
2024-11-30,Skincare Set,Beauty,7,45,0,Sylhet,315.0,2024,11,30,5,1
2024-12-01,Laptop,Electronics,2,850,5,Rajshahi,1615.0,2024,12,1,6,1
2024-12-01,Smartphone,Electronics,2,500,0,Dhaka,1000.0,2024,12,1,6,1
2024-12-01,Headphones,Electronics,5,80,5,Rajshahi,380.0,2024,12,1,6,1
2024-12-01,T-Shirt,Fashion,14,25,0,Chattogram,350.0,2024,12,1,6,1
2024-12-01,Sneakers,Fashion,4,60,0,Dhaka,240.0,2024,12,1,6,1
2024-12-01,Backpack,Fashion,10,40,0,Khulna,400.0,2024,12,1,6,1
2024-12-01,Coffee Maker,Home & Kitchen,4,90,0,Dhaka,360.0,2024,12,1,6,1
2024-12-01,Blender,Home & Kitchen,2,55,0,Khulna,110.0,2024,12,1,6,1
2024-12-01,Desk Lamp,Home & Kitchen,12,30,0,Dhaka,360.0,2024,12,1,6,1
2024-12-01,Skincare Set,Beauty,11,45,0,Dhaka,495.0,2024,12,1,6,1
2024-12-02,Laptop,Electronics,2,850,0,Rajshahi,1700.0,2024,12,2,0,0
2024-12-02,Smartphone,Electronics,7,500,5,Chattogram,3325.0,2024,12,2,0,0
2024-12-02,Headphones,Electronics,9,80,0,Dhaka,720.0,2024,12,2,0,0
2024-12-02,T-Shirt,Fashion,16,25,0,Sylhet,400.0,2024,12,2,0,0
2024-12-02,Sneakers,Fashion,9,60,0,Dhaka,540.0,2024,12,2,0,0
2024-12-02,Backpack,Fashion,2,40,0,Dhaka,80.0,2024,12,2,0,0
2024-12-02,Coffee Maker,Home & Kitchen,6,90,5,Chattogram,513.0,2024,12,2,0,0
2024-12-02,Blender,Home & Kitchen,11,55,5,Sylhet,574.75,2024,12,2,0,0
2024-12-02,Desk Lamp,Home & Kitchen,9,30,10,Rajshahi,243.0,2024,12,2,0,0
2024-12-02,Skincare Set,Beauty,7,45,5,Sylhet,299.25,2024,12,2,0,0
2024-12-03,Laptop,Electronics,2,850,0,Khulna,1700.0,2024,12,3,1,0
2024-12-03,Smartphone,Electronics,7,500,0,Khulna,3500.0,2024,12,3,1,0
2024-12-03,Headphones,Electronics,5,80,0,Dhaka,400.0,2024,12,3,1,0
2024-12-03,T-Shirt,Fashion,14,25,10,Rajshahi,315.0,2024,12,3,1,0
2024-12-03,Sneakers,Fashion,3,60,5,Dhaka,171.0,2024,12,3,1,0
2024-12-03,Backpack,Fashion,6,40,0,Chattogram,240.0,2024,12,3,1,0
2024-12-03,Coffee Maker,Home & Kitchen,10,90,5,Chattogram,855.0,2024,12,3,1,0
2024-12-03,Blender,Home & Kitchen,7,55,0,Chattogram,385.0,2024,12,3,1,0
2024-12-03,Desk Lamp,Home & Kitchen,13,30,0,Chattogram,390.0,2024,12,3,1,0
2024-12-03,Skincare Set,Beauty,7,45,0,Chattogram,315.0,2024,12,3,1,0
2024-12-04,Laptop,Electronics,5,850,0,Sylhet,4250.0,2024,12,4,2,0
2024-12-04,Smartphone,Electronics,2,500,10,Rajshahi,900.0,2024,12,4,2,0
2024-12-04,Headphones,Electronics,6,80,0,Rajshahi,480.0,2024,12,4,2,0
2024-12-04,T-Shirt,Fashion,13,25,5,Rajshahi,308.75,2024,12,4,2,0
2024-12-04,Sneakers,Fashion,9,60,0,Chattogram,540.0,2024,12,4,2,0
2024-12-04,Backpack,Fashion,7,40,5,Rajshahi,266.0,2024,12,4,2,0
2024-12-04,Coffee Maker,Home & Kitchen,3,90,5,Dhaka,256.5,2024,12,4,2,0
2024-12-04,Blender,Home & Kitchen,4,55,10,Rajshahi,198.0,2024,12,4,2,0
2024-12-04,Desk Lamp,Home & Kitchen,8,30,0,Dhaka,240.0,2024,12,4,2,0
2024-12-04,Skincare Set,Beauty,13,45,5,Dhaka,555.75,2024,12,4,2,0
2024-12-05,Laptop,Electronics,3,850,5,Chattogram,2422.5,2024,12,5,3,0
2024-12-05,Smartphone,Electronics,7,500,5,Khulna,3325.0,2024,12,5,3,0
2024-12-05,Headphones,Electronics,5,80,0,Khulna,400.0,2024,12,5,3,0
2024-12-05,T-Shirt,Fashion,7,25,0,Dhaka,175.0,2024,12,5,3,0
2024-12-05,Sneakers,Fashion,9,60,0,Rajshahi,540.0,2024,12,5,3,0
2024-12-05,Backpack,Fashion,9,40,10,Chattogram,324.0,2024,12,5,3,0
2024-12-05,Coffee Maker,Home & Kitchen,8,90,0,Dhaka,720.0,2024,12,5,3,0
2024-12-05,Blender,Home & Kitchen,8,55,10,Chattogram,396.0,2024,12,5,3,0
2024-12-05,Desk Lamp,Home & Kitchen,4,30,0,Sylhet,120.0,2024,12,5,3,0
2024-12-05,Skincare Set,Beauty,4,45,5,Chattogram,171.0,2024,12,5,3,0
2024-12-06,Laptop,Electronics,1,850,0,Sylhet,850.0,2024,12,6,4,0
2024-12-06,Smartphone,Electronics,9,500,0,Chattogram,4500.0,2024,12,6,4,0
2024-12-06,Headphones,Electronics,9,80,0,Chattogram,720.0,2024,12,6,4,0
2024-12-06,T-Shirt,Fashion,16,25,0,Chattogram,400.0,2024,12,6,4,0
2024-12-06,Sneakers,Fashion,5,60,5,Sylhet,285.0,2024,12,6,4,0
2024-12-06,Backpack,Fashion,5,40,5,Chattogram,190.0,2024,12,6,4,0
2024-12-06,Coffee Maker,Home & Kitchen,5,90,5,Chattogram,427.5,2024,12,6,4,0
2024-12-06,Blender,Home & Kitchen,7,55,5,Khulna,365.75,2024,12,6,4,0
2024-12-06,Desk Lamp,Home & Kitchen,9,30,0,Dhaka,270.0,2024,12,6,4,0
2024-12-06,Skincare Set,Beauty,8,45,0,Khulna,360.0,2024,12,6,4,0
2024-12-07,Laptop,Electronics,4,850,0,Rajshahi,3400.0,2024,12,7,5,1
2024-12-07,Smartphone,Electronics,4,500,0,Khulna,2000.0,2024,12,7,5,1
2024-12-07,Headphones,Electronics,5,80,0,Rajshahi,400.0,2024,12,7,5,1
2024-12-07,T-Shirt,Fashion,14,25,10,Khulna,315.0,2024,12,7,5,1
2024-12-07,Sneakers,Fashion,10,60,10,Dhaka,540.0,2024,12,7,5,1
2024-12-07,Backpack,Fashion,6,40,0,Rajshahi,240.0,2024,12,7,5,1
2024-12-07,Coffee Maker,Home & Kitchen,2,90,10,Sylhet,162.0,2024,12,7,5,1
2024-12-07,Blender,Home & Kitchen,11,55,10,Sylhet,544.5,2024,12,7,5,1
2024-12-07,Desk Lamp,Home & Kitchen,12,30,0,Chattogram,360.0,2024,12,7,5,1
2024-12-07,Skincare Set,Beauty,8,45,0,Rajshahi,360.0,2024,12,7,5,1
2024-12-08,Laptop,Electronics,1,850,10,Sylhet,765.0,2024,12,8,6,1
2024-12-08,Smartphone,Electronics,4,500,15,Dhaka,1700.0,2024,12,8,6,1
2024-12-08,Headphones,Electronics,10,80,0,Khulna,800.0,2024,12,8,6,1
2024-12-08,T-Shirt,Fashion,10,25,10,Sylhet,225.0,2024,12,8,6,1
2024-12-08,Sneakers,Fashion,6,60,0,Khulna,360.0,2024,12,8,6,1
2024-12-08,Backpack,Fashion,9,40,15,Rajshahi,306.0,2024,12,8,6,1
2024-12-08,Coffee Maker,Home & Kitchen,4,90,5,Chattogram,342.0,2024,12,8,6,1
2024-12-08,Blender,Home & Kitchen,8,55,5,Chattogram,418.0,2024,12,8,6,1
2024-12-08,Desk Lamp,Home & Kitchen,13,30,5,Dhaka,370.5,2024,12,8,6,1
2024-12-08,Skincare Set,Beauty,9,45,5,Chattogram,384.75,2024,12,8,6,1
2024-12-09,Laptop,Electronics,4,850,5,Rajshahi,3230.0,2024,12,9,0,0
2024-12-09,Smartphone,Electronics,7,500,5,Dhaka,3325.0,2024,12,9,0,0
2024-12-09,Headphones,Electronics,10,80,0,Dhaka,800.0,2024,12,9,0,0
2024-12-09,T-Shirt,Fashion,17,25,0,Dhaka,425.0,2024,12,9,0,0
2024-12-09,Sneakers,Fashion,6,60,15,Dhaka,306.0,2024,12,9,0,0
2024-12-09,Backpack,Fashion,8,40,0,Chattogram,320.0,2024,12,9,0,0
2024-12-09,Coffee Maker,Home & Kitchen,4,90,10,Sylhet,324.0,2024,12,9,0,0
2024-12-09,Blender,Home & Kitchen,12,55,0,Khulna,660.0,2024,12,9,0,0
2024-12-09,Desk Lamp,Home & Kitchen,4,30,0,Rajshahi,120.0,2024,12,9,0,0
2024-12-09,Skincare Set,Beauty,5,45,15,Khulna,191.25,2024,12,9,0,0
2024-12-10,Laptop,Electronics,4,850,10,Chattogram,3060.0,2024,12,10,1,0
2024-12-10,Smartphone,Electronics,5,500,10,Dhaka,2250.0,2024,12,10,1,0
2024-12-10,Headphones,Electronics,8,80,5,Rajshahi,608.0,2024,12,10,1,0
2024-12-10,T-Shirt,Fashion,13,25,0,Chattogram,325.0,2024,12,10,1,0
2024-12-10,Sneakers,Fashion,7,60,5,Khulna,399.0,2024,12,10,1,0
2024-12-10,Backpack,Fashion,11,40,10,Rajshahi,396.0,2024,12,10,1,0
2024-12-10,Coffee Maker,Home & Kitchen,5,90,5,Chattogram,427.5,2024,12,10,1,0
2024-12-10,Blender,Home & Kitchen,10,55,0,Khulna,550.0,2024,12,10,1,0
2024-12-10,Desk Lamp,Home & Kitchen,5,30,10,Dhaka,135.0,2024,12,10,1,0
2024-12-10,Skincare Set,Beauty,8,45,10,Khulna,324.0,2024,12,10,1,0
2024-12-11,Laptop,Electronics,3,850,0,Chattogram,2550.0,2024,12,11,2,0
2024-12-11,Smartphone,Electronics,3,500,5,Khulna,1425.0,2024,12,11,2,0
2024-12-11,Headphones,Electronics,7,80,0,Dhaka,560.0,2024,12,11,2,0
2024-12-11,T-Shirt,Fashion,8,25,0,Dhaka,200.0,2024,12,11,2,0
2024-12-11,Sneakers,Fashion,9,60,0,Chattogram,540.0,2024,12,11,2,0
2024-12-11,Backpack,Fashion,9,40,10,Rajshahi,324.0,2024,12,11,2,0
2024-12-11,Coffee Maker,Home & Kitchen,7,90,0,Chattogram,630.0,2024,12,11,2,0
2024-12-11,Blender,Home & Kitchen,5,55,0,Khulna,275.0,2024,12,11,2,0
2024-12-11,Desk Lamp,Home & Kitchen,9,30,0,Khulna,270.0,2024,12,11,2,0
2024-12-11,Skincare Set,Beauty,7,45,5,Khulna,299.25,2024,12,11,2,0
2024-12-12,Laptop,Electronics,4,850,10,Dhaka,3060.0,2024,12,12,3,0
2024-12-12,Smartphone,Electronics,5,500,5,Khulna,2375.0,2024,12,12,3,0
2024-12-12,Headphones,Electronics,10,80,10,Rajshahi,720.0,2024,12,12,3,0
2024-12-12,T-Shirt,Fashion,9,25,10,Rajshahi,202.5,2024,12,12,3,0
2024-12-12,Sneakers,Fashion,9,60,0,Rajshahi,540.0,2024,12,12,3,0
2024-12-12,Backpack,Fashion,15,40,15,Sylhet,510.0,2024,12,12,3,0
2024-12-12,Coffee Maker,Home & Kitchen,5,90,10,Rajshahi,405.0,2024,12,12,3,0
2024-12-12,Blender,Home & Kitchen,6,55,10,Dhaka,297.0,2024,12,12,3,0
2024-12-12,Desk Lamp,Home & Kitchen,9,30,10,Khulna,243.0,2024,12,12,3,0
2024-12-12,Skincare Set,Beauty,7,45,0,Rajshahi,315.0,2024,12,12,3,0
2024-12-13,Laptop,Electronics,3,850,5,Dhaka,2422.5,2024,12,13,4,0
2024-12-13,Smartphone,Electronics,4,500,0,Chattogram,2000.0,2024,12,13,4,0
2024-12-13,Headphones,Electronics,7,80,5,Sylhet,532.0,2024,12,13,4,0
2024-12-13,T-Shirt,Fashion,11,25,0,Rajshahi,275.0,2024,12,13,4,0
2024-12-13,Sneakers,Fashion,7,60,10,Chattogram,378.0,2024,12,13,4,0
2024-12-13,Backpack,Fashion,3,40,10,Dhaka,108.0,2024,12,13,4,0
2024-12-13,Coffee Maker,Home & Kitchen,3,90,0,Sylhet,270.0,2024,12,13,4,0
2024-12-13,Blender,Home & Kitchen,6,55,0,Khulna,330.0,2024,12,13,4,0
2024-12-13,Desk Lamp,Home & Kitchen,7,30,5,Chattogram,199.5,2024,12,13,4,0
2024-12-13,Skincare Set,Beauty,11,45,0,Rajshahi,495.0,2024,12,13,4,0
2024-12-14,Laptop,Electronics,2,850,10,Chattogram,1530.0,2024,12,14,5,1
2024-12-14,Smartphone,Electronics,3,500,0,Dhaka,1500.0,2024,12,14,5,1
2024-12-14,Headphones,Electronics,12,80,5,Rajshahi,912.0,2024,12,14,5,1
2024-12-14,T-Shirt,Fashion,11,25,10,Sylhet,247.5,2024,12,14,5,1
2024-12-14,Sneakers,Fashion,5,60,5,Sylhet,285.0,2024,12,14,5,1
2024-12-14,Backpack,Fashion,8,40,0,Rajshahi,320.0,2024,12,14,5,1
2024-12-14,Coffee Maker,Home & Kitchen,8,90,0,Khulna,720.0,2024,12,14,5,1
2024-12-14,Blender,Home & Kitchen,4,55,10,Khulna,198.0,2024,12,14,5,1
2024-12-14,Desk Lamp,Home & Kitchen,13,30,0,Dhaka,390.0,2024,12,14,5,1
2024-12-14,Skincare Set,Beauty,8,45,0,Rajshahi,360.0,2024,12,14,5,1
2024-12-15,Laptop,Electronics,1,850,5,Sylhet,807.5,2024,12,15,6,1
2024-12-15,Smartphone,Electronics,5,500,0,Khulna,2500.0,2024,12,15,6,1
2024-12-15,Headphones,Electronics,8,80,0,Dhaka,640.0,2024,12,15,6,1
2024-12-15,T-Shirt,Fashion,12,25,10,Chattogram,270.0,2024,12,15,6,1
2024-12-15,Sneakers,Fashion,11,60,15,Chattogram,561.0,2024,12,15,6,1
2024-12-15,Backpack,Fashion,5,40,10,Chattogram,180.0,2024,12,15,6,1
2024-12-15,Coffee Maker,Home & Kitchen,7,90,0,Khulna,630.0,2024,12,15,6,1
2024-12-15,Blender,Home & Kitchen,10,55,10,Khulna,495.0,2024,12,15,6,1
2024-12-15,Desk Lamp,Home & Kitchen,9,30,10,Chattogram,243.0,2024,12,15,6,1
2024-12-15,Skincare Set,Beauty,11,45,0,Dhaka,495.0,2024,12,15,6,1
2024-12-16,Laptop,Electronics,3,850,10,Rajshahi,2295.0,2024,12,16,0,0
2024-12-16,Smartphone,Electronics,3,500,0,Chattogram,1500.0,2024,12,16,0,0
2024-12-16,Headphones,Electronics,11,80,5,Rajshahi,836.0,2024,12,16,0,0
2024-12-16,T-Shirt,Fashion,7,25,0,Rajshahi,175.0,2024,12,16,0,0
2024-12-16,Sneakers,Fashion,12,60,0,Dhaka,720.0,2024,12,16,0,0
2024-12-16,Backpack,Fashion,8,40,0,Rajshahi,320.0,2024,12,16,0,0
2024-12-16,Coffee Maker,Home & Kitchen,1,90,0,Chattogram,90.0,2024,12,16,0,0
2024-12-16,Blender,Home & Kitchen,8,55,0,Rajshahi,440.0,2024,12,16,0,0
2024-12-16,Desk Lamp,Home & Kitchen,9,30,0,Sylhet,270.0,2024,12,16,0,0
2024-12-16,Skincare Set,Beauty,9,45,0,Dhaka,405.0,2024,12,16,0,0
2024-12-17,Laptop,Electronics,5,850,0,Chattogram,4250.0,2024,12,17,1,0
2024-12-17,Smartphone,Electronics,6,500,0,Dhaka,3000.0,2024,12,17,1,0
2024-12-17,Headphones,Electronics,5,80,15,Chattogram,340.0,2024,12,17,1,0
2024-12-17,T-Shirt,Fashion,14,25,0,Rajshahi,350.0,2024,12,17,1,0
2024-12-17,Sneakers,Fashion,3,60,10,Dhaka,162.0,2024,12,17,1,0
2024-12-17,Backpack,Fashion,9,40,5,Sylhet,342.0,2024,12,17,1,0
2024-12-17,Coffee Maker,Home & Kitchen,1,90,5,Dhaka,85.5,2024,12,17,1,0
2024-12-17,Blender,Home & Kitchen,7,55,5,Dhaka,365.75,2024,12,17,1,0
2024-12-17,Desk Lamp,Home & Kitchen,10,30,0,Rajshahi,300.0,2024,12,17,1,0
2024-12-17,Skincare Set,Beauty,13,45,0,Dhaka,585.0,2024,12,17,1,0
2024-12-18,Laptop,Electronics,0,850,0,Chattogram,0.0,2024,12,18,2,0
2024-12-18,Smartphone,Electronics,6,500,0,Khulna,3000.0,2024,12,18,2,0
2024-12-18,Headphones,Electronics,11,80,0,Sylhet,880.0,2024,12,18,2,0
2024-12-18,T-Shirt,Fashion,15,25,5,Sylhet,356.25,2024,12,18,2,0
2024-12-18,Sneakers,Fashion,8,60,15,Rajshahi,408.0,2024,12,18,2,0
2024-12-18,Backpack,Fashion,5,40,0,Rajshahi,200.0,2024,12,18,2,0
2024-12-18,Coffee Maker,Home & Kitchen,3,90,5,Dhaka,256.5,2024,12,18,2,0
2024-12-18,Blender,Home & Kitchen,7,55,0,Dhaka,385.0,2024,12,18,2,0
2024-12-18,Desk Lamp,Home & Kitchen,5,30,5,Chattogram,142.5,2024,12,18,2,0
2024-12-18,Skincare Set,Beauty,10,45,0,Sylhet,450.0,2024,12,18,2,0
2024-12-19,Laptop,Electronics,4,850,0,Sylhet,3400.0,2024,12,19,3,0
2024-12-19,Smartphone,Electronics,1,500,0,Chattogram,500.0,2024,12,19,3,0
2024-12-19,Headphones,Electronics,9,80,5,Chattogram,684.0,2024,12,19,3,0
2024-12-19,T-Shirt,Fashion,6,25,0,Rajshahi,150.0,2024,12,19,3,0
2024-12-19,Sneakers,Fashion,4,60,10,Rajshahi,216.0,2024,12,19,3,0
2024-12-19,Backpack,Fashion,5,40,5,Dhaka,190.0,2024,12,19,3,0
2024-12-19,Coffee Maker,Home & Kitchen,5,90,5,Rajshahi,427.5,2024,12,19,3,0
2024-12-19,Blender,Home & Kitchen,4,55,0,Dhaka,220.0,2024,12,19,3,0
2024-12-19,Desk Lamp,Home & Kitchen,9,30,5,Khulna,256.5,2024,12,19,3,0
2024-12-19,Skincare Set,Beauty,6,45,10,Rajshahi,243.0,2024,12,19,3,0
2024-12-20,Laptop,Electronics,5,850,5,Sylhet,4037.5,2024,12,20,4,0
2024-12-20,Smartphone,Electronics,6,500,0,Dhaka,3000.0,2024,12,20,4,0
2024-12-20,Headphones,Electronics,6,80,10,Rajshahi,432.0,2024,12,20,4,0
2024-12-20,T-Shirt,Fashion,9,25,0,Chattogram,225.0,2024,12,20,4,0
2024-12-20,Sneakers,Fashion,6,60,5,Rajshahi,342.0,2024,12,20,4,0
2024-12-20,Backpack,Fashion,5,40,5,Khulna,190.0,2024,12,20,4,0
2024-12-20,Coffee Maker,Home & Kitchen,7,90,0,Khulna,630.0,2024,12,20,4,0
2024-12-20,Blender,Home & Kitchen,6,55,5,Khulna,313.5,2024,12,20,4,0
2024-12-20,Desk Lamp,Home & Kitchen,14,30,10,Chattogram,378.0,2024,12,20,4,0
2024-12-20,Skincare Set,Beauty,6,45,10,Rajshahi,243.0,2024,12,20,4,0
2024-12-21,Laptop,Electronics,3,850,0,Khulna,2550.0,2024,12,21,5,1
2024-12-21,Smartphone,Electronics,4,500,5,Rajshahi,1900.0,2024,12,21,5,1
2024-12-21,Headphones,Electronics,9,80,10,Dhaka,648.0,2024,12,21,5,1
2024-12-21,T-Shirt,Fashion,10,25,5,Dhaka,237.5,2024,12,21,5,1
2024-12-21,Sneakers,Fashion,9,60,5,Rajshahi,513.0,2024,12,21,5,1
2024-12-21,Backpack,Fashion,5,40,5,Khulna,190.0,2024,12,21,5,1
2024-12-21,Coffee Maker,Home & Kitchen,5,90,0,Sylhet,450.0,2024,12,21,5,1
2024-12-21,Blender,Home & Kitchen,7,55,0,Chattogram,385.0,2024,12,21,5,1
2024-12-21,Desk Lamp,Home & Kitchen,12,30,0,Chattogram,360.0,2024,12,21,5,1
2024-12-21,Skincare Set,Beauty,8,45,5,Chattogram,342.0,2024,12,21,5,1
2024-12-22,Laptop,Electronics,3,850,0,Khulna,2550.0,2024,12,22,6,1
2024-12-22,Smartphone,Electronics,6,500,0,Chattogram,3000.0,2024,12,22,6,1
2024-12-22,Headphones,Electronics,12,80,5,Chattogram,912.0,2024,12,22,6,1
2024-12-22,T-Shirt,Fashion,10,25,0,Khulna,250.0,2024,12,22,6,1
2024-12-22,Sneakers,Fashion,9,60,0,Sylhet,540.0,2024,12,22,6,1
2024-12-22,Backpack,Fashion,9,40,5,Dhaka,342.0,2024,12,22,6,1
2024-12-22,Coffee Maker,Home & Kitchen,7,90,0,Khulna,630.0,2024,12,22,6,1
2024-12-22,Blender,Home & Kitchen,13,55,10,Dhaka,643.5,2024,12,22,6,1
2024-12-22,Desk Lamp,Home & Kitchen,20,30,5,Dhaka,570.0,2024,12,22,6,1
2024-12-22,Skincare Set,Beauty,10,45,0,Chattogram,450.0,2024,12,22,6,1
2024-12-23,Laptop,Electronics,3,850,0,Chattogram,2550.0,2024,12,23,0,0
2024-12-23,Smartphone,Electronics,7,500,5,Dhaka,3325.0,2024,12,23,0,0
2024-12-23,Headphones,Electronics,12,80,0,Sylhet,960.0,2024,12,23,0,0
2024-12-23,T-Shirt,Fashion,13,25,0,Khulna,325.0,2024,12,23,0,0
2024-12-23,Sneakers,Fashion,9,60,10,Rajshahi,486.0,2024,12,23,0,0
2024-12-23,Backpack,Fashion,11,40,5,Chattogram,418.0,2024,12,23,0,0
2024-12-23,Coffee Maker,Home & Kitchen,7,90,5,Khulna,598.5,2024,12,23,0,0
2024-12-23,Blender,Home & Kitchen,11,55,10,Khulna,544.5,2024,12,23,0,0
2024-12-23,Desk Lamp,Home & Kitchen,9,30,15,Khulna,229.5,2024,12,23,0,0
2024-12-23,Skincare Set,Beauty,7,45,0,Sylhet,315.0,2024,12,23,0,0
2024-12-24,Laptop,Electronics,1,850,0,Khulna,850.0,2024,12,24,1,0
2024-12-24,Smartphone,Electronics,8,500,0,Dhaka,4000.0,2024,12,24,1,0
2024-12-24,Headphones,Electronics,10,80,0,Chattogram,800.0,2024,12,24,1,0
2024-12-24,T-Shirt,Fashion,12,25,0,Dhaka,300.0,2024,12,24,1,0
2024-12-24,Sneakers,Fashion,11,60,5,Chattogram,627.0,2024,12,24,1,0
2024-12-24,Backpack,Fashion,12,40,15,Dhaka,408.0,2024,12,24,1,0
2024-12-24,Coffee Maker,Home & Kitchen,2,90,0,Dhaka,180.0,2024,12,24,1,0
2024-12-24,Blender,Home & Kitchen,2,55,10,Rajshahi,99.0,2024,12,24,1,0
2024-12-24,Desk Lamp,Home & Kitchen,14,30,0,Chattogram,420.0,2024,12,24,1,0
2024-12-24,Skincare Set,Beauty,5,45,0,Khulna,225.0,2024,12,24,1,0
2024-12-25,Laptop,Electronics,1,850,0,Chattogram,850.0,2024,12,25,2,0
2024-12-25,Smartphone,Electronics,4,500,0,Sylhet,2000.0,2024,12,25,2,0
2024-12-25,Headphones,Electronics,13,80,5,Khulna,988.0,2024,12,25,2,0
2024-12-25,T-Shirt,Fashion,10,25,5,Dhaka,237.5,2024,12,25,2,0
2024-12-25,Sneakers,Fashion,12,60,5,Rajshahi,684.0,2024,12,25,2,0
2024-12-25,Backpack,Fashion,7,40,10,Chattogram,252.0,2024,12,25,2,0
2024-12-25,Coffee Maker,Home & Kitchen,4,90,0,Dhaka,360.0,2024,12,25,2,0
2024-12-25,Blender,Home & Kitchen,3,55,5,Rajshahi,156.75,2024,12,25,2,0
2024-12-25,Desk Lamp,Home & Kitchen,11,30,10,Sylhet,297.0,2024,12,25,2,0
2024-12-25,Skincare Set,Beauty,6,45,5,Rajshahi,256.5,2024,12,25,2,0
2024-12-26,Laptop,Electronics,2,850,0,Sylhet,1700.0,2024,12,26,3,0
2024-12-26,Smartphone,Electronics,5,500,0,Dhaka,2500.0,2024,12,26,3,0
2024-12-26,Headphones,Electronics,6,80,0,Dhaka,480.0,2024,12,26,3,0
2024-12-26,T-Shirt,Fashion,7,25,5,Khulna,166.25,2024,12,26,3,0
2024-12-26,Sneakers,Fashion,11,60,0,Chattogram,660.0,2024,12,26,3,0
2024-12-26,Backpack,Fashion,9,40,5,Dhaka,342.0,2024,12,26,3,0
2024-12-26,Coffee Maker,Home & Kitchen,5,90,5,Sylhet,427.5,2024,12,26,3,0
2024-12-26,Blender,Home & Kitchen,11,55,0,Sylhet,605.0,2024,12,26,3,0
2024-12-26,Desk Lamp,Home & Kitchen,6,30,0,Chattogram,180.0,2024,12,26,3,0
2024-12-26,Skincare Set,Beauty,8,45,0,Chattogram,360.0,2024,12,26,3,0
2024-12-27,Laptop,Electronics,0,850,5,Dhaka,0.0,2024,12,27,4,0
2024-12-27,Smartphone,Electronics,2,500,10,Sylhet,900.0,2024,12,27,4,0
2024-12-27,Headphones,Electronics,10,80,10,Khulna,720.0,2024,12,27,4,0
2024-12-27,T-Shirt,Fashion,13,25,0,Chattogram,325.0,2024,12,27,4,0
2024-12-27,Sneakers,Fashion,8,60,5,Khulna,456.0,2024,12,27,4,0
2024-12-27,Backpack,Fashion,9,40,0,Sylhet,360.0,2024,12,27,4,0
2024-12-27,Coffee Maker,Home & Kitchen,6,90,5,Sylhet,513.0,2024,12,27,4,0
2024-12-27,Blender,Home & Kitchen,9,55,0,Sylhet,495.0,2024,12,27,4,0
2024-12-27,Desk Lamp,Home & Kitchen,10,30,10,Dhaka,270.0,2024,12,27,4,0
2024-12-27,Skincare Set,Beauty,9,45,0,Khulna,405.0,2024,12,27,4,0
2024-12-28,Laptop,Electronics,4,850,5,Chattogram,3230.0,2024,12,28,5,1
2024-12-28,Smartphone,Electronics,12,500,5,Dhaka,5700.0,2024,12,28,5,1
2024-12-28,Headphones,Electronics,13,80,0,Khulna,1040.0,2024,12,28,5,1
2024-12-28,T-Shirt,Fashion,10,25,0,Rajshahi,250.0,2024,12,28,5,1
2024-12-28,Sneakers,Fashion,7,60,0,Chattogram,420.0,2024,12,28,5,1
2024-12-28,Backpack,Fashion,9,40,0,Dhaka,360.0,2024,12,28,5,1
2024-12-28,Coffee Maker,Home & Kitchen,9,90,5,Rajshahi,769.5,2024,12,28,5,1
2024-12-28,Blender,Home & Kitchen,7,55,0,Sylhet,385.0,2024,12,28,5,1
2024-12-28,Desk Lamp,Home & Kitchen,13,30,5,Sylhet,370.5,2024,12,28,5,1
2024-12-28,Skincare Set,Beauty,6,45,5,Rajshahi,256.5,2024,12,28,5,1
2024-12-29,Laptop,Electronics,4,850,5,Sylhet,3230.0,2024,12,29,6,1
2024-12-29,Smartphone,Electronics,3,500,0,Khulna,1500.0,2024,12,29,6,1
2024-12-29,Headphones,Electronics,15,80,10,Chattogram,1080.0,2024,12,29,6,1
2024-12-29,T-Shirt,Fashion,13,25,10,Dhaka,292.5,2024,12,29,6,1
2024-12-29,Sneakers,Fashion,12,60,0,Chattogram,720.0,2024,12,29,6,1
2024-12-29,Backpack,Fashion,4,40,5,Dhaka,152.0,2024,12,29,6,1
2024-12-29,Coffee Maker,Home & Kitchen,5,90,0,Chattogram,450.0,2024,12,29,6,1
2024-12-29,Blender,Home & Kitchen,9,55,10,Khulna,445.5,2024,12,29,6,1
2024-12-29,Desk Lamp,Home & Kitchen,9,30,0,Dhaka,270.0,2024,12,29,6,1
2024-12-29,Skincare Set,Beauty,13,45,5,Chattogram,555.75,2024,12,29,6,1
2024-12-30,Laptop,Electronics,5,850,0,Khulna,4250.0,2024,12,30,0,0
2024-12-30,Smartphone,Electronics,5,500,5,Sylhet,2375.0,2024,12,30,0,0
2024-12-30,Headphones,Electronics,9,80,0,Dhaka,720.0,2024,12,30,0,0
2024-12-30,T-Shirt,Fashion,13,25,10,Dhaka,292.5,2024,12,30,0,0
2024-12-30,Sneakers,Fashion,6,60,10,Dhaka,324.0,2024,12,30,0,0
2024-12-30,Backpack,Fashion,4,40,0,Khulna,160.0,2024,12,30,0,0
2024-12-30,Coffee Maker,Home & Kitchen,1,90,0,Chattogram,90.0,2024,12,30,0,0
2024-12-30,Blender,Home & Kitchen,10,55,5,Chattogram,522.5,2024,12,30,0,0
2024-12-30,Desk Lamp,Home & Kitchen,11,30,10,Sylhet,297.0,2024,12,30,0,0
2024-12-30,Skincare Set,Beauty,6,45,0,Dhaka,270.0,2024,12,30,0,0
2024-12-31,Laptop,Electronics,2,850,0,Khulna,1700.0,2024,12,31,1,0
2024-12-31,Smartphone,Electronics,1,500,5,Dhaka,475.0,2024,12,31,1,0
2024-12-31,Headphones,Electronics,8,80,0,Sylhet,640.0,2024,12,31,1,0
2024-12-31,T-Shirt,Fashion,10,25,0,Khulna,250.0,2024,12,31,1,0
2024-12-31,Sneakers,Fashion,9,60,0,Dhaka,540.0,2024,12,31,1,0
2024-12-31,Backpack,Fashion,10,40,0,Khulna,400.0,2024,12,31,1,0
2024-12-31,Coffee Maker,Home & Kitchen,4,90,5,Dhaka,342.0,2024,12,31,1,0
2024-12-31,Blender,Home & Kitchen,8,55,0,Rajshahi,440.0,2024,12,31,1,0
2024-12-31,Desk Lamp,Home & Kitchen,8,30,10,Dhaka,216.0,2024,12,31,1,0
2024-12-31,Skincare Set,Beauty,11,45,5,Khulna,470.25,2024,12,31,1,0
2025-01-01,Laptop,Electronics,0,850,0,Chattogram,0.0,2025,1,1,2,0
2025-01-01,Smartphone,Electronics,9,500,5,Chattogram,4275.0,2025,1,1,2,0
2025-01-01,Headphones,Electronics,8,80,5,Chattogram,608.0,2025,1,1,2,0
2025-01-01,T-Shirt,Fashion,19,25,0,Dhaka,475.0,2025,1,1,2,0
2025-01-01,Sneakers,Fashion,7,60,10,Sylhet,378.0,2025,1,1,2,0
2025-01-01,Backpack,Fashion,4,40,0,Chattogram,160.0,2025,1,1,2,0
2025-01-01,Coffee Maker,Home & Kitchen,3,90,0,Khulna,270.0,2025,1,1,2,0
2025-01-01,Blender,Home & Kitchen,12,55,5,Sylhet,627.0,2025,1,1,2,0
2025-01-01,Desk Lamp,Home & Kitchen,15,30,10,Khulna,405.0,2025,1,1,2,0
2025-01-01,Skincare Set,Beauty,7,45,0,Sylhet,315.0,2025,1,1,2,0
2025-01-02,Laptop,Electronics,4,850,0,Sylhet,3400.0,2025,1,2,3,0
2025-01-02,Smartphone,Electronics,6,500,0,Khulna,3000.0,2025,1,2,3,0
2025-01-02,Headphones,Electronics,8,80,5,Chattogram,608.0,2025,1,2,3,0
2025-01-02,T-Shirt,Fashion,13,25,5,Khulna,308.75,2025,1,2,3,0
2025-01-02,Sneakers,Fashion,4,60,5,Chattogram,228.0,2025,1,2,3,0
2025-01-02,Backpack,Fashion,10,40,10,Sylhet,360.0,2025,1,2,3,0
2025-01-02,Coffee Maker,Home & Kitchen,4,90,0,Sylhet,360.0,2025,1,2,3,0
2025-01-02,Blender,Home & Kitchen,8,55,0,Rajshahi,440.0,2025,1,2,3,0
2025-01-02,Desk Lamp,Home & Kitchen,9,30,5,Chattogram,256.5,2025,1,2,3,0
2025-01-02,Skincare Set,Beauty,7,45,5,Rajshahi,299.25,2025,1,2,3,0
2025-01-03,Laptop,Electronics,8,850,0,Sylhet,6800.0,2025,1,3,4,0
2025-01-03,Smartphone,Electronics,5,500,0,Sylhet,2500.0,2025,1,3,4,0
2025-01-03,Headphones,Electronics,8,80,5,Rajshahi,608.0,2025,1,3,4,0
2025-01-03,T-Shirt,Fashion,13,25,0,Sylhet,325.0,2025,1,3,4,0
2025-01-03,Sneakers,Fashion,6,60,5,Rajshahi,342.0,2025,1,3,4,0
2025-01-03,Backpack,Fashion,15,40,0,Sylhet,600.0,2025,1,3,4,0
2025-01-03,Coffee Maker,Home & Kitchen,3,90,10,Khulna,243.0,2025,1,3,4,0
2025-01-03,Blender,Home & Kitchen,10,55,5,Sylhet,522.5,2025,1,3,4,0
2025-01-03,Desk Lamp,Home & Kitchen,11,30,0,Dhaka,330.0,2025,1,3,4,0
2025-01-03,Skincare Set,Beauty,14,45,10,Rajshahi,567.0,2025,1,3,4,0
2025-01-04,Laptop,Electronics,1,850,0,Rajshahi,850.0,2025,1,4,5,1
2025-01-04,Smartphone,Electronics,4,500,10,Dhaka,1800.0,2025,1,4,5,1
2025-01-04,Headphones,Electronics,11,80,0,Chattogram,880.0,2025,1,4,5,1
2025-01-04,T-Shirt,Fashion,10,25,0,Dhaka,250.0,2025,1,4,5,1
2025-01-04,Sneakers,Fashion,8,60,5,Khulna,456.0,2025,1,4,5,1
2025-01-04,Backpack,Fashion,8,40,0,Chattogram,320.0,2025,1,4,5,1
2025-01-04,Coffee Maker,Home & Kitchen,7,90,10,Rajshahi,567.0,2025,1,4,5,1
2025-01-04,Blender,Home & Kitchen,7,55,0,Dhaka,385.0,2025,1,4,5,1
2025-01-04,Desk Lamp,Home & Kitchen,12,30,0,Chattogram,360.0,2025,1,4,5,1
2025-01-04,Skincare Set,Beauty,6,45,0,Khulna,270.0,2025,1,4,5,1
2025-01-05,Laptop,Electronics,5,850,10,Chattogram,3825.0,2025,1,5,6,1
2025-01-05,Smartphone,Electronics,8,500,0,Dhaka,4000.0,2025,1,5,6,1
2025-01-05,Headphones,Electronics,13,80,0,Chattogram,1040.0,2025,1,5,6,1
2025-01-05,T-Shirt,Fashion,14,25,0,Sylhet,350.0,2025,1,5,6,1
2025-01-05,Sneakers,Fashion,5,60,10,Rajshahi,270.0,2025,1,5,6,1
2025-01-05,Backpack,Fashion,5,40,5,Dhaka,190.0,2025,1,5,6,1
2025-01-05,Coffee Maker,Home & Kitchen,4,90,0,Sylhet,360.0,2025,1,5,6,1
2025-01-05,Blender,Home & Kitchen,10,55,0,Chattogram,550.0,2025,1,5,6,1
2025-01-05,Desk Lamp,Home & Kitchen,10,30,10,Dhaka,270.0,2025,1,5,6,1
2025-01-05,Skincare Set,Beauty,7,45,0,Sylhet,315.0,2025,1,5,6,1
2025-01-06,Laptop,Electronics,2,850,0,Khulna,1700.0,2025,1,6,0,0
2025-01-06,Smartphone,Electronics,5,500,15,Rajshahi,2125.0,2025,1,6,0,0
2025-01-06,Headphones,Electronics,8,80,10,Rajshahi,576.0,2025,1,6,0,0
2025-01-06,T-Shirt,Fashion,14,25,0,Rajshahi,350.0,2025,1,6,0,0
2025-01-06,Sneakers,Fashion,9,60,5,Sylhet,513.0,2025,1,6,0,0
2025-01-06,Backpack,Fashion,11,40,5,Rajshahi,418.0,2025,1,6,0,0
2025-01-06,Coffee Maker,Home & Kitchen,5,90,0,Rajshahi,450.0,2025,1,6,0,0
2025-01-06,Blender,Home & Kitchen,7,55,0,Sylhet,385.0,2025,1,6,0,0
2025-01-06,Desk Lamp,Home & Kitchen,10,30,0,Chattogram,300.0,2025,1,6,0,0
2025-01-06,Skincare Set,Beauty,6,45,5,Rajshahi,256.5,2025,1,6,0,0
2025-01-07,Laptop,Electronics,3,850,0,Khulna,2550.0,2025,1,7,1,0
2025-01-07,Smartphone,Electronics,8,500,0,Dhaka,4000.0,2025,1,7,1,0
2025-01-07,Headphones,Electronics,7,80,0,Dhaka,560.0,2025,1,7,1,0
2025-01-07,T-Shirt,Fashion,11,25,10,Sylhet,247.5,2025,1,7,1,0
2025-01-07,Sneakers,Fashion,6,60,0,Sylhet,360.0,2025,1,7,1,0
2025-01-07,Backpack,Fashion,9,40,5,Sylhet,342.0,2025,1,7,1,0
2025-01-07,Coffee Maker,Home & Kitchen,10,90,5,Rajshahi,855.0,2025,1,7,1,0
2025-01-07,Blender,Home & Kitchen,7,55,5,Khulna,365.75,2025,1,7,1,0
2025-01-07,Desk Lamp,Home & Kitchen,4,30,0,Sylhet,120.0,2025,1,7,1,0
2025-01-07,Skincare Set,Beauty,16,45,5,Dhaka,684.0,2025,1,7,1,0
2025-01-08,Laptop,Electronics,1,850,5,Rajshahi,807.5,2025,1,8,2,0
2025-01-08,Smartphone,Electronics,4,500,0,Rajshahi,2000.0,2025,1,8,2,0
2025-01-08,Headphones,Electronics,8,80,0,Sylhet,640.0,2025,1,8,2,0
2025-01-08,T-Shirt,Fashion,7,25,0,Chattogram,175.0,2025,1,8,2,0
2025-01-08,Sneakers,Fashion,12,60,0,Rajshahi,720.0,2025,1,8,2,0
2025-01-08,Backpack,Fashion,3,40,5,Khulna,114.0,2025,1,8,2,0
2025-01-08,Coffee Maker,Home & Kitchen,3,90,10,Chattogram,243.0,2025,1,8,2,0
2025-01-08,Blender,Home & Kitchen,5,55,5,Dhaka,261.25,2025,1,8,2,0
2025-01-08,Desk Lamp,Home & Kitchen,9,30,0,Sylhet,270.0,2025,1,8,2,0
2025-01-08,Skincare Set,Beauty,11,45,5,Khulna,470.25,2025,1,8,2,0
2025-01-09,Laptop,Electronics,2,850,5,Chattogram,1615.0,2025,1,9,3,0
2025-01-09,Smartphone,Electronics,5,500,0,Khulna,2500.0,2025,1,9,3,0
2025-01-09,Headphones,Electronics,9,80,5,Rajshahi,684.0,2025,1,9,3,0
2025-01-09,T-Shirt,Fashion,13,25,0,Chattogram,325.0,2025,1,9,3,0
2025-01-09,Sneakers,Fashion,11,60,5,Dhaka,627.0,2025,1,9,3,0
2025-01-09,Backpack,Fashion,8,40,0,Dhaka,320.0,2025,1,9,3,0
2025-01-09,Coffee Maker,Home & Kitchen,11,90,0,Dhaka,990.0,2025,1,9,3,0
2025-01-09,Blender,Home & Kitchen,5,55,10,Rajshahi,247.5,2025,1,9,3,0
2025-01-09,Desk Lamp,Home & Kitchen,12,30,10,Chattogram,324.0,2025,1,9,3,0
2025-01-09,Skincare Set,Beauty,14,45,0,Sylhet,630.0,2025,1,9,3,0
2025-01-10,Laptop,Electronics,3,850,10,Rajshahi,2295.0,2025,1,10,4,0
2025-01-10,Smartphone,Electronics,5,500,10,Dhaka,2250.0,2025,1,10,4,0
2025-01-10,Headphones,Electronics,9,80,0,Chattogram,720.0,2025,1,10,4,0
2025-01-10,T-Shirt,Fashion,14,25,5,Khulna,332.5,2025,1,10,4,0
2025-01-10,Sneakers,Fashion,12,60,0,Chattogram,720.0,2025,1,10,4,0
2025-01-10,Backpack,Fashion,7,40,0,Khulna,280.0,2025,1,10,4,0
2025-01-10,Coffee Maker,Home & Kitchen,7,90,0,Dhaka,630.0,2025,1,10,4,0
2025-01-10,Blender,Home & Kitchen,12,55,0,Dhaka,660.0,2025,1,10,4,0
2025-01-10,Desk Lamp,Home & Kitchen,9,30,0,Chattogram,270.0,2025,1,10,4,0
2025-01-10,Skincare Set,Beauty,9,45,0,Dhaka,405.0,2025,1,10,4,0
2025-01-11,Laptop,Electronics,3,850,10,Khulna,2295.0,2025,1,11,5,1
2025-01-11,Smartphone,Electronics,2,500,5,Dhaka,950.0,2025,1,11,5,1
2025-01-11,Headphones,Electronics,12,80,5,Sylhet,912.0,2025,1,11,5,1
2025-01-11,T-Shirt,Fashion,10,25,5,Chattogram,237.5,2025,1,11,5,1
2025-01-11,Sneakers,Fashion,7,60,5,Rajshahi,399.0,2025,1,11,5,1
2025-01-11,Backpack,Fashion,10,40,0,Rajshahi,400.0,2025,1,11,5,1
2025-01-11,Coffee Maker,Home & Kitchen,7,90,0,Chattogram,630.0,2025,1,11,5,1
2025-01-11,Blender,Home & Kitchen,3,55,0,Dhaka,165.0,2025,1,11,5,1
2025-01-11,Desk Lamp,Home & Kitchen,10,30,0,Sylhet,300.0,2025,1,11,5,1
2025-01-11,Skincare Set,Beauty,10,45,10,Rajshahi,405.0,2025,1,11,5,1
2025-01-12,Laptop,Electronics,4,850,0,Chattogram,3400.0,2025,1,12,6,1
2025-01-12,Smartphone,Electronics,3,500,10,Dhaka,1350.0,2025,1,12,6,1
2025-01-12,Headphones,Electronics,13,80,0,Khulna,1040.0,2025,1,12,6,1
2025-01-12,T-Shirt,Fashion,9,25,0,Rajshahi,225.0,2025,1,12,6,1
2025-01-12,Sneakers,Fashion,10,60,0,Dhaka,600.0,2025,1,12,6,1
2025-01-12,Backpack,Fashion,7,40,0,Sylhet,280.0,2025,1,12,6,1
2025-01-12,Coffee Maker,Home & Kitchen,5,90,5,Dhaka,427.5,2025,1,12,6,1
2025-01-12,Blender,Home & Kitchen,13,55,5,Chattogram,679.25,2025,1,12,6,1
2025-01-12,Desk Lamp,Home & Kitchen,15,30,5,Dhaka,427.5,2025,1,12,6,1
2025-01-12,Skincare Set,Beauty,6,45,0,Rajshahi,270.0,2025,1,12,6,1
2025-01-13,Laptop,Electronics,0,850,10,Dhaka,0.0,2025,1,13,0,0
2025-01-13,Smartphone,Electronics,7,500,10,Chattogram,3150.0,2025,1,13,0,0
2025-01-13,Headphones,Electronics,10,80,15,Rajshahi,680.0,2025,1,13,0,0
2025-01-13,T-Shirt,Fashion,12,25,0,Rajshahi,300.0,2025,1,13,0,0
2025-01-13,Sneakers,Fashion,8,60,5,Khulna,456.0,2025,1,13,0,0
2025-01-13,Backpack,Fashion,6,40,0,Dhaka,240.0,2025,1,13,0,0
2025-01-13,Coffee Maker,Home & Kitchen,6,90,0,Khulna,540.0,2025,1,13,0,0
2025-01-13,Blender,Home & Kitchen,5,55,10,Dhaka,247.5,2025,1,13,0,0
2025-01-13,Desk Lamp,Home & Kitchen,6,30,0,Dhaka,180.0,2025,1,13,0,0
2025-01-13,Skincare Set,Beauty,8,45,10,Khulna,324.0,2025,1,13,0,0
2025-01-14,Laptop,Electronics,3,850,0,Khulna,2550.0,2025,1,14,1,0
2025-01-14,Smartphone,Electronics,7,500,10,Khulna,3150.0,2025,1,14,1,0
2025-01-14,Headphones,Electronics,6,80,0,Chattogram,480.0,2025,1,14,1,0
2025-01-14,T-Shirt,Fashion,12,25,0,Khulna,300.0,2025,1,14,1,0
2025-01-14,Sneakers,Fashion,4,60,15,Khulna,204.0,2025,1,14,1,0
2025-01-14,Backpack,Fashion,12,40,15,Rajshahi,408.0,2025,1,14,1,0
2025-01-14,Coffee Maker,Home & Kitchen,5,90,0,Khulna,450.0,2025,1,14,1,0
2025-01-14,Blender,Home & Kitchen,8,55,0,Khulna,440.0,2025,1,14,1,0
2025-01-14,Desk Lamp,Home & Kitchen,7,30,0,Chattogram,210.0,2025,1,14,1,0
2025-01-14,Skincare Set,Beauty,8,45,5,Khulna,342.0,2025,1,14,1,0
2025-01-15,Laptop,Electronics,6,850,5,Rajshahi,4845.0,2025,1,15,2,0
2025-01-15,Smartphone,Electronics,4,500,0,Sylhet,2000.0,2025,1,15,2,0
2025-01-15,Headphones,Electronics,6,80,5,Rajshahi,456.0,2025,1,15,2,0
2025-01-15,T-Shirt,Fashion,14,25,0,Sylhet,350.0,2025,1,15,2,0
2025-01-15,Sneakers,Fashion,13,60,5,Dhaka,741.0,2025,1,15,2,0
2025-01-15,Backpack,Fashion,13,40,10,Sylhet,468.0,2025,1,15,2,0
2025-01-15,Coffee Maker,Home & Kitchen,7,90,10,Rajshahi,567.0,2025,1,15,2,0
2025-01-15,Blender,Home & Kitchen,3,55,0,Sylhet,165.0,2025,1,15,2,0
2025-01-15,Desk Lamp,Home & Kitchen,11,30,0,Dhaka,330.0,2025,1,15,2,0
2025-01-15,Skincare Set,Beauty,4,45,0,Khulna,180.0,2025,1,15,2,0
2025-01-16,Laptop,Electronics,6,850,0,Rajshahi,5100.0,2025,1,16,3,0
2025-01-16,Smartphone,Electronics,2,500,0,Chattogram,1000.0,2025,1,16,3,0
2025-01-16,Headphones,Electronics,11,80,0,Rajshahi,880.0,2025,1,16,3,0
2025-01-16,T-Shirt,Fashion,8,25,0,Sylhet,200.0,2025,1,16,3,0
2025-01-16,Sneakers,Fashion,9,60,10,Rajshahi,486.0,2025,1,16,3,0
2025-01-16,Backpack,Fashion,8,40,15,Khulna,272.0,2025,1,16,3,0
2025-01-16,Coffee Maker,Home & Kitchen,4,90,0,Sylhet,360.0,2025,1,16,3,0
2025-01-16,Blender,Home & Kitchen,6,55,5,Chattogram,313.5,2025,1,16,3,0
2025-01-16,Desk Lamp,Home & Kitchen,9,30,0,Sylhet,270.0,2025,1,16,3,0
2025-01-16,Skincare Set,Beauty,6,45,15,Dhaka,229.5,2025,1,16,3,0
2025-01-17,Laptop,Electronics,6,850,10,Khulna,4590.0,2025,1,17,4,0
2025-01-17,Smartphone,Electronics,6,500,0,Khulna,3000.0,2025,1,17,4,0
2025-01-17,Headphones,Electronics,9,80,10,Sylhet,648.0,2025,1,17,4,0
2025-01-17,T-Shirt,Fashion,19,25,5,Khulna,451.25,2025,1,17,4,0
2025-01-17,Sneakers,Fashion,3,60,5,Rajshahi,171.0,2025,1,17,4,0
2025-01-17,Backpack,Fashion,5,40,0,Rajshahi,200.0,2025,1,17,4,0
2025-01-17,Coffee Maker,Home & Kitchen,5,90,0,Rajshahi,450.0,2025,1,17,4,0
2025-01-17,Blender,Home & Kitchen,15,55,5,Sylhet,783.75,2025,1,17,4,0
2025-01-17,Desk Lamp,Home & Kitchen,12,30,15,Khulna,306.0,2025,1,17,4,0
2025-01-17,Skincare Set,Beauty,11,45,5,Rajshahi,470.25,2025,1,17,4,0
2025-01-18,Laptop,Electronics,5,850,0,Dhaka,4250.0,2025,1,18,5,1
2025-01-18,Smartphone,Electronics,5,500,5,Dhaka,2375.0,2025,1,18,5,1
2025-01-18,Headphones,Electronics,11,80,15,Chattogram,748.0,2025,1,18,5,1
2025-01-18,T-Shirt,Fashion,14,25,0,Rajshahi,350.0,2025,1,18,5,1
2025-01-18,Sneakers,Fashion,7,60,0,Sylhet,420.0,2025,1,18,5,1
2025-01-18,Backpack,Fashion,10,40,10,Khulna,360.0,2025,1,18,5,1
2025-01-18,Coffee Maker,Home & Kitchen,7,90,10,Chattogram,567.0,2025,1,18,5,1
2025-01-18,Blender,Home & Kitchen,2,55,5,Khulna,104.5,2025,1,18,5,1
2025-01-18,Desk Lamp,Home & Kitchen,12,30,0,Dhaka,360.0,2025,1,18,5,1
2025-01-18,Skincare Set,Beauty,14,45,0,Chattogram,630.0,2025,1,18,5,1
2025-01-19,Laptop,Electronics,1,850,10,Chattogram,765.0,2025,1,19,6,1
2025-01-19,Smartphone,Electronics,7,500,5,Rajshahi,3325.0,2025,1,19,6,1
2025-01-19,Headphones,Electronics,4,80,5,Rajshahi,304.0,2025,1,19,6,1
2025-01-19,T-Shirt,Fashion,15,25,0,Sylhet,375.0,2025,1,19,6,1
2025-01-19,Sneakers,Fashion,9,60,10,Rajshahi,486.0,2025,1,19,6,1
2025-01-19,Backpack,Fashion,9,40,5,Chattogram,342.0,2025,1,19,6,1
2025-01-19,Coffee Maker,Home & Kitchen,3,90,0,Dhaka,270.0,2025,1,19,6,1
2025-01-19,Blender,Home & Kitchen,10,55,5,Chattogram,522.5,2025,1,19,6,1
2025-01-19,Desk Lamp,Home & Kitchen,14,30,5,Sylhet,399.0,2025,1,19,6,1
2025-01-19,Skincare Set,Beauty,9,45,0,Khulna,405.0,2025,1,19,6,1
2025-01-20,Laptop,Electronics,4,850,0,Rajshahi,3400.0,2025,1,20,0,0
2025-01-20,Smartphone,Electronics,6,500,0,Khulna,3000.0,2025,1,20,0,0
2025-01-20,Headphones,Electronics,9,80,10,Sylhet,648.0,2025,1,20,0,0
2025-01-20,T-Shirt,Fashion,14,25,5,Rajshahi,332.5,2025,1,20,0,0
2025-01-20,Sneakers,Fashion,13,60,10,Rajshahi,702.0,2025,1,20,0,0
2025-01-20,Backpack,Fashion,7,40,5,Dhaka,266.0,2025,1,20,0,0
2025-01-20,Coffee Maker,Home & Kitchen,4,90,0,Sylhet,360.0,2025,1,20,0,0
2025-01-20,Blender,Home & Kitchen,4,55,15,Sylhet,187.0,2025,1,20,0,0
2025-01-20,Desk Lamp,Home & Kitchen,7,30,5,Sylhet,199.5,2025,1,20,0,0
2025-01-20,Skincare Set,Beauty,1,45,15,Sylhet,38.25,2025,1,20,0,0
2025-01-21,Laptop,Electronics,4,850,0,Khulna,3400.0,2025,1,21,1,0
2025-01-21,Smartphone,Electronics,4,500,10,Khulna,1800.0,2025,1,21,1,0
2025-01-21,Headphones,Electronics,14,80,15,Sylhet,952.0,2025,1,21,1,0
2025-01-21,T-Shirt,Fashion,10,25,5,Sylhet,237.5,2025,1,21,1,0
2025-01-21,Sneakers,Fashion,8,60,5,Sylhet,456.0,2025,1,21,1,0
2025-01-21,Backpack,Fashion,9,40,0,Sylhet,360.0,2025,1,21,1,0
2025-01-21,Coffee Maker,Home & Kitchen,8,90,0,Khulna,720.0,2025,1,21,1,0
2025-01-21,Blender,Home & Kitchen,8,55,5,Dhaka,418.0,2025,1,21,1,0
2025-01-21,Desk Lamp,Home & Kitchen,10,30,0,Dhaka,300.0,2025,1,21,1,0
2025-01-21,Skincare Set,Beauty,6,45,0,Chattogram,270.0,2025,1,21,1,0
2025-01-22,Laptop,Electronics,2,850,0,Chattogram,1700.0,2025,1,22,2,0
2025-01-22,Smartphone,Electronics,5,500,5,Chattogram,2375.0,2025,1,22,2,0
2025-01-22,Headphones,Electronics,9,80,5,Rajshahi,684.0,2025,1,22,2,0
2025-01-22,T-Shirt,Fashion,11,25,5,Chattogram,261.25,2025,1,22,2,0
2025-01-22,Sneakers,Fashion,6,60,0,Dhaka,360.0,2025,1,22,2,0
2025-01-22,Backpack,Fashion,4,40,0,Sylhet,160.0,2025,1,22,2,0
2025-01-22,Coffee Maker,Home & Kitchen,8,90,0,Dhaka,720.0,2025,1,22,2,0
2025-01-22,Blender,Home & Kitchen,4,55,0,Sylhet,220.0,2025,1,22,2,0
2025-01-22,Desk Lamp,Home & Kitchen,11,30,10,Dhaka,297.0,2025,1,22,2,0
2025-01-22,Skincare Set,Beauty,12,45,0,Rajshahi,540.0,2025,1,22,2,0
2025-01-23,Laptop,Electronics,1,850,0,Chattogram,850.0,2025,1,23,3,0
2025-01-23,Smartphone,Electronics,4,500,10,Khulna,1800.0,2025,1,23,3,0
2025-01-23,Headphones,Electronics,8,80,15,Sylhet,544.0,2025,1,23,3,0
2025-01-23,T-Shirt,Fashion,7,25,5,Rajshahi,166.25,2025,1,23,3,0
2025-01-23,Sneakers,Fashion,6,60,0,Dhaka,360.0,2025,1,23,3,0
2025-01-23,Backpack,Fashion,8,40,5,Dhaka,304.0,2025,1,23,3,0
2025-01-23,Coffee Maker,Home & Kitchen,3,90,10,Dhaka,243.0,2025,1,23,3,0
2025-01-23,Blender,Home & Kitchen,6,55,5,Khulna,313.5,2025,1,23,3,0
2025-01-23,Desk Lamp,Home & Kitchen,19,30,5,Khulna,541.5,2025,1,23,3,0
2025-01-23,Skincare Set,Beauty,8,45,5,Khulna,342.0,2025,1,23,3,0
2025-01-24,Laptop,Electronics,4,850,5,Dhaka,3230.0,2025,1,24,4,0
2025-01-24,Smartphone,Electronics,3,500,5,Sylhet,1425.0,2025,1,24,4,0
2025-01-24,Headphones,Electronics,5,80,0,Sylhet,400.0,2025,1,24,4,0
2025-01-24,T-Shirt,Fashion,16,25,5,Khulna,380.0,2025,1,24,4,0
2025-01-24,Sneakers,Fashion,8,60,5,Rajshahi,456.0,2025,1,24,4,0
2025-01-24,Backpack,Fashion,11,40,10,Dhaka,396.0,2025,1,24,4,0
2025-01-24,Coffee Maker,Home & Kitchen,2,90,0,Rajshahi,180.0,2025,1,24,4,0
2025-01-24,Blender,Home & Kitchen,8,55,5,Khulna,418.0,2025,1,24,4,0
2025-01-24,Desk Lamp,Home & Kitchen,14,30,5,Khulna,399.0,2025,1,24,4,0
2025-01-24,Skincare Set,Beauty,7,45,0,Sylhet,315.0,2025,1,24,4,0
2025-01-25,Laptop,Electronics,1,850,10,Rajshahi,765.0,2025,1,25,5,1
2025-01-25,Smartphone,Electronics,7,500,0,Rajshahi,3500.0,2025,1,25,5,1
2025-01-25,Headphones,Electronics,10,80,10,Dhaka,720.0,2025,1,25,5,1
2025-01-25,T-Shirt,Fashion,16,25,5,Rajshahi,380.0,2025,1,25,5,1
2025-01-25,Sneakers,Fashion,7,60,5,Sylhet,399.0,2025,1,25,5,1
2025-01-25,Backpack,Fashion,13,40,5,Khulna,494.0,2025,1,25,5,1
2025-01-25,Coffee Maker,Home & Kitchen,7,90,0,Dhaka,630.0,2025,1,25,5,1
2025-01-25,Blender,Home & Kitchen,9,55,0,Dhaka,495.0,2025,1,25,5,1
2025-01-25,Desk Lamp,Home & Kitchen,13,30,0,Sylhet,390.0,2025,1,25,5,1
2025-01-25,Skincare Set,Beauty,9,45,5,Rajshahi,384.75,2025,1,25,5,1
2025-01-26,Laptop,Electronics,3,850,5,Khulna,2422.5,2025,1,26,6,1
2025-01-26,Smartphone,Electronics,4,500,5,Khulna,1900.0,2025,1,26,6,1
2025-01-26,Headphones,Electronics,8,80,0,Rajshahi,640.0,2025,1,26,6,1
2025-01-26,T-Shirt,Fashion,16,25,0,Sylhet,400.0,2025,1,26,6,1
2025-01-26,Sneakers,Fashion,5,60,10,Sylhet,270.0,2025,1,26,6,1
2025-01-26,Backpack,Fashion,7,40,15,Khulna,238.0,2025,1,26,6,1
2025-01-26,Coffee Maker,Home & Kitchen,4,90,0,Rajshahi,360.0,2025,1,26,6,1
2025-01-26,Blender,Home & Kitchen,9,55,10,Sylhet,445.5,2025,1,26,6,1
2025-01-26,Desk Lamp,Home & Kitchen,12,30,5,Dhaka,342.0,2025,1,26,6,1
2025-01-26,Skincare Set,Beauty,9,45,10,Khulna,364.5,2025,1,26,6,1
2025-01-27,Laptop,Electronics,2,850,0,Chattogram,1700.0,2025,1,27,0,0
2025-01-27,Smartphone,Electronics,4,500,10,Rajshahi,1800.0,2025,1,27,0,0
2025-01-27,Headphones,Electronics,7,80,0,Sylhet,560.0,2025,1,27,0,0
2025-01-27,T-Shirt,Fashion,9,25,0,Sylhet,225.0,2025,1,27,0,0
2025-01-27,Sneakers,Fashion,8,60,0,Khulna,480.0,2025,1,27,0,0
2025-01-27,Backpack,Fashion,10,40,5,Khulna,380.0,2025,1,27,0,0
2025-01-27,Coffee Maker,Home & Kitchen,6,90,0,Khulna,540.0,2025,1,27,0,0
2025-01-27,Blender,Home & Kitchen,5,55,10,Dhaka,247.5,2025,1,27,0,0
2025-01-27,Desk Lamp,Home & Kitchen,13,30,0,Rajshahi,390.0,2025,1,27,0,0
2025-01-27,Skincare Set,Beauty,7,45,15,Chattogram,267.75,2025,1,27,0,0
2025-01-28,Laptop,Electronics,1,850,10,Rajshahi,765.0,2025,1,28,1,0
2025-01-28,Smartphone,Electronics,7,500,0,Khulna,3500.0,2025,1,28,1,0
2025-01-28,Headphones,Electronics,4,80,5,Khulna,304.0,2025,1,28,1,0
2025-01-28,T-Shirt,Fashion,13,25,10,Sylhet,292.5,2025,1,28,1,0
2025-01-28,Sneakers,Fashion,9,60,0,Sylhet,540.0,2025,1,28,1,0
2025-01-28,Backpack,Fashion,8,40,5,Sylhet,304.0,2025,1,28,1,0
2025-01-28,Coffee Maker,Home & Kitchen,3,90,5,Dhaka,256.5,2025,1,28,1,0
2025-01-28,Blender,Home & Kitchen,6,55,10,Sylhet,297.0,2025,1,28,1,0
2025-01-28,Desk Lamp,Home & Kitchen,12,30,0,Chattogram,360.0,2025,1,28,1,0
2025-01-28,Skincare Set,Beauty,13,45,10,Khulna,526.5,2025,1,28,1,0
2025-01-29,Laptop,Electronics,4,850,0,Rajshahi,3400.0,2025,1,29,2,0
2025-01-29,Smartphone,Electronics,6,500,0,Rajshahi,3000.0,2025,1,29,2,0
2025-01-29,Headphones,Electronics,6,80,0,Rajshahi,480.0,2025,1,29,2,0
2025-01-29,T-Shirt,Fashion,13,25,10,Rajshahi,292.5,2025,1,29,2,0
2025-01-29,Sneakers,Fashion,10,60,5,Khulna,570.0,2025,1,29,2,0
2025-01-29,Backpack,Fashion,8,40,0,Chattogram,320.0,2025,1,29,2,0
2025-01-29,Coffee Maker,Home & Kitchen,6,90,10,Khulna,486.0,2025,1,29,2,0
2025-01-29,Blender,Home & Kitchen,6,55,5,Sylhet,313.5,2025,1,29,2,0
2025-01-29,Desk Lamp,Home & Kitchen,5,30,5,Rajshahi,142.5,2025,1,29,2,0
2025-01-29,Skincare Set,Beauty,8,45,5,Sylhet,342.0,2025,1,29,2,0
2025-01-30,Laptop,Electronics,1,850,0,Rajshahi,850.0,2025,1,30,3,0
2025-01-30,Smartphone,Electronics,3,500,5,Dhaka,1425.0,2025,1,30,3,0
2025-01-30,Headphones,Electronics,13,80,0,Dhaka,1040.0,2025,1,30,3,0
2025-01-30,T-Shirt,Fashion,7,25,0,Dhaka,175.0,2025,1,30,3,0
2025-01-30,Sneakers,Fashion,7,60,0,Rajshahi,420.0,2025,1,30,3,0
2025-01-30,Backpack,Fashion,9,40,5,Khulna,342.0,2025,1,30,3,0
2025-01-30,Coffee Maker,Home & Kitchen,2,90,10,Khulna,162.0,2025,1,30,3,0
2025-01-30,Blender,Home & Kitchen,9,55,0,Dhaka,495.0,2025,1,30,3,0
2025-01-30,Desk Lamp,Home & Kitchen,9,30,0,Chattogram,270.0,2025,1,30,3,0
2025-01-30,Skincare Set,Beauty,8,45,5,Dhaka,342.0,2025,1,30,3,0
2025-01-31,Laptop,Electronics,1,850,10,Chattogram,765.0,2025,1,31,4,0
2025-01-31,Smartphone,Electronics,6,500,5,Chattogram,2850.0,2025,1,31,4,0
2025-01-31,Headphones,Electronics,5,80,0,Khulna,400.0,2025,1,31,4,0
2025-01-31,T-Shirt,Fashion,13,25,10,Dhaka,292.5,2025,1,31,4,0
2025-01-31,Sneakers,Fashion,9,60,5,Khulna,513.0,2025,1,31,4,0
2025-01-31,Backpack,Fashion,8,40,5,Sylhet,304.0,2025,1,31,4,0
2025-01-31,Coffee Maker,Home & Kitchen,6,90,0,Sylhet,540.0,2025,1,31,4,0
2025-01-31,Blender,Home & Kitchen,8,55,0,Chattogram,440.0,2025,1,31,4,0
2025-01-31,Desk Lamp,Home & Kitchen,9,30,0,Dhaka,270.0,2025,1,31,4,0
2025-01-31,Skincare Set,Beauty,6,45,0,Khulna,270.0,2025,1,31,4,0
2025-02-01,Laptop,Electronics,3,850,5,Khulna,2422.5,2025,2,1,5,1
2025-02-01,Smartphone,Electronics,6,500,0,Sylhet,3000.0,2025,2,1,5,1
2025-02-01,Headphones,Electronics,13,80,0,Sylhet,1040.0,2025,2,1,5,1
2025-02-01,T-Shirt,Fashion,17,25,10,Khulna,382.5,2025,2,1,5,1
2025-02-01,Sneakers,Fashion,6,60,0,Rajshahi,360.0,2025,2,1,5,1
2025-02-01,Backpack,Fashion,16,40,5,Chattogram,608.0,2025,2,1,5,1
2025-02-01,Coffee Maker,Home & Kitchen,13,90,10,Khulna,1053.0,2025,2,1,5,1
2025-02-01,Blender,Home & Kitchen,13,55,5,Sylhet,679.25,2025,2,1,5,1
2025-02-01,Desk Lamp,Home & Kitchen,10,30,0,Dhaka,300.0,2025,2,1,5,1
2025-02-01,Skincare Set,Beauty,14,45,0,Chattogram,630.0,2025,2,1,5,1
2025-02-02,Laptop,Electronics,4,850,0,Dhaka,3400.0,2025,2,2,6,1
2025-02-02,Smartphone,Electronics,3,500,5,Khulna,1425.0,2025,2,2,6,1
2025-02-02,Headphones,Electronics,17,80,0,Dhaka,1360.0,2025,2,2,6,1
2025-02-02,T-Shirt,Fashion,12,25,5,Chattogram,285.0,2025,2,2,6,1
2025-02-02,Sneakers,Fashion,13,60,10,Rajshahi,702.0,2025,2,2,6,1
2025-02-02,Backpack,Fashion,12,40,10,Sylhet,432.0,2025,2,2,6,1
2025-02-02,Coffee Maker,Home & Kitchen,5,90,0,Dhaka,450.0,2025,2,2,6,1
2025-02-02,Blender,Home & Kitchen,5,55,0,Chattogram,275.0,2025,2,2,6,1
2025-02-02,Desk Lamp,Home & Kitchen,14,30,5,Chattogram,399.0,2025,2,2,6,1
2025-02-02,Skincare Set,Beauty,15,45,10,Rajshahi,607.5,2025,2,2,6,1
2025-02-03,Laptop,Electronics,2,850,0,Sylhet,1700.0,2025,2,3,0,0
2025-02-03,Smartphone,Electronics,7,500,0,Rajshahi,3500.0,2025,2,3,0,0
2025-02-03,Headphones,Electronics,9,80,0,Chattogram,720.0,2025,2,3,0,0
2025-02-03,T-Shirt,Fashion,13,25,0,Khulna,325.0,2025,2,3,0,0
2025-02-03,Sneakers,Fashion,6,60,0,Rajshahi,360.0,2025,2,3,0,0
2025-02-03,Backpack,Fashion,7,40,5,Sylhet,266.0,2025,2,3,0,0
2025-02-03,Coffee Maker,Home & Kitchen,4,90,10,Dhaka,324.0,2025,2,3,0,0
2025-02-03,Blender,Home & Kitchen,7,55,5,Chattogram,365.75,2025,2,3,0,0
2025-02-03,Desk Lamp,Home & Kitchen,13,30,0,Sylhet,390.0,2025,2,3,0,0
2025-02-03,Skincare Set,Beauty,11,45,0,Khulna,495.0,2025,2,3,0,0
2025-02-04,Laptop,Electronics,4,850,5,Chattogram,3230.0,2025,2,4,1,0
2025-02-04,Smartphone,Electronics,7,500,5,Chattogram,3325.0,2025,2,4,1,0
2025-02-04,Headphones,Electronics,7,80,0,Chattogram,560.0,2025,2,4,1,0
2025-02-04,T-Shirt,Fashion,10,25,0,Sylhet,250.0,2025,2,4,1,0
2025-02-04,Sneakers,Fashion,12,60,5,Rajshahi,684.0,2025,2,4,1,0
2025-02-04,Backpack,Fashion,6,40,0,Dhaka,240.0,2025,2,4,1,0
2025-02-04,Coffee Maker,Home & Kitchen,5,90,15,Khulna,382.5,2025,2,4,1,0
2025-02-04,Blender,Home & Kitchen,7,55,10,Chattogram,346.5,2025,2,4,1,0
2025-02-04,Desk Lamp,Home & Kitchen,13,30,5,Sylhet,370.5,2025,2,4,1,0
2025-02-04,Skincare Set,Beauty,12,45,5,Sylhet,513.0,2025,2,4,1,0
2025-02-05,Laptop,Electronics,2,850,0,Chattogram,1700.0,2025,2,5,2,0
2025-02-05,Smartphone,Electronics,4,500,5,Chattogram,1900.0,2025,2,5,2,0
2025-02-05,Headphones,Electronics,12,80,5,Dhaka,912.0,2025,2,5,2,0
2025-02-05,T-Shirt,Fashion,16,25,10,Dhaka,360.0,2025,2,5,2,0
2025-02-05,Sneakers,Fashion,13,60,5,Sylhet,741.0,2025,2,5,2,0
2025-02-05,Backpack,Fashion,8,40,0,Chattogram,320.0,2025,2,5,2,0
2025-02-05,Coffee Maker,Home & Kitchen,2,90,15,Khulna,153.0,2025,2,5,2,0
2025-02-05,Blender,Home & Kitchen,8,55,0,Sylhet,440.0,2025,2,5,2,0
2025-02-05,Desk Lamp,Home & Kitchen,2,30,0,Dhaka,60.0,2025,2,5,2,0
2025-02-05,Skincare Set,Beauty,12,45,5,Sylhet,513.0,2025,2,5,2,0
2025-02-06,Laptop,Electronics,2,850,0,Chattogram,1700.0,2025,2,6,3,0
2025-02-06,Smartphone,Electronics,5,500,0,Sylhet,2500.0,2025,2,6,3,0
2025-02-06,Headphones,Electronics,9,80,0,Dhaka,720.0,2025,2,6,3,0
2025-02-06,T-Shirt,Fashion,14,25,0,Sylhet,350.0,2025,2,6,3,0
2025-02-06,Sneakers,Fashion,15,60,0,Chattogram,900.0,2025,2,6,3,0
2025-02-06,Backpack,Fashion,8,40,0,Chattogram,320.0,2025,2,6,3,0
2025-02-06,Coffee Maker,Home & Kitchen,3,90,10,Sylhet,243.0,2025,2,6,3,0
2025-02-06,Blender,Home & Kitchen,7,55,0,Chattogram,385.0,2025,2,6,3,0
2025-02-06,Desk Lamp,Home & Kitchen,17,30,10,Khulna,459.0,2025,2,6,3,0
2025-02-06,Skincare Set,Beauty,12,45,0,Chattogram,540.0,2025,2,6,3,0
2025-02-07,Laptop,Electronics,3,850,5,Khulna,2422.5,2025,2,7,4,0
2025-02-07,Smartphone,Electronics,1,500,5,Rajshahi,475.0,2025,2,7,4,0
2025-02-07,Headphones,Electronics,16,80,10,Rajshahi,1152.0,2025,2,7,4,0
2025-02-07,T-Shirt,Fashion,10,25,0,Dhaka,250.0,2025,2,7,4,0
2025-02-07,Sneakers,Fashion,10,60,10,Dhaka,540.0,2025,2,7,4,0
2025-02-07,Backpack,Fashion,6,40,0,Sylhet,240.0,2025,2,7,4,0
2025-02-07,Coffee Maker,Home & Kitchen,5,90,0,Khulna,450.0,2025,2,7,4,0
2025-02-07,Blender,Home & Kitchen,3,55,10,Dhaka,148.5,2025,2,7,4,0
2025-02-07,Desk Lamp,Home & Kitchen,9,30,10,Rajshahi,243.0,2025,2,7,4,0
2025-02-07,Skincare Set,Beauty,9,45,10,Khulna,364.5,2025,2,7,4,0
2025-02-08,Laptop,Electronics,6,850,5,Khulna,4845.0,2025,2,8,5,1
2025-02-08,Smartphone,Electronics,6,500,10,Sylhet,2700.0,2025,2,8,5,1
2025-02-08,Headphones,Electronics,9,80,5,Dhaka,684.0,2025,2,8,5,1
2025-02-08,T-Shirt,Fashion,14,25,15,Chattogram,297.5,2025,2,8,5,1
2025-02-08,Sneakers,Fashion,10,60,5,Dhaka,570.0,2025,2,8,5,1
2025-02-08,Backpack,Fashion,9,40,5,Khulna,342.0,2025,2,8,5,1
2025-02-08,Coffee Maker,Home & Kitchen,6,90,10,Chattogram,486.0,2025,2,8,5,1
2025-02-08,Blender,Home & Kitchen,6,55,10,Sylhet,297.0,2025,2,8,5,1
2025-02-08,Desk Lamp,Home & Kitchen,11,30,0,Chattogram,330.0,2025,2,8,5,1
2025-02-08,Skincare Set,Beauty,12,45,0,Sylhet,540.0,2025,2,8,5,1
2025-02-09,Laptop,Electronics,4,850,5,Khulna,3230.0,2025,2,9,6,1
2025-02-09,Smartphone,Electronics,3,500,5,Rajshahi,1425.0,2025,2,9,6,1
2025-02-09,Headphones,Electronics,16,80,15,Dhaka,1088.0,2025,2,9,6,1
2025-02-09,T-Shirt,Fashion,19,25,10,Chattogram,427.5,2025,2,9,6,1
2025-02-09,Sneakers,Fashion,12,60,10,Sylhet,648.0,2025,2,9,6,1
2025-02-09,Backpack,Fashion,4,40,0,Chattogram,160.0,2025,2,9,6,1
2025-02-09,Coffee Maker,Home & Kitchen,5,90,0,Khulna,450.0,2025,2,9,6,1
2025-02-09,Blender,Home & Kitchen,8,55,0,Chattogram,440.0,2025,2,9,6,1
2025-02-09,Desk Lamp,Home & Kitchen,15,30,5,Rajshahi,427.5,2025,2,9,6,1
2025-02-09,Skincare Set,Beauty,9,45,5,Khulna,384.75,2025,2,9,6,1
2025-02-10,Laptop,Electronics,5,850,5,Khulna,4037.5,2025,2,10,0,0
2025-02-10,Smartphone,Electronics,6,500,0,Chattogram,3000.0,2025,2,10,0,0
2025-02-10,Headphones,Electronics,6,80,0,Rajshahi,480.0,2025,2,10,0,0
2025-02-10,T-Shirt,Fashion,14,25,0,Rajshahi,350.0,2025,2,10,0,0
2025-02-10,Sneakers,Fashion,7,60,0,Sylhet,420.0,2025,2,10,0,0
2025-02-10,Backpack,Fashion,11,40,5,Rajshahi,418.0,2025,2,10,0,0
2025-02-10,Coffee Maker,Home & Kitchen,12,90,0,Rajshahi,1080.0,2025,2,10,0,0
2025-02-10,Blender,Home & Kitchen,10,55,5,Rajshahi,522.5,2025,2,10,0,0
2025-02-10,Desk Lamp,Home & Kitchen,5,30,0,Khulna,150.0,2025,2,10,0,0
2025-02-10,Skincare Set,Beauty,11,45,5,Chattogram,470.25,2025,2,10,0,0
2025-02-11,Laptop,Electronics,3,850,0,Rajshahi,2550.0,2025,2,11,1,0
2025-02-11,Smartphone,Electronics,6,500,0,Dhaka,3000.0,2025,2,11,1,0
2025-02-11,Headphones,Electronics,9,80,0,Khulna,720.0,2025,2,11,1,0
2025-02-11,T-Shirt,Fashion,12,25,0,Khulna,300.0,2025,2,11,1,0
2025-02-11,Sneakers,Fashion,6,60,5,Chattogram,342.0,2025,2,11,1,0
2025-02-11,Backpack,Fashion,7,40,0,Khulna,280.0,2025,2,11,1,0
2025-02-11,Coffee Maker,Home & Kitchen,8,90,0,Chattogram,720.0,2025,2,11,1,0
2025-02-11,Blender,Home & Kitchen,5,55,5,Khulna,261.25,2025,2,11,1,0
2025-02-11,Desk Lamp,Home & Kitchen,11,30,0,Sylhet,330.0,2025,2,11,1,0
2025-02-11,Skincare Set,Beauty,12,45,0,Dhaka,540.0,2025,2,11,1,0
2025-02-12,Laptop,Electronics,4,850,0,Dhaka,3400.0,2025,2,12,2,0
2025-02-12,Smartphone,Electronics,5,500,10,Sylhet,2250.0,2025,2,12,2,0
2025-02-12,Headphones,Electronics,14,80,0,Rajshahi,1120.0,2025,2,12,2,0
2025-02-12,T-Shirt,Fashion,15,25,0,Dhaka,375.0,2025,2,12,2,0
2025-02-12,Sneakers,Fashion,4,60,5,Khulna,228.0,2025,2,12,2,0
2025-02-12,Backpack,Fashion,10,40,5,Dhaka,380.0,2025,2,12,2,0
2025-02-12,Coffee Maker,Home & Kitchen,6,90,5,Sylhet,513.0,2025,2,12,2,0
2025-02-12,Blender,Home & Kitchen,2,55,0,Chattogram,110.0,2025,2,12,2,0
2025-02-12,Desk Lamp,Home & Kitchen,9,30,10,Rajshahi,243.0,2025,2,12,2,0
2025-02-12,Skincare Set,Beauty,12,45,10,Rajshahi,486.0,2025,2,12,2,0
2025-02-13,Laptop,Electronics,5,850,0,Rajshahi,4250.0,2025,2,13,3,0
2025-02-13,Smartphone,Electronics,9,500,10,Dhaka,4050.0,2025,2,13,3,0
2025-02-13,Headphones,Electronics,11,80,0,Rajshahi,880.0,2025,2,13,3,0
2025-02-13,T-Shirt,Fashion,11,25,5,Chattogram,261.25,2025,2,13,3,0
2025-02-13,Sneakers,Fashion,10,60,15,Sylhet,510.0,2025,2,13,3,0
2025-02-13,Backpack,Fashion,8,40,10,Dhaka,288.0,2025,2,13,3,0
2025-02-13,Coffee Maker,Home & Kitchen,11,90,0,Dhaka,990.0,2025,2,13,3,0
2025-02-13,Blender,Home & Kitchen,10,55,0,Rajshahi,550.0,2025,2,13,3,0
2025-02-13,Desk Lamp,Home & Kitchen,10,30,5,Rajshahi,285.0,2025,2,13,3,0
2025-02-13,Skincare Set,Beauty,10,45,5,Dhaka,427.5,2025,2,13,3,0
2025-02-14,Laptop,Electronics,3,850,5,Chattogram,2422.5,2025,2,14,4,0
2025-02-14,Smartphone,Electronics,3,500,0,Rajshahi,1500.0,2025,2,14,4,0
2025-02-14,Headphones,Electronics,13,80,5,Khulna,988.0,2025,2,14,4,0
2025-02-14,T-Shirt,Fashion,21,25,10,Chattogram,472.5,2025,2,14,4,0
2025-02-14,Sneakers,Fashion,5,60,0,Rajshahi,300.0,2025,2,14,4,0
2025-02-14,Backpack,Fashion,7,40,0,Sylhet,280.0,2025,2,14,4,0
2025-02-14,Coffee Maker,Home & Kitchen,11,90,10,Khulna,891.0,2025,2,14,4,0
2025-02-14,Blender,Home & Kitchen,9,55,0,Khulna,495.0,2025,2,14,4,0
2025-02-14,Desk Lamp,Home & Kitchen,9,30,0,Sylhet,270.0,2025,2,14,4,0
2025-02-14,Skincare Set,Beauty,7,45,0,Khulna,315.0,2025,2,14,4,0
2025-02-15,Laptop,Electronics,2,850,10,Khulna,1530.0,2025,2,15,5,1
2025-02-15,Smartphone,Electronics,7,500,0,Dhaka,3500.0,2025,2,15,5,1
2025-02-15,Headphones,Electronics,12,80,5,Khulna,912.0,2025,2,15,5,1
2025-02-15,T-Shirt,Fashion,13,25,5,Sylhet,308.75,2025,2,15,5,1
2025-02-15,Sneakers,Fashion,10,60,5,Sylhet,570.0,2025,2,15,5,1
2025-02-15,Backpack,Fashion,8,40,5,Rajshahi,304.0,2025,2,15,5,1
2025-02-15,Coffee Maker,Home & Kitchen,11,90,5,Sylhet,940.5,2025,2,15,5,1
2025-02-15,Blender,Home & Kitchen,14,55,5,Dhaka,731.5,2025,2,15,5,1
2025-02-15,Desk Lamp,Home & Kitchen,15,30,5,Chattogram,427.5,2025,2,15,5,1
2025-02-15,Skincare Set,Beauty,8,45,0,Rajshahi,360.0,2025,2,15,5,1
2025-02-16,Laptop,Electronics,3,850,5,Khulna,2422.5,2025,2,16,6,1
2025-02-16,Smartphone,Electronics,7,500,10,Dhaka,3150.0,2025,2,16,6,1
2025-02-16,Headphones,Electronics,15,80,5,Sylhet,1140.0,2025,2,16,6,1
2025-02-16,T-Shirt,Fashion,12,25,0,Sylhet,300.0,2025,2,16,6,1
2025-02-16,Sneakers,Fashion,9,60,10,Rajshahi,486.0,2025,2,16,6,1
2025-02-16,Backpack,Fashion,13,40,0,Khulna,520.0,2025,2,16,6,1
2025-02-16,Coffee Maker,Home & Kitchen,4,90,0,Dhaka,360.0,2025,2,16,6,1
2025-02-16,Blender,Home & Kitchen,7,55,10,Chattogram,346.5,2025,2,16,6,1
2025-02-16,Desk Lamp,Home & Kitchen,9,30,0,Sylhet,270.0,2025,2,16,6,1
2025-02-16,Skincare Set,Beauty,14,45,0,Khulna,630.0,2025,2,16,6,1
2025-02-17,Laptop,Electronics,5,850,10,Dhaka,3825.0,2025,2,17,0,0
2025-02-17,Smartphone,Electronics,4,500,10,Khulna,1800.0,2025,2,17,0,0
2025-02-17,Headphones,Electronics,8,80,0,Rajshahi,640.0,2025,2,17,0,0
2025-02-17,T-Shirt,Fashion,9,25,0,Dhaka,225.0,2025,2,17,0,0
2025-02-17,Sneakers,Fashion,5,60,0,Sylhet,300.0,2025,2,17,0,0
2025-02-17,Backpack,Fashion,11,40,0,Rajshahi,440.0,2025,2,17,0,0
2025-02-17,Coffee Maker,Home & Kitchen,7,90,0,Chattogram,630.0,2025,2,17,0,0
2025-02-17,Blender,Home & Kitchen,2,55,0,Chattogram,110.0,2025,2,17,0,0
2025-02-17,Desk Lamp,Home & Kitchen,8,30,15,Chattogram,204.0,2025,2,17,0,0
2025-02-17,Skincare Set,Beauty,12,45,0,Khulna,540.0,2025,2,17,0,0
2025-02-18,Laptop,Electronics,5,850,10,Sylhet,3825.0,2025,2,18,1,0
2025-02-18,Smartphone,Electronics,3,500,0,Sylhet,1500.0,2025,2,18,1,0
2025-02-18,Headphones,Electronics,12,80,10,Khulna,864.0,2025,2,18,1,0
2025-02-18,T-Shirt,Fashion,11,25,10,Khulna,247.5,2025,2,18,1,0
2025-02-18,Sneakers,Fashion,5,60,0,Sylhet,300.0,2025,2,18,1,0
2025-02-18,Backpack,Fashion,11,40,10,Chattogram,396.0,2025,2,18,1,0
2025-02-18,Coffee Maker,Home & Kitchen,5,90,5,Khulna,427.5,2025,2,18,1,0
2025-02-18,Blender,Home & Kitchen,5,55,10,Khulna,247.5,2025,2,18,1,0
2025-02-18,Desk Lamp,Home & Kitchen,11,30,0,Chattogram,330.0,2025,2,18,1,0
2025-02-18,Skincare Set,Beauty,7,45,5,Chattogram,299.25,2025,2,18,1,0
2025-02-19,Laptop,Electronics,2,850,0,Dhaka,1700.0,2025,2,19,2,0
2025-02-19,Smartphone,Electronics,9,500,0,Dhaka,4500.0,2025,2,19,2,0
2025-02-19,Headphones,Electronics,14,80,0,Khulna,1120.0,2025,2,19,2,0
2025-02-19,T-Shirt,Fashion,11,25,0,Khulna,275.0,2025,2,19,2,0
2025-02-19,Sneakers,Fashion,7,60,5,Chattogram,399.0,2025,2,19,2,0
2025-02-19,Backpack,Fashion,12,40,0,Chattogram,480.0,2025,2,19,2,0
2025-02-19,Coffee Maker,Home & Kitchen,5,90,10,Chattogram,405.0,2025,2,19,2,0
2025-02-19,Blender,Home & Kitchen,7,55,0,Khulna,385.0,2025,2,19,2,0
2025-02-19,Desk Lamp,Home & Kitchen,9,30,0,Sylhet,270.0,2025,2,19,2,0
2025-02-19,Skincare Set,Beauty,12,45,10,Dhaka,486.0,2025,2,19,2,0
2025-02-20,Laptop,Electronics,3,850,0,Rajshahi,2550.0,2025,2,20,3,0
2025-02-20,Smartphone,Electronics,1,500,0,Sylhet,500.0,2025,2,20,3,0
2025-02-20,Headphones,Electronics,12,80,0,Sylhet,960.0,2025,2,20,3,0
2025-02-20,T-Shirt,Fashion,15,25,0,Sylhet,375.0,2025,2,20,3,0
2025-02-20,Sneakers,Fashion,11,60,5,Rajshahi,627.0,2025,2,20,3,0
2025-02-20,Backpack,Fashion,8,40,10,Sylhet,288.0,2025,2,20,3,0
2025-02-20,Coffee Maker,Home & Kitchen,7,90,5,Rajshahi,598.5,2025,2,20,3,0
2025-02-20,Blender,Home & Kitchen,4,55,5,Rajshahi,209.0,2025,2,20,3,0
2025-02-20,Desk Lamp,Home & Kitchen,14,30,0,Rajshahi,420.0,2025,2,20,3,0
2025-02-20,Skincare Set,Beauty,10,45,0,Chattogram,450.0,2025,2,20,3,0
2025-02-21,Laptop,Electronics,7,850,5,Sylhet,5652.5,2025,2,21,4,0
2025-02-21,Smartphone,Electronics,3,500,5,Chattogram,1425.0,2025,2,21,4,0
2025-02-21,Headphones,Electronics,12,80,0,Chattogram,960.0,2025,2,21,4,0
2025-02-21,T-Shirt,Fashion,14,25,0,Chattogram,350.0,2025,2,21,4,0
2025-02-21,Sneakers,Fashion,8,60,0,Chattogram,480.0,2025,2,21,4,0
2025-02-21,Backpack,Fashion,17,40,0,Rajshahi,680.0,2025,2,21,4,0
2025-02-21,Coffee Maker,Home & Kitchen,11,90,5,Sylhet,940.5,2025,2,21,4,0
2025-02-21,Blender,Home & Kitchen,7,55,10,Sylhet,346.5,2025,2,21,4,0
2025-02-21,Desk Lamp,Home & Kitchen,8,30,10,Chattogram,216.0,2025,2,21,4,0
2025-02-21,Skincare Set,Beauty,9,45,0,Khulna,405.0,2025,2,21,4,0
2025-02-22,Laptop,Electronics,8,850,0,Chattogram,6800.0,2025,2,22,5,1
2025-02-22,Smartphone,Electronics,4,500,0,Chattogram,2000.0,2025,2,22,5,1
2025-02-22,Headphones,Electronics,18,80,5,Sylhet,1368.0,2025,2,22,5,1
2025-02-22,T-Shirt,Fashion,22,25,5,Chattogram,522.5,2025,2,22,5,1
2025-02-22,Sneakers,Fashion,11,60,0,Chattogram,660.0,2025,2,22,5,1
2025-02-22,Backpack,Fashion,18,40,10,Rajshahi,648.0,2025,2,22,5,1
2025-02-22,Coffee Maker,Home & Kitchen,4,90,10,Dhaka,324.0,2025,2,22,5,1
2025-02-22,Blender,Home & Kitchen,14,55,5,Sylhet,731.5,2025,2,22,5,1
2025-02-22,Desk Lamp,Home & Kitchen,13,30,10,Khulna,351.0,2025,2,22,5,1
2025-02-22,Skincare Set,Beauty,15,45,5,Rajshahi,641.25,2025,2,22,5,1
2025-02-23,Laptop,Electronics,5,850,15,Khulna,3612.5,2025,2,23,6,1
2025-02-23,Smartphone,Electronics,10,500,0,Dhaka,5000.0,2025,2,23,6,1
2025-02-23,Headphones,Electronics,8,80,0,Chattogram,640.0,2025,2,23,6,1
2025-02-23,T-Shirt,Fashion,14,25,0,Khulna,350.0,2025,2,23,6,1
2025-02-23,Sneakers,Fashion,6,60,0,Chattogram,360.0,2025,2,23,6,1
2025-02-23,Backpack,Fashion,11,40,10,Khulna,396.0,2025,2,23,6,1
2025-02-23,Coffee Maker,Home & Kitchen,2,90,0,Khulna,180.0,2025,2,23,6,1
2025-02-23,Blender,Home & Kitchen,5,55,0,Rajshahi,275.0,2025,2,23,6,1
2025-02-23,Desk Lamp,Home & Kitchen,14,30,15,Dhaka,357.0,2025,2,23,6,1
2025-02-23,Skincare Set,Beauty,8,45,10,Rajshahi,324.0,2025,2,23,6,1
2025-02-24,Laptop,Electronics,6,850,10,Khulna,4590.0,2025,2,24,0,0
2025-02-24,Smartphone,Electronics,4,500,0,Dhaka,2000.0,2025,2,24,0,0
2025-02-24,Headphones,Electronics,13,80,0,Khulna,1040.0,2025,2,24,0,0
2025-02-24,T-Shirt,Fashion,12,25,5,Dhaka,285.0,2025,2,24,0,0
2025-02-24,Sneakers,Fashion,8,60,5,Dhaka,456.0,2025,2,24,0,0
2025-02-24,Backpack,Fashion,5,40,0,Khulna,200.0,2025,2,24,0,0
2025-02-24,Coffee Maker,Home & Kitchen,7,90,5,Sylhet,598.5,2025,2,24,0,0
2025-02-24,Blender,Home & Kitchen,11,55,5,Rajshahi,574.75,2025,2,24,0,0
2025-02-24,Desk Lamp,Home & Kitchen,15,30,5,Chattogram,427.5,2025,2,24,0,0
2025-02-24,Skincare Set,Beauty,5,45,0,Rajshahi,225.0,2025,2,24,0,0
2025-02-25,Laptop,Electronics,3,850,0,Rajshahi,2550.0,2025,2,25,1,0
2025-02-25,Smartphone,Electronics,2,500,0,Sylhet,1000.0,2025,2,25,1,0
2025-02-25,Headphones,Electronics,9,80,10,Khulna,648.0,2025,2,25,1,0
2025-02-25,T-Shirt,Fashion,9,25,5,Rajshahi,213.75,2025,2,25,1,0
2025-02-25,Sneakers,Fashion,5,60,0,Dhaka,300.0,2025,2,25,1,0
2025-02-25,Backpack,Fashion,7,40,15,Sylhet,238.0,2025,2,25,1,0
2025-02-25,Coffee Maker,Home & Kitchen,6,90,10,Dhaka,486.0,2025,2,25,1,0
2025-02-25,Blender,Home & Kitchen,6,55,5,Khulna,313.5,2025,2,25,1,0
2025-02-25,Desk Lamp,Home & Kitchen,19,30,0,Chattogram,570.0,2025,2,25,1,0
2025-02-25,Skincare Set,Beauty,15,45,5,Rajshahi,641.25,2025,2,25,1,0
2025-02-26,Laptop,Electronics,1,850,10,Sylhet,765.0,2025,2,26,2,0
2025-02-26,Smartphone,Electronics,9,500,5,Sylhet,4275.0,2025,2,26,2,0
2025-02-26,Headphones,Electronics,11,80,0,Khulna,880.0,2025,2,26,2,0
2025-02-26,T-Shirt,Fashion,11,25,0,Chattogram,275.0,2025,2,26,2,0
2025-02-26,Sneakers,Fashion,9,60,5,Chattogram,513.0,2025,2,26,2,0
2025-02-26,Backpack,Fashion,5,40,5,Khulna,190.0,2025,2,26,2,0
2025-02-26,Coffee Maker,Home & Kitchen,7,90,0,Khulna,630.0,2025,2,26,2,0
2025-02-26,Blender,Home & Kitchen,9,55,5,Dhaka,470.25,2025,2,26,2,0
2025-02-26,Desk Lamp,Home & Kitchen,14,30,0,Sylhet,420.0,2025,2,26,2,0
2025-02-26,Skincare Set,Beauty,9,45,0,Khulna,405.0,2025,2,26,2,0
2025-02-27,Laptop,Electronics,6,850,5,Khulna,4845.0,2025,2,27,3,0
2025-02-27,Smartphone,Electronics,9,500,5,Chattogram,4275.0,2025,2,27,3,0
2025-02-27,Headphones,Electronics,8,80,10,Dhaka,576.0,2025,2,27,3,0
2025-02-27,T-Shirt,Fashion,13,25,5,Khulna,308.75,2025,2,27,3,0
2025-02-27,Sneakers,Fashion,13,60,15,Rajshahi,663.0,2025,2,27,3,0
2025-02-27,Backpack,Fashion,8,40,0,Sylhet,320.0,2025,2,27,3,0
2025-02-27,Coffee Maker,Home & Kitchen,5,90,10,Sylhet,405.0,2025,2,27,3,0
2025-02-27,Blender,Home & Kitchen,11,55,15,Chattogram,514.25,2025,2,27,3,0
2025-02-27,Desk Lamp,Home & Kitchen,8,30,0,Khulna,240.0,2025,2,27,3,0
2025-02-27,Skincare Set,Beauty,10,45,5,Rajshahi,427.5,2025,2,27,3,0
2025-02-28,Laptop,Electronics,3,850,0,Rajshahi,2550.0,2025,2,28,4,0
2025-02-28,Smartphone,Electronics,2,500,5,Sylhet,950.0,2025,2,28,4,0
2025-02-28,Headphones,Electronics,12,80,0,Chattogram,960.0,2025,2,28,4,0
2025-02-28,T-Shirt,Fashion,19,25,10,Sylhet,427.5,2025,2,28,4,0
2025-02-28,Sneakers,Fashion,7,60,5,Sylhet,399.0,2025,2,28,4,0
2025-02-28,Backpack,Fashion,10,40,5,Sylhet,380.0,2025,2,28,4,0
2025-02-28,Coffee Maker,Home & Kitchen,4,90,0,Rajshahi,360.0,2025,2,28,4,0
2025-02-28,Blender,Home & Kitchen,6,55,10,Dhaka,297.0,2025,2,28,4,0
2025-02-28,Desk Lamp,Home & Kitchen,10,30,0,Rajshahi,300.0,2025,2,28,4,0
2025-02-28,Skincare Set,Beauty,12,45,10,Sylhet,486.0,2025,2,28,4,0
2025-03-01,Laptop,Electronics,5,850,5,Dhaka,4037.5,2025,3,1,5,1
2025-03-01,Smartphone,Electronics,8,500,5,Chattogram,3800.0,2025,3,1,5,1
2025-03-01,Headphones,Electronics,16,80,0,Rajshahi,1280.0,2025,3,1,5,1
2025-03-01,T-Shirt,Fashion,13,25,0,Chattogram,325.0,2025,3,1,5,1
2025-03-01,Sneakers,Fashion,8,60,0,Dhaka,480.0,2025,3,1,5,1
2025-03-01,Backpack,Fashion,11,40,10,Khulna,396.0,2025,3,1,5,1
2025-03-01,Coffee Maker,Home & Kitchen,5,90,0,Dhaka,450.0,2025,3,1,5,1
2025-03-01,Blender,Home & Kitchen,10,55,0,Rajshahi,550.0,2025,3,1,5,1
2025-03-01,Desk Lamp,Home & Kitchen,13,30,0,Chattogram,390.0,2025,3,1,5,1
2025-03-01,Skincare Set,Beauty,14,45,10,Sylhet,567.0,2025,3,1,5,1
2025-03-02,Laptop,Electronics,2,850,0,Sylhet,1700.0,2025,3,2,6,1
2025-03-02,Smartphone,Electronics,5,500,0,Rajshahi,2500.0,2025,3,2,6,1
2025-03-02,Headphones,Electronics,17,80,15,Khulna,1156.0,2025,3,2,6,1
2025-03-02,T-Shirt,Fashion,22,25,5,Rajshahi,522.5,2025,3,2,6,1
2025-03-02,Sneakers,Fashion,8,60,5,Rajshahi,456.0,2025,3,2,6,1
2025-03-02,Backpack,Fashion,9,40,5,Sylhet,342.0,2025,3,2,6,1
2025-03-02,Coffee Maker,Home & Kitchen,6,90,0,Rajshahi,540.0,2025,3,2,6,1
2025-03-02,Blender,Home & Kitchen,12,55,0,Khulna,660.0,2025,3,2,6,1
2025-03-02,Desk Lamp,Home & Kitchen,13,30,0,Chattogram,390.0,2025,3,2,6,1
2025-03-02,Skincare Set,Beauty,13,45,5,Dhaka,555.75,2025,3,2,6,1
2025-03-03,Laptop,Electronics,3,850,10,Khulna,2295.0,2025,3,3,0,0
2025-03-03,Smartphone,Electronics,6,500,0,Khulna,3000.0,2025,3,3,0,0
2025-03-03,Headphones,Electronics,10,80,0,Khulna,800.0,2025,3,3,0,0
2025-03-03,T-Shirt,Fashion,15,25,10,Khulna,337.5,2025,3,3,0,0
2025-03-03,Sneakers,Fashion,10,60,10,Rajshahi,540.0,2025,3,3,0,0
2025-03-03,Backpack,Fashion,8,40,0,Dhaka,320.0,2025,3,3,0,0
2025-03-03,Coffee Maker,Home & Kitchen,3,90,5,Chattogram,256.5,2025,3,3,0,0
2025-03-03,Blender,Home & Kitchen,2,55,10,Rajshahi,99.0,2025,3,3,0,0
2025-03-03,Desk Lamp,Home & Kitchen,19,30,0,Chattogram,570.0,2025,3,3,0,0
2025-03-03,Skincare Set,Beauty,8,45,0,Rajshahi,360.0,2025,3,3,0,0
2025-03-04,Laptop,Electronics,5,850,15,Rajshahi,3612.5,2025,3,4,1,0
2025-03-04,Smartphone,Electronics,10,500,10,Khulna,4500.0,2025,3,4,1,0
2025-03-04,Headphones,Electronics,8,80,0,Rajshahi,640.0,2025,3,4,1,0
2025-03-04,T-Shirt,Fashion,17,25,0,Dhaka,425.0,2025,3,4,1,0
2025-03-04,Sneakers,Fashion,10,60,10,Sylhet,540.0,2025,3,4,1,0
2025-03-04,Backpack,Fashion,7,40,0,Chattogram,280.0,2025,3,4,1,0
2025-03-04,Coffee Maker,Home & Kitchen,1,90,0,Chattogram,90.0,2025,3,4,1,0
2025-03-04,Blender,Home & Kitchen,8,55,0,Rajshahi,440.0,2025,3,4,1,0
2025-03-04,Desk Lamp,Home & Kitchen,16,30,0,Dhaka,480.0,2025,3,4,1,0
2025-03-04,Skincare Set,Beauty,11,45,5,Khulna,470.25,2025,3,4,1,0
2025-03-05,Laptop,Electronics,5,850,0,Khulna,4250.0,2025,3,5,2,0
2025-03-05,Smartphone,Electronics,1,500,5,Sylhet,475.0,2025,3,5,2,0
2025-03-05,Headphones,Electronics,5,80,0,Sylhet,400.0,2025,3,5,2,0
2025-03-05,T-Shirt,Fashion,14,25,0,Rajshahi,350.0,2025,3,5,2,0
2025-03-05,Sneakers,Fashion,7,60,0,Rajshahi,420.0,2025,3,5,2,0
2025-03-05,Backpack,Fashion,12,40,5,Dhaka,456.0,2025,3,5,2,0
2025-03-05,Coffee Maker,Home & Kitchen,9,90,0,Chattogram,810.0,2025,3,5,2,0
2025-03-05,Blender,Home & Kitchen,6,55,0,Khulna,330.0,2025,3,5,2,0
2025-03-05,Desk Lamp,Home & Kitchen,6,30,5,Sylhet,171.0,2025,3,5,2,0
2025-03-05,Skincare Set,Beauty,12,45,0,Khulna,540.0,2025,3,5,2,0
2025-03-06,Laptop,Electronics,4,850,5,Dhaka,3230.0,2025,3,6,3,0
2025-03-06,Smartphone,Electronics,8,500,0,Khulna,4000.0,2025,3,6,3,0
2025-03-06,Headphones,Electronics,9,80,15,Dhaka,612.0,2025,3,6,3,0
2025-03-06,T-Shirt,Fashion,8,25,15,Chattogram,170.0,2025,3,6,3,0
2025-03-06,Sneakers,Fashion,12,60,0,Dhaka,720.0,2025,3,6,3,0
2025-03-06,Backpack,Fashion,16,40,5,Khulna,608.0,2025,3,6,3,0
2025-03-06,Coffee Maker,Home & Kitchen,8,90,0,Khulna,720.0,2025,3,6,3,0
2025-03-06,Blender,Home & Kitchen,13,55,0,Dhaka,715.0,2025,3,6,3,0
2025-03-06,Desk Lamp,Home & Kitchen,8,30,5,Rajshahi,228.0,2025,3,6,3,0
2025-03-06,Skincare Set,Beauty,4,45,0,Khulna,180.0,2025,3,6,3,0
2025-03-07,Laptop,Electronics,1,850,10,Sylhet,765.0,2025,3,7,4,0
2025-03-07,Smartphone,Electronics,0,500,5,Khulna,0.0,2025,3,7,4,0
2025-03-07,Headphones,Electronics,12,80,5,Sylhet,912.0,2025,3,7,4,0
2025-03-07,T-Shirt,Fashion,14,25,0,Dhaka,350.0,2025,3,7,4,0
2025-03-07,Sneakers,Fashion,10,60,0,Sylhet,600.0,2025,3,7,4,0
2025-03-07,Backpack,Fashion,18,40,10,Dhaka,648.0,2025,3,7,4,0
2025-03-07,Coffee Maker,Home & Kitchen,3,90,5,Dhaka,256.5,2025,3,7,4,0
2025-03-07,Blender,Home & Kitchen,6,55,10,Chattogram,297.0,2025,3,7,4,0
2025-03-07,Desk Lamp,Home & Kitchen,8,30,0,Khulna,240.0,2025,3,7,4,0
2025-03-07,Skincare Set,Beauty,6,45,5,Sylhet,256.5,2025,3,7,4,0
2025-03-08,Laptop,Electronics,4,850,0,Sylhet,3400.0,2025,3,8,5,1
2025-03-08,Smartphone,Electronics,1,500,10,Chattogram,450.0,2025,3,8,5,1
2025-03-08,Headphones,Electronics,14,80,5,Chattogram,1064.0,2025,3,8,5,1
2025-03-08,T-Shirt,Fashion,17,25,0,Sylhet,425.0,2025,3,8,5,1
2025-03-08,Sneakers,Fashion,11,60,0,Khulna,660.0,2025,3,8,5,1
2025-03-08,Backpack,Fashion,7,40,10,Rajshahi,252.0,2025,3,8,5,1
2025-03-08,Coffee Maker,Home & Kitchen,3,90,5,Sylhet,256.5,2025,3,8,5,1
2025-03-08,Blender,Home & Kitchen,5,55,0,Khulna,275.0,2025,3,8,5,1
2025-03-08,Desk Lamp,Home & Kitchen,13,30,10,Chattogram,351.0,2025,3,8,5,1
2025-03-08,Skincare Set,Beauty,9,45,5,Sylhet,384.75,2025,3,8,5,1
2025-03-09,Laptop,Electronics,0,850,0,Sylhet,0.0,2025,3,9,6,1
2025-03-09,Smartphone,Electronics,3,500,10,Rajshahi,1350.0,2025,3,9,6,1
2025-03-09,Headphones,Electronics,11,80,0,Chattogram,880.0,2025,3,9,6,1
2025-03-09,T-Shirt,Fashion,22,25,5,Rajshahi,522.5,2025,3,9,6,1
2025-03-09,Sneakers,Fashion,12,60,10,Chattogram,648.0,2025,3,9,6,1
2025-03-09,Backpack,Fashion,13,40,10,Sylhet,468.0,2025,3,9,6,1
2025-03-09,Coffee Maker,Home & Kitchen,8,90,0,Khulna,720.0,2025,3,9,6,1
2025-03-09,Blender,Home & Kitchen,8,55,0,Dhaka,440.0,2025,3,9,6,1
2025-03-09,Desk Lamp,Home & Kitchen,8,30,15,Khulna,204.0,2025,3,9,6,1
2025-03-09,Skincare Set,Beauty,8,45,15,Sylhet,306.0,2025,3,9,6,1
2025-03-10,Laptop,Electronics,3,850,0,Khulna,2550.0,2025,3,10,0,0
2025-03-10,Smartphone,Electronics,7,500,0,Sylhet,3500.0,2025,3,10,0,0
2025-03-10,Headphones,Electronics,9,80,10,Khulna,648.0,2025,3,10,0,0
2025-03-10,T-Shirt,Fashion,18,25,0,Dhaka,450.0,2025,3,10,0,0
2025-03-10,Sneakers,Fashion,9,60,0,Chattogram,540.0,2025,3,10,0,0
2025-03-10,Backpack,Fashion,5,40,5,Dhaka,190.0,2025,3,10,0,0
2025-03-10,Coffee Maker,Home & Kitchen,9,90,0,Sylhet,810.0,2025,3,10,0,0
2025-03-10,Blender,Home & Kitchen,4,55,0,Sylhet,220.0,2025,3,10,0,0
2025-03-10,Desk Lamp,Home & Kitchen,21,30,5,Sylhet,598.5,2025,3,10,0,0
2025-03-10,Skincare Set,Beauty,13,45,15,Chattogram,497.25,2025,3,10,0,0
2025-03-11,Laptop,Electronics,2,850,5,Rajshahi,1615.0,2025,3,11,1,0
2025-03-11,Smartphone,Electronics,7,500,0,Chattogram,3500.0,2025,3,11,1,0
2025-03-11,Headphones,Electronics,8,80,0,Rajshahi,640.0,2025,3,11,1,0
2025-03-11,T-Shirt,Fashion,23,25,0,Khulna,575.0,2025,3,11,1,0
2025-03-11,Sneakers,Fashion,9,60,0,Sylhet,540.0,2025,3,11,1,0
2025-03-11,Backpack,Fashion,13,40,5,Khulna,494.0,2025,3,11,1,0
2025-03-11,Coffee Maker,Home & Kitchen,5,90,10,Khulna,405.0,2025,3,11,1,0
2025-03-11,Blender,Home & Kitchen,8,55,0,Khulna,440.0,2025,3,11,1,0
2025-03-11,Desk Lamp,Home & Kitchen,15,30,10,Rajshahi,405.0,2025,3,11,1,0
2025-03-11,Skincare Set,Beauty,11,45,0,Dhaka,495.0,2025,3,11,1,0
2025-03-12,Laptop,Electronics,5,850,0,Chattogram,4250.0,2025,3,12,2,0
2025-03-12,Smartphone,Electronics,9,500,0,Dhaka,4500.0,2025,3,12,2,0
2025-03-12,Headphones,Electronics,14,80,0,Dhaka,1120.0,2025,3,12,2,0
2025-03-12,T-Shirt,Fashion,8,25,5,Dhaka,190.0,2025,3,12,2,0
2025-03-12,Sneakers,Fashion,4,60,0,Khulna,240.0,2025,3,12,2,0
2025-03-12,Backpack,Fashion,12,40,5,Dhaka,456.0,2025,3,12,2,0
2025-03-12,Coffee Maker,Home & Kitchen,3,90,0,Rajshahi,270.0,2025,3,12,2,0
2025-03-12,Blender,Home & Kitchen,7,55,0,Chattogram,385.0,2025,3,12,2,0
2025-03-12,Desk Lamp,Home & Kitchen,12,30,5,Sylhet,342.0,2025,3,12,2,0
2025-03-12,Skincare Set,Beauty,12,45,0,Dhaka,540.0,2025,3,12,2,0
2025-03-13,Laptop,Electronics,1,850,0,Chattogram,850.0,2025,3,13,3,0
2025-03-13,Smartphone,Electronics,7,500,5,Sylhet,3325.0,2025,3,13,3,0
2025-03-13,Headphones,Electronics,12,80,15,Rajshahi,816.0,2025,3,13,3,0
2025-03-13,T-Shirt,Fashion,16,25,5,Sylhet,380.0,2025,3,13,3,0
2025-03-13,Sneakers,Fashion,8,60,10,Dhaka,432.0,2025,3,13,3,0
2025-03-13,Backpack,Fashion,14,40,0,Dhaka,560.0,2025,3,13,3,0
2025-03-13,Coffee Maker,Home & Kitchen,6,90,0,Rajshahi,540.0,2025,3,13,3,0
2025-03-13,Blender,Home & Kitchen,8,55,5,Khulna,418.0,2025,3,13,3,0
2025-03-13,Desk Lamp,Home & Kitchen,10,30,0,Dhaka,300.0,2025,3,13,3,0
2025-03-13,Skincare Set,Beauty,6,45,15,Rajshahi,229.5,2025,3,13,3,0
2025-03-14,Laptop,Electronics,5,850,5,Dhaka,4037.5,2025,3,14,4,0
2025-03-14,Smartphone,Electronics,6,500,10,Rajshahi,2700.0,2025,3,14,4,0
2025-03-14,Headphones,Electronics,9,80,5,Chattogram,684.0,2025,3,14,4,0
2025-03-14,T-Shirt,Fashion,14,25,0,Chattogram,350.0,2025,3,14,4,0
2025-03-14,Sneakers,Fashion,13,60,10,Chattogram,702.0,2025,3,14,4,0
2025-03-14,Backpack,Fashion,6,40,10,Dhaka,216.0,2025,3,14,4,0
2025-03-14,Coffee Maker,Home & Kitchen,4,90,5,Chattogram,342.0,2025,3,14,4,0
2025-03-14,Blender,Home & Kitchen,8,55,0,Khulna,440.0,2025,3,14,4,0
2025-03-14,Desk Lamp,Home & Kitchen,5,30,0,Dhaka,150.0,2025,3,14,4,0
2025-03-14,Skincare Set,Beauty,5,45,0,Rajshahi,225.0,2025,3,14,4,0
2025-03-15,Laptop,Electronics,6,850,5,Sylhet,4845.0,2025,3,15,5,1
2025-03-15,Smartphone,Electronics,9,500,0,Sylhet,4500.0,2025,3,15,5,1
2025-03-15,Headphones,Electronics,14,80,0,Chattogram,1120.0,2025,3,15,5,1
2025-03-15,T-Shirt,Fashion,27,25,15,Sylhet,573.75,2025,3,15,5,1
2025-03-15,Sneakers,Fashion,9,60,10,Dhaka,486.0,2025,3,15,5,1
2025-03-15,Backpack,Fashion,12,40,0,Khulna,480.0,2025,3,15,5,1
2025-03-15,Coffee Maker,Home & Kitchen,6,90,10,Rajshahi,486.0,2025,3,15,5,1
2025-03-15,Blender,Home & Kitchen,8,55,0,Rajshahi,440.0,2025,3,15,5,1
2025-03-15,Desk Lamp,Home & Kitchen,13,30,0,Rajshahi,390.0,2025,3,15,5,1
2025-03-15,Skincare Set,Beauty,14,45,0,Chattogram,630.0,2025,3,15,5,1
2025-03-16,Laptop,Electronics,5,850,5,Khulna,4037.5,2025,3,16,6,1
2025-03-16,Smartphone,Electronics,9,500,10,Sylhet,4050.0,2025,3,16,6,1
2025-03-16,Headphones,Electronics,9,80,10,Khulna,648.0,2025,3,16,6,1
2025-03-16,T-Shirt,Fashion,13,25,0,Khulna,325.0,2025,3,16,6,1
2025-03-16,Sneakers,Fashion,6,60,10,Dhaka,324.0,2025,3,16,6,1
2025-03-16,Backpack,Fashion,13,40,5,Rajshahi,494.0,2025,3,16,6,1
2025-03-16,Coffee Maker,Home & Kitchen,5,90,0,Rajshahi,450.0,2025,3,16,6,1
2025-03-16,Blender,Home & Kitchen,7,55,5,Chattogram,365.75,2025,3,16,6,1
2025-03-16,Desk Lamp,Home & Kitchen,15,30,10,Sylhet,405.0,2025,3,16,6,1
2025-03-16,Skincare Set,Beauty,14,45,5,Dhaka,598.5,2025,3,16,6,1
2025-03-17,Laptop,Electronics,2,850,10,Khulna,1530.0,2025,3,17,0,0
2025-03-17,Smartphone,Electronics,11,500,5,Dhaka,5225.0,2025,3,17,0,0
2025-03-17,Headphones,Electronics,12,80,0,Sylhet,960.0,2025,3,17,0,0
2025-03-17,T-Shirt,Fashion,11,25,10,Khulna,247.5,2025,3,17,0,0
2025-03-17,Sneakers,Fashion,7,60,5,Sylhet,399.0,2025,3,17,0,0
2025-03-17,Backpack,Fashion,8,40,5,Sylhet,304.0,2025,3,17,0,0
2025-03-17,Coffee Maker,Home & Kitchen,7,90,0,Rajshahi,630.0,2025,3,17,0,0
2025-03-17,Blender,Home & Kitchen,13,55,5,Chattogram,679.25,2025,3,17,0,0
2025-03-17,Desk Lamp,Home & Kitchen,20,30,10,Rajshahi,540.0,2025,3,17,0,0
2025-03-17,Skincare Set,Beauty,7,45,10,Khulna,283.5,2025,3,17,0,0
2025-03-18,Laptop,Electronics,5,850,5,Rajshahi,4037.5,2025,3,18,1,0
2025-03-18,Smartphone,Electronics,3,500,0,Chattogram,1500.0,2025,3,18,1,0
2025-03-18,Headphones,Electronics,8,80,5,Khulna,608.0,2025,3,18,1,0
2025-03-18,T-Shirt,Fashion,15,25,0,Sylhet,375.0,2025,3,18,1,0
2025-03-18,Sneakers,Fashion,5,60,0,Rajshahi,300.0,2025,3,18,1,0
2025-03-18,Backpack,Fashion,9,40,0,Khulna,360.0,2025,3,18,1,0
2025-03-18,Coffee Maker,Home & Kitchen,3,90,0,Chattogram,270.0,2025,3,18,1,0
2025-03-18,Blender,Home & Kitchen,7,55,5,Khulna,365.75,2025,3,18,1,0
2025-03-18,Desk Lamp,Home & Kitchen,12,30,0,Sylhet,360.0,2025,3,18,1,0
2025-03-18,Skincare Set,Beauty,7,45,0,Sylhet,315.0,2025,3,18,1,0
2025-03-19,Laptop,Electronics,4,850,0,Sylhet,3400.0,2025,3,19,2,0
2025-03-19,Smartphone,Electronics,5,500,0,Sylhet,2500.0,2025,3,19,2,0
2025-03-19,Headphones,Electronics,10,80,0,Dhaka,800.0,2025,3,19,2,0
2025-03-19,T-Shirt,Fashion,16,25,0,Dhaka,400.0,2025,3,19,2,0
2025-03-19,Sneakers,Fashion,8,60,0,Rajshahi,480.0,2025,3,19,2,0
2025-03-19,Backpack,Fashion,10,40,5,Sylhet,380.0,2025,3,19,2,0
2025-03-19,Coffee Maker,Home & Kitchen,8,90,5,Chattogram,684.0,2025,3,19,2,0
2025-03-19,Blender,Home & Kitchen,9,55,5,Chattogram,470.25,2025,3,19,2,0
2025-03-19,Desk Lamp,Home & Kitchen,8,30,0,Sylhet,240.0,2025,3,19,2,0
2025-03-19,Skincare Set,Beauty,9,45,0,Sylhet,405.0,2025,3,19,2,0
2025-03-20,Laptop,Electronics,3,850,0,Khulna,2550.0,2025,3,20,3,0
2025-03-20,Smartphone,Electronics,5,500,10,Rajshahi,2250.0,2025,3,20,3,0
2025-03-20,Headphones,Electronics,8,80,0,Dhaka,640.0,2025,3,20,3,0
2025-03-20,T-Shirt,Fashion,20,25,5,Khulna,475.0,2025,3,20,3,0
2025-03-20,Sneakers,Fashion,8,60,0,Rajshahi,480.0,2025,3,20,3,0
2025-03-20,Backpack,Fashion,11,40,0,Sylhet,440.0,2025,3,20,3,0
2025-03-20,Coffee Maker,Home & Kitchen,4,90,0,Rajshahi,360.0,2025,3,20,3,0
2025-03-20,Blender,Home & Kitchen,8,55,10,Khulna,396.0,2025,3,20,3,0
2025-03-20,Desk Lamp,Home & Kitchen,11,30,0,Rajshahi,330.0,2025,3,20,3,0
2025-03-20,Skincare Set,Beauty,9,45,5,Khulna,384.75,2025,3,20,3,0
2025-03-21,Laptop,Electronics,3,850,10,Sylhet,2295.0,2025,3,21,4,0
2025-03-21,Smartphone,Electronics,6,500,0,Rajshahi,3000.0,2025,3,21,4,0
2025-03-21,Headphones,Electronics,16,80,0,Sylhet,1280.0,2025,3,21,4,0
2025-03-21,T-Shirt,Fashion,15,25,5,Sylhet,356.25,2025,3,21,4,0
2025-03-21,Sneakers,Fashion,10,60,5,Rajshahi,570.0,2025,3,21,4,0
2025-03-21,Backpack,Fashion,11,40,0,Dhaka,440.0,2025,3,21,4,0
2025-03-21,Coffee Maker,Home & Kitchen,7,90,5,Dhaka,598.5,2025,3,21,4,0
2025-03-21,Blender,Home & Kitchen,7,55,0,Rajshahi,385.0,2025,3,21,4,0
2025-03-21,Desk Lamp,Home & Kitchen,9,30,5,Sylhet,256.5,2025,3,21,4,0
2025-03-21,Skincare Set,Beauty,15,45,5,Khulna,641.25,2025,3,21,4,0
2025-03-22,Laptop,Electronics,4,850,0,Khulna,3400.0,2025,3,22,5,1
2025-03-22,Smartphone,Electronics,9,500,5,Sylhet,4275.0,2025,3,22,5,1
2025-03-22,Headphones,Electronics,8,80,0,Sylhet,640.0,2025,3,22,5,1
2025-03-22,T-Shirt,Fashion,20,25,5,Rajshahi,475.0,2025,3,22,5,1
2025-03-22,Sneakers,Fashion,7,60,5,Rajshahi,399.0,2025,3,22,5,1
2025-03-22,Backpack,Fashion,9,40,0,Khulna,360.0,2025,3,22,5,1
2025-03-22,Coffee Maker,Home & Kitchen,10,90,10,Dhaka,810.0,2025,3,22,5,1
2025-03-22,Blender,Home & Kitchen,9,55,0,Khulna,495.0,2025,3,22,5,1
2025-03-22,Desk Lamp,Home & Kitchen,11,30,0,Dhaka,330.0,2025,3,22,5,1
2025-03-22,Skincare Set,Beauty,7,45,0,Chattogram,315.0,2025,3,22,5,1
2025-03-23,Laptop,Electronics,2,850,0,Sylhet,1700.0,2025,3,23,6,1
2025-03-23,Smartphone,Electronics,4,500,0,Rajshahi,2000.0,2025,3,23,6,1
2025-03-23,Headphones,Electronics,10,80,15,Khulna,680.0,2025,3,23,6,1
2025-03-23,T-Shirt,Fashion,11,25,5,Dhaka,261.25,2025,3,23,6,1
2025-03-23,Sneakers,Fashion,11,60,5,Dhaka,627.0,2025,3,23,6,1
2025-03-23,Backpack,Fashion,11,40,5,Chattogram,418.0,2025,3,23,6,1
2025-03-23,Coffee Maker,Home & Kitchen,6,90,0,Rajshahi,540.0,2025,3,23,6,1
2025-03-23,Blender,Home & Kitchen,9,55,10,Chattogram,445.5,2025,3,23,6,1
2025-03-23,Desk Lamp,Home & Kitchen,12,30,0,Chattogram,360.0,2025,3,23,6,1
2025-03-23,Skincare Set,Beauty,20,45,10,Sylhet,810.0,2025,3,23,6,1
2025-03-24,Laptop,Electronics,2,850,0,Rajshahi,1700.0,2025,3,24,0,0
2025-03-24,Smartphone,Electronics,8,500,10,Sylhet,3600.0,2025,3,24,0,0
2025-03-24,Headphones,Electronics,10,80,10,Dhaka,720.0,2025,3,24,0,0
2025-03-24,T-Shirt,Fashion,10,25,0,Rajshahi,250.0,2025,3,24,0,0
2025-03-24,Sneakers,Fashion,7,60,5,Chattogram,399.0,2025,3,24,0,0
2025-03-24,Backpack,Fashion,8,40,0,Sylhet,320.0,2025,3,24,0,0
2025-03-24,Coffee Maker,Home & Kitchen,6,90,5,Rajshahi,513.0,2025,3,24,0,0
2025-03-24,Blender,Home & Kitchen,6,55,0,Chattogram,330.0,2025,3,24,0,0
2025-03-24,Desk Lamp,Home & Kitchen,11,30,0,Khulna,330.0,2025,3,24,0,0
2025-03-24,Skincare Set,Beauty,7,45,0,Rajshahi,315.0,2025,3,24,0,0
2025-03-25,Laptop,Electronics,5,850,0,Chattogram,4250.0,2025,3,25,1,0
2025-03-25,Smartphone,Electronics,5,500,15,Sylhet,2125.0,2025,3,25,1,0
2025-03-25,Headphones,Electronics,7,80,5,Sylhet,532.0,2025,3,25,1,0
2025-03-25,T-Shirt,Fashion,12,25,10,Sylhet,270.0,2025,3,25,1,0
2025-03-25,Sneakers,Fashion,11,60,5,Sylhet,627.0,2025,3,25,1,0
2025-03-25,Backpack,Fashion,9,40,10,Chattogram,324.0,2025,3,25,1,0
2025-03-25,Coffee Maker,Home & Kitchen,10,90,5,Khulna,855.0,2025,3,25,1,0
2025-03-25,Blender,Home & Kitchen,9,55,5,Rajshahi,470.25,2025,3,25,1,0
2025-03-25,Desk Lamp,Home & Kitchen,15,30,5,Dhaka,427.5,2025,3,25,1,0
2025-03-25,Skincare Set,Beauty,7,45,0,Chattogram,315.0,2025,3,25,1,0
2025-03-26,Laptop,Electronics,1,850,5,Khulna,807.5,2025,3,26,2,0
2025-03-26,Smartphone,Electronics,8,500,10,Dhaka,3600.0,2025,3,26,2,0
2025-03-26,Headphones,Electronics,6,80,0,Rajshahi,480.0,2025,3,26,2,0
2025-03-26,T-Shirt,Fashion,8,25,0,Dhaka,200.0,2025,3,26,2,0
2025-03-26,Sneakers,Fashion,9,60,15,Chattogram,459.0,2025,3,26,2,0
2025-03-26,Backpack,Fashion,15,40,5,Dhaka,570.0,2025,3,26,2,0
2025-03-26,Coffee Maker,Home & Kitchen,6,90,5,Chattogram,513.0,2025,3,26,2,0
2025-03-26,Blender,Home & Kitchen,5,55,0,Chattogram,275.0,2025,3,26,2,0
2025-03-26,Desk Lamp,Home & Kitchen,8,30,5,Rajshahi,228.0,2025,3,26,2,0
2025-03-26,Skincare Set,Beauty,12,45,0,Chattogram,540.0,2025,3,26,2,0
2025-03-27,Laptop,Electronics,5,850,0,Chattogram,4250.0,2025,3,27,3,0
2025-03-27,Smartphone,Electronics,8,500,0,Sylhet,4000.0,2025,3,27,3,0
2025-03-27,Headphones,Electronics,13,80,5,Dhaka,988.0,2025,3,27,3,0
2025-03-27,T-Shirt,Fashion,10,25,0,Dhaka,250.0,2025,3,27,3,0
2025-03-27,Sneakers,Fashion,11,60,5,Sylhet,627.0,2025,3,27,3,0
2025-03-27,Backpack,Fashion,10,40,0,Chattogram,400.0,2025,3,27,3,0
2025-03-27,Coffee Maker,Home & Kitchen,8,90,0,Sylhet,720.0,2025,3,27,3,0
2025-03-27,Blender,Home & Kitchen,9,55,0,Khulna,495.0,2025,3,27,3,0
2025-03-27,Desk Lamp,Home & Kitchen,15,30,0,Khulna,450.0,2025,3,27,3,0
2025-03-27,Skincare Set,Beauty,7,45,0,Sylhet,315.0,2025,3,27,3,0
2025-03-28,Laptop,Electronics,2,850,5,Chattogram,1615.0,2025,3,28,4,0
2025-03-28,Smartphone,Electronics,6,500,5,Rajshahi,2850.0,2025,3,28,4,0
2025-03-28,Headphones,Electronics,12,80,0,Rajshahi,960.0,2025,3,28,4,0
2025-03-28,T-Shirt,Fashion,12,25,10,Sylhet,270.0,2025,3,28,4,0
2025-03-28,Sneakers,Fashion,6,60,15,Chattogram,306.0,2025,3,28,4,0
2025-03-28,Backpack,Fashion,15,40,0,Rajshahi,600.0,2025,3,28,4,0
2025-03-28,Coffee Maker,Home & Kitchen,10,90,15,Khulna,765.0,2025,3,28,4,0
2025-03-28,Blender,Home & Kitchen,8,55,10,Dhaka,396.0,2025,3,28,4,0
2025-03-28,Desk Lamp,Home & Kitchen,7,30,15,Rajshahi,178.5,2025,3,28,4,0
2025-03-28,Skincare Set,Beauty,9,45,10,Chattogram,364.5,2025,3,28,4,0
2025-03-29,Laptop,Electronics,2,850,5,Dhaka,1615.0,2025,3,29,5,1
2025-03-29,Smartphone,Electronics,2,500,0,Khulna,1000.0,2025,3,29,5,1
2025-03-29,Headphones,Electronics,13,80,5,Sylhet,988.0,2025,3,29,5,1
2025-03-29,T-Shirt,Fashion,14,25,0,Dhaka,350.0,2025,3,29,5,1
2025-03-29,Sneakers,Fashion,7,60,0,Rajshahi,420.0,2025,3,29,5,1
2025-03-29,Backpack,Fashion,8,40,0,Sylhet,320.0,2025,3,29,5,1
2025-03-29,Coffee Maker,Home & Kitchen,8,90,5,Dhaka,684.0,2025,3,29,5,1
2025-03-29,Blender,Home & Kitchen,14,55,5,Chattogram,731.5,2025,3,29,5,1
2025-03-29,Desk Lamp,Home & Kitchen,14,30,0,Khulna,420.0,2025,3,29,5,1
2025-03-29,Skincare Set,Beauty,11,45,0,Sylhet,495.0,2025,3,29,5,1
2025-03-30,Laptop,Electronics,3,850,10,Chattogram,2295.0,2025,3,30,6,1
2025-03-30,Smartphone,Electronics,5,500,0,Rajshahi,2500.0,2025,3,30,6,1
2025-03-30,Headphones,Electronics,11,80,10,Rajshahi,792.0,2025,3,30,6,1
2025-03-30,T-Shirt,Fashion,14,25,0,Rajshahi,350.0,2025,3,30,6,1
2025-03-30,Sneakers,Fashion,5,60,0,Dhaka,300.0,2025,3,30,6,1
2025-03-30,Backpack,Fashion,17,40,5,Dhaka,646.0,2025,3,30,6,1
2025-03-30,Coffee Maker,Home & Kitchen,6,90,10,Sylhet,486.0,2025,3,30,6,1
2025-03-30,Blender,Home & Kitchen,6,55,15,Rajshahi,280.5,2025,3,30,6,1
2025-03-30,Desk Lamp,Home & Kitchen,9,30,0,Khulna,270.0,2025,3,30,6,1
2025-03-30,Skincare Set,Beauty,12,45,15,Khulna,459.0,2025,3,30,6,1
2025-03-31,Laptop,Electronics,3,850,0,Rajshahi,2550.0,2025,3,31,0,0
2025-03-31,Smartphone,Electronics,2,500,5,Sylhet,950.0,2025,3,31,0,0
2025-03-31,Headphones,Electronics,6,80,5,Sylhet,456.0,2025,3,31,0,0
2025-03-31,T-Shirt,Fashion,17,25,0,Rajshahi,425.0,2025,3,31,0,0
2025-03-31,Sneakers,Fashion,13,60,10,Dhaka,702.0,2025,3,31,0,0
2025-03-31,Backpack,Fashion,12,40,10,Rajshahi,432.0,2025,3,31,0,0
2025-03-31,Coffee Maker,Home & Kitchen,9,90,0,Khulna,810.0,2025,3,31,0,0
2025-03-31,Blender,Home & Kitchen,3,55,10,Chattogram,148.5,2025,3,31,0,0
2025-03-31,Desk Lamp,Home & Kitchen,11,30,10,Dhaka,297.0,2025,3,31,0,0
2025-03-31,Skincare Set,Beauty,12,45,0,Rajshahi,540.0,2025,3,31,0,0
2025-04-01,Laptop,Electronics,2,850,0,Dhaka,1700.0,2025,4,1,1,0
2025-04-01,Smartphone,Electronics,3,500,5,Rajshahi,1425.0,2025,4,1,1,0
2025-04-01,Headphones,Electronics,9,80,10,Khulna,648.0,2025,4,1,1,0
2025-04-01,T-Shirt,Fashion,11,25,0,Rajshahi,275.0,2025,4,1,1,0
2025-04-01,Sneakers,Fashion,6,60,0,Khulna,360.0,2025,4,1,1,0
2025-04-01,Backpack,Fashion,14,40,0,Dhaka,560.0,2025,4,1,1,0
2025-04-01,Coffee Maker,Home & Kitchen,2,90,0,Chattogram,180.0,2025,4,1,1,0
2025-04-01,Blender,Home & Kitchen,7,55,0,Chattogram,385.0,2025,4,1,1,0
2025-04-01,Desk Lamp,Home & Kitchen,12,30,5,Dhaka,342.0,2025,4,1,1,0
2025-04-01,Skincare Set,Beauty,10,45,5,Rajshahi,427.5,2025,4,1,1,0
2025-04-02,Laptop,Electronics,2,850,10,Khulna,1530.0,2025,4,2,2,0
2025-04-02,Smartphone,Electronics,10,500,10,Chattogram,4500.0,2025,4,2,2,0
2025-04-02,Headphones,Electronics,7,80,0,Rajshahi,560.0,2025,4,2,2,0
2025-04-02,T-Shirt,Fashion,14,25,5,Sylhet,332.5,2025,4,2,2,0
2025-04-02,Sneakers,Fashion,15,60,10,Chattogram,810.0,2025,4,2,2,0
2025-04-02,Backpack,Fashion,10,40,5,Sylhet,380.0,2025,4,2,2,0
2025-04-02,Coffee Maker,Home & Kitchen,6,90,5,Chattogram,513.0,2025,4,2,2,0
2025-04-02,Blender,Home & Kitchen,8,55,0,Dhaka,440.0,2025,4,2,2,0
2025-04-02,Desk Lamp,Home & Kitchen,9,30,5,Dhaka,256.5,2025,4,2,2,0
2025-04-02,Skincare Set,Beauty,7,45,10,Sylhet,283.5,2025,4,2,2,0
2025-04-03,Laptop,Electronics,4,850,5,Chattogram,3230.0,2025,4,3,3,0
2025-04-03,Smartphone,Electronics,3,500,0,Dhaka,1500.0,2025,4,3,3,0
2025-04-03,Headphones,Electronics,11,80,0,Sylhet,880.0,2025,4,3,3,0
2025-04-03,T-Shirt,Fashion,16,25,5,Chattogram,380.0,2025,4,3,3,0
2025-04-03,Sneakers,Fashion,9,60,5,Rajshahi,513.0,2025,4,3,3,0
2025-04-03,Backpack,Fashion,7,40,5,Rajshahi,266.0,2025,4,3,3,0
2025-04-03,Coffee Maker,Home & Kitchen,7,90,10,Chattogram,567.0,2025,4,3,3,0
2025-04-03,Blender,Home & Kitchen,9,55,0,Sylhet,495.0,2025,4,3,3,0
2025-04-03,Desk Lamp,Home & Kitchen,12,30,0,Sylhet,360.0,2025,4,3,3,0
2025-04-03,Skincare Set,Beauty,9,45,10,Chattogram,364.5,2025,4,3,3,0
2025-04-04,Laptop,Electronics,4,850,0,Sylhet,3400.0,2025,4,4,4,0
2025-04-04,Smartphone,Electronics,7,500,5,Sylhet,3325.0,2025,4,4,4,0
2025-04-04,Headphones,Electronics,12,80,5,Sylhet,912.0,2025,4,4,4,0
2025-04-04,T-Shirt,Fashion,13,25,15,Khulna,276.25,2025,4,4,4,0
2025-04-04,Sneakers,Fashion,9,60,0,Dhaka,540.0,2025,4,4,4,0
2025-04-04,Backpack,Fashion,9,40,0,Sylhet,360.0,2025,4,4,4,0
2025-04-04,Coffee Maker,Home & Kitchen,4,90,0,Rajshahi,360.0,2025,4,4,4,0
2025-04-04,Blender,Home & Kitchen,6,55,5,Chattogram,313.5,2025,4,4,4,0
2025-04-04,Desk Lamp,Home & Kitchen,13,30,0,Chattogram,390.0,2025,4,4,4,0
2025-04-04,Skincare Set,Beauty,11,45,10,Rajshahi,445.5,2025,4,4,4,0
2025-04-05,Laptop,Electronics,6,850,5,Khulna,4845.0,2025,4,5,5,1
2025-04-05,Smartphone,Electronics,11,500,0,Chattogram,5500.0,2025,4,5,5,1
2025-04-05,Headphones,Electronics,12,80,0,Rajshahi,960.0,2025,4,5,5,1
2025-04-05,T-Shirt,Fashion,14,25,0,Dhaka,350.0,2025,4,5,5,1
2025-04-05,Sneakers,Fashion,6,60,5,Sylhet,342.0,2025,4,5,5,1
2025-04-05,Backpack,Fashion,13,40,5,Sylhet,494.0,2025,4,5,5,1
2025-04-05,Coffee Maker,Home & Kitchen,2,90,0,Khulna,180.0,2025,4,5,5,1
2025-04-05,Blender,Home & Kitchen,11,55,5,Chattogram,574.75,2025,4,5,5,1
2025-04-05,Desk Lamp,Home & Kitchen,8,30,0,Sylhet,240.0,2025,4,5,5,1
2025-04-05,Skincare Set,Beauty,11,45,10,Dhaka,445.5,2025,4,5,5,1
2025-04-06,Laptop,Electronics,5,850,10,Rajshahi,3825.0,2025,4,6,6,1
2025-04-06,Smartphone,Electronics,6,500,5,Rajshahi,2850.0,2025,4,6,6,1
2025-04-06,Headphones,Electronics,12,80,10,Khulna,864.0,2025,4,6,6,1
2025-04-06,T-Shirt,Fashion,16,25,10,Dhaka,360.0,2025,4,6,6,1
2025-04-06,Sneakers,Fashion,10,60,5,Khulna,570.0,2025,4,6,6,1
2025-04-06,Backpack,Fashion,8,40,0,Rajshahi,320.0,2025,4,6,6,1
2025-04-06,Coffee Maker,Home & Kitchen,9,90,5,Dhaka,769.5,2025,4,6,6,1
2025-04-06,Blender,Home & Kitchen,11,55,5,Chattogram,574.75,2025,4,6,6,1
2025-04-06,Desk Lamp,Home & Kitchen,15,30,0,Chattogram,450.0,2025,4,6,6,1
2025-04-06,Skincare Set,Beauty,16,45,0,Chattogram,720.0,2025,4,6,6,1
2025-04-07,Laptop,Electronics,4,850,10,Dhaka,3060.0,2025,4,7,0,0
2025-04-07,Smartphone,Electronics,5,500,5,Khulna,2375.0,2025,4,7,0,0
2025-04-07,Headphones,Electronics,10,80,0,Chattogram,800.0,2025,4,7,0,0
2025-04-07,T-Shirt,Fashion,12,25,10,Sylhet,270.0,2025,4,7,0,0
2025-04-07,Sneakers,Fashion,9,60,0,Rajshahi,540.0,2025,4,7,0,0
2025-04-07,Backpack,Fashion,11,40,5,Khulna,418.0,2025,4,7,0,0
2025-04-07,Coffee Maker,Home & Kitchen,6,90,5,Sylhet,513.0,2025,4,7,0,0
2025-04-07,Blender,Home & Kitchen,3,55,5,Dhaka,156.75,2025,4,7,0,0
2025-04-07,Desk Lamp,Home & Kitchen,6,30,0,Chattogram,180.0,2025,4,7,0,0
2025-04-07,Skincare Set,Beauty,13,45,5,Khulna,555.75,2025,4,7,0,0
2025-04-08,Laptop,Electronics,2,850,10,Chattogram,1530.0,2025,4,8,1,0
2025-04-08,Smartphone,Electronics,5,500,5,Chattogram,2375.0,2025,4,8,1,0
2025-04-08,Headphones,Electronics,7,80,10,Dhaka,504.0,2025,4,8,1,0
2025-04-08,T-Shirt,Fashion,15,25,0,Chattogram,375.0,2025,4,8,1,0
2025-04-08,Sneakers,Fashion,14,60,0,Khulna,840.0,2025,4,8,1,0
2025-04-08,Backpack,Fashion,7,40,5,Dhaka,266.0,2025,4,8,1,0
2025-04-08,Coffee Maker,Home & Kitchen,6,90,10,Chattogram,486.0,2025,4,8,1,0
2025-04-08,Blender,Home & Kitchen,8,55,5,Khulna,418.0,2025,4,8,1,0
2025-04-08,Desk Lamp,Home & Kitchen,10,30,0,Chattogram,300.0,2025,4,8,1,0
2025-04-08,Skincare Set,Beauty,18,45,5,Khulna,769.5,2025,4,8,1,0
2025-04-09,Laptop,Electronics,7,850,0,Khulna,5950.0,2025,4,9,2,0
2025-04-09,Smartphone,Electronics,7,500,5,Rajshahi,3325.0,2025,4,9,2,0
2025-04-09,Headphones,Electronics,10,80,0,Chattogram,800.0,2025,4,9,2,0
2025-04-09,T-Shirt,Fashion,13,25,5,Dhaka,308.75,2025,4,9,2,0
2025-04-09,Sneakers,Fashion,10,60,5,Rajshahi,570.0,2025,4,9,2,0
2025-04-09,Backpack,Fashion,13,40,5,Sylhet,494.0,2025,4,9,2,0
2025-04-09,Coffee Maker,Home & Kitchen,7,90,5,Dhaka,598.5,2025,4,9,2,0
2025-04-09,Blender,Home & Kitchen,5,55,10,Rajshahi,247.5,2025,4,9,2,0
2025-04-09,Desk Lamp,Home & Kitchen,15,30,10,Chattogram,405.0,2025,4,9,2,0
2025-04-09,Skincare Set,Beauty,11,45,10,Chattogram,445.5,2025,4,9,2,0
2025-04-10,Laptop,Electronics,1,850,5,Khulna,807.5,2025,4,10,3,0
2025-04-10,Smartphone,Electronics,1,500,0,Sylhet,500.0,2025,4,10,3,0
2025-04-10,Headphones,Electronics,18,80,0,Dhaka,1440.0,2025,4,10,3,0
2025-04-10,T-Shirt,Fashion,8,25,5,Chattogram,190.0,2025,4,10,3,0
2025-04-10,Sneakers,Fashion,7,60,0,Rajshahi,420.0,2025,4,10,3,0
2025-04-10,Backpack,Fashion,15,40,5,Sylhet,570.0,2025,4,10,3,0
2025-04-10,Coffee Maker,Home & Kitchen,7,90,0,Sylhet,630.0,2025,4,10,3,0
2025-04-10,Blender,Home & Kitchen,6,55,5,Dhaka,313.5,2025,4,10,3,0
2025-04-10,Desk Lamp,Home & Kitchen,12,30,10,Chattogram,324.0,2025,4,10,3,0
2025-04-10,Skincare Set,Beauty,9,45,5,Khulna,384.75,2025,4,10,3,0
2025-04-11,Laptop,Electronics,1,850,0,Chattogram,850.0,2025,4,11,4,0
2025-04-11,Smartphone,Electronics,5,500,0,Sylhet,2500.0,2025,4,11,4,0
2025-04-11,Headphones,Electronics,12,80,10,Chattogram,864.0,2025,4,11,4,0
2025-04-11,T-Shirt,Fashion,12,25,10,Rajshahi,270.0,2025,4,11,4,0
2025-04-11,Sneakers,Fashion,9,60,0,Rajshahi,540.0,2025,4,11,4,0
2025-04-11,Backpack,Fashion,7,40,5,Rajshahi,266.0,2025,4,11,4,0
2025-04-11,Coffee Maker,Home & Kitchen,5,90,5,Rajshahi,427.5,2025,4,11,4,0
2025-04-11,Blender,Home & Kitchen,16,55,5,Sylhet,836.0,2025,4,11,4,0
2025-04-11,Desk Lamp,Home & Kitchen,20,30,10,Khulna,540.0,2025,4,11,4,0
2025-04-11,Skincare Set,Beauty,9,45,0,Chattogram,405.0,2025,4,11,4,0
2025-04-12,Laptop,Electronics,5,850,5,Dhaka,4037.5,2025,4,12,5,1
2025-04-12,Smartphone,Electronics,8,500,5,Dhaka,3800.0,2025,4,12,5,1
2025-04-12,Headphones,Electronics,13,80,0,Rajshahi,1040.0,2025,4,12,5,1
2025-04-12,T-Shirt,Fashion,8,25,0,Sylhet,200.0,2025,4,12,5,1
2025-04-12,Sneakers,Fashion,9,60,10,Chattogram,486.0,2025,4,12,5,1
2025-04-12,Backpack,Fashion,9,40,5,Khulna,342.0,2025,4,12,5,1
2025-04-12,Coffee Maker,Home & Kitchen,6,90,10,Dhaka,486.0,2025,4,12,5,1
2025-04-12,Blender,Home & Kitchen,9,55,10,Chattogram,445.5,2025,4,12,5,1
2025-04-12,Desk Lamp,Home & Kitchen,15,30,0,Sylhet,450.0,2025,4,12,5,1
2025-04-12,Skincare Set,Beauty,12,45,10,Chattogram,486.0,2025,4,12,5,1
2025-04-13,Laptop,Electronics,2,850,5,Dhaka,1615.0,2025,4,13,6,1
2025-04-13,Smartphone,Electronics,6,500,0,Khulna,3000.0,2025,4,13,6,1
2025-04-13,Headphones,Electronics,13,80,10,Dhaka,936.0,2025,4,13,6,1
2025-04-13,T-Shirt,Fashion,21,25,0,Chattogram,525.0,2025,4,13,6,1
2025-04-13,Sneakers,Fashion,12,60,5,Dhaka,684.0,2025,4,13,6,1
2025-04-13,Backpack,Fashion,4,40,0,Dhaka,160.0,2025,4,13,6,1
2025-04-13,Coffee Maker,Home & Kitchen,7,90,10,Dhaka,567.0,2025,4,13,6,1
2025-04-13,Blender,Home & Kitchen,15,55,0,Chattogram,825.0,2025,4,13,6,1
2025-04-13,Desk Lamp,Home & Kitchen,9,30,5,Sylhet,256.5,2025,4,13,6,1
2025-04-13,Skincare Set,Beauty,11,45,5,Rajshahi,470.25,2025,4,13,6,1
2025-04-14,Laptop,Electronics,4,850,10,Rajshahi,3060.0,2025,4,14,0,0
2025-04-14,Smartphone,Electronics,3,500,10,Dhaka,1350.0,2025,4,14,0,0
2025-04-14,Headphones,Electronics,9,80,10,Khulna,648.0,2025,4,14,0,0
2025-04-14,T-Shirt,Fashion,21,25,0,Sylhet,525.0,2025,4,14,0,0
2025-04-14,Sneakers,Fashion,5,60,5,Rajshahi,285.0,2025,4,14,0,0
2025-04-14,Backpack,Fashion,9,40,5,Dhaka,342.0,2025,4,14,0,0
2025-04-14,Coffee Maker,Home & Kitchen,5,90,0,Chattogram,450.0,2025,4,14,0,0
2025-04-14,Blender,Home & Kitchen,7,55,0,Khulna,385.0,2025,4,14,0,0
2025-04-14,Desk Lamp,Home & Kitchen,10,30,0,Dhaka,300.0,2025,4,14,0,0
2025-04-14,Skincare Set,Beauty,10,45,5,Khulna,427.5,2025,4,14,0,0
2025-04-15,Laptop,Electronics,7,850,15,Khulna,5057.5,2025,4,15,1,0
2025-04-15,Smartphone,Electronics,2,500,0,Khulna,1000.0,2025,4,15,1,0
2025-04-15,Headphones,Electronics,10,80,5,Sylhet,760.0,2025,4,15,1,0
2025-04-15,T-Shirt,Fashion,15,25,0,Rajshahi,375.0,2025,4,15,1,0
2025-04-15,Sneakers,Fashion,6,60,10,Sylhet,324.0,2025,4,15,1,0
2025-04-15,Backpack,Fashion,8,40,0,Chattogram,320.0,2025,4,15,1,0
2025-04-15,Coffee Maker,Home & Kitchen,4,90,0,Rajshahi,360.0,2025,4,15,1,0
2025-04-15,Blender,Home & Kitchen,12,55,5,Chattogram,627.0,2025,4,15,1,0
2025-04-15,Desk Lamp,Home & Kitchen,13,30,0,Khulna,390.0,2025,4,15,1,0
2025-04-15,Skincare Set,Beauty,13,45,5,Chattogram,555.75,2025,4,15,1,0
2025-04-16,Laptop,Electronics,7,850,10,Dhaka,5355.0,2025,4,16,2,0
2025-04-16,Smartphone,Electronics,9,500,5,Rajshahi,4275.0,2025,4,16,2,0
2025-04-16,Headphones,Electronics,17,80,15,Sylhet,1156.0,2025,4,16,2,0
2025-04-16,T-Shirt,Fashion,11,25,0,Dhaka,275.0,2025,4,16,2,0
2025-04-16,Sneakers,Fashion,12,60,0,Chattogram,720.0,2025,4,16,2,0
2025-04-16,Backpack,Fashion,9,40,5,Khulna,342.0,2025,4,16,2,0
2025-04-16,Coffee Maker,Home & Kitchen,5,90,10,Rajshahi,405.0,2025,4,16,2,0
2025-04-16,Blender,Home & Kitchen,7,55,10,Dhaka,346.5,2025,4,16,2,0
2025-04-16,Desk Lamp,Home & Kitchen,9,30,0,Khulna,270.0,2025,4,16,2,0
2025-04-16,Skincare Set,Beauty,12,45,0,Khulna,540.0,2025,4,16,2,0
2025-04-17,Laptop,Electronics,5,850,0,Chattogram,4250.0,2025,4,17,3,0
2025-04-17,Smartphone,Electronics,4,500,10,Sylhet,1800.0,2025,4,17,3,0
2025-04-17,Headphones,Electronics,11,80,0,Sylhet,880.0,2025,4,17,3,0
2025-04-17,T-Shirt,Fashion,23,25,0,Dhaka,575.0,2025,4,17,3,0
2025-04-17,Sneakers,Fashion,6,60,5,Sylhet,342.0,2025,4,17,3,0
2025-04-17,Backpack,Fashion,12,40,10,Chattogram,432.0,2025,4,17,3,0
2025-04-17,Coffee Maker,Home & Kitchen,5,90,0,Rajshahi,450.0,2025,4,17,3,0
2025-04-17,Blender,Home & Kitchen,5,55,10,Sylhet,247.5,2025,4,17,3,0
2025-04-17,Desk Lamp,Home & Kitchen,12,30,10,Chattogram,324.0,2025,4,17,3,0
2025-04-17,Skincare Set,Beauty,13,45,0,Rajshahi,585.0,2025,4,17,3,0
2025-04-18,Laptop,Electronics,3,850,10,Rajshahi,2295.0,2025,4,18,4,0
2025-04-18,Smartphone,Electronics,10,500,15,Dhaka,4250.0,2025,4,18,4,0
2025-04-18,Headphones,Electronics,13,80,15,Sylhet,884.0,2025,4,18,4,0
2025-04-18,T-Shirt,Fashion,18,25,5,Chattogram,427.5,2025,4,18,4,0
2025-04-18,Sneakers,Fashion,10,60,10,Rajshahi,540.0,2025,4,18,4,0
2025-04-18,Backpack,Fashion,14,40,0,Chattogram,560.0,2025,4,18,4,0
2025-04-18,Coffee Maker,Home & Kitchen,6,90,0,Dhaka,540.0,2025,4,18,4,0
2025-04-18,Blender,Home & Kitchen,6,55,5,Chattogram,313.5,2025,4,18,4,0
2025-04-18,Desk Lamp,Home & Kitchen,9,30,5,Chattogram,256.5,2025,4,18,4,0
2025-04-18,Skincare Set,Beauty,13,45,0,Khulna,585.0,2025,4,18,4,0
2025-04-19,Laptop,Electronics,3,850,10,Dhaka,2295.0,2025,4,19,5,1
2025-04-19,Smartphone,Electronics,4,500,5,Khulna,1900.0,2025,4,19,5,1
2025-04-19,Headphones,Electronics,12,80,5,Sylhet,912.0,2025,4,19,5,1
2025-04-19,T-Shirt,Fashion,12,25,0,Dhaka,300.0,2025,4,19,5,1
2025-04-19,Sneakers,Fashion,6,60,0,Rajshahi,360.0,2025,4,19,5,1
2025-04-19,Backpack,Fashion,9,40,0,Rajshahi,360.0,2025,4,19,5,1
2025-04-19,Coffee Maker,Home & Kitchen,12,90,5,Dhaka,1026.0,2025,4,19,5,1
2025-04-19,Blender,Home & Kitchen,11,55,5,Rajshahi,574.75,2025,4,19,5,1
2025-04-19,Desk Lamp,Home & Kitchen,13,30,10,Dhaka,351.0,2025,4,19,5,1
2025-04-19,Skincare Set,Beauty,8,45,0,Sylhet,360.0,2025,4,19,5,1
2025-04-20,Laptop,Electronics,5,850,5,Sylhet,4037.5,2025,4,20,6,1
2025-04-20,Smartphone,Electronics,7,500,5,Chattogram,3325.0,2025,4,20,6,1
2025-04-20,Headphones,Electronics,15,80,10,Khulna,1080.0,2025,4,20,6,1
2025-04-20,T-Shirt,Fashion,26,25,0,Rajshahi,650.0,2025,4,20,6,1
2025-04-20,Sneakers,Fashion,14,60,0,Rajshahi,840.0,2025,4,20,6,1
2025-04-20,Backpack,Fashion,4,40,0,Sylhet,160.0,2025,4,20,6,1
2025-04-20,Coffee Maker,Home & Kitchen,8,90,0,Sylhet,720.0,2025,4,20,6,1
2025-04-20,Blender,Home & Kitchen,7,55,5,Dhaka,365.75,2025,4,20,6,1
2025-04-20,Desk Lamp,Home & Kitchen,12,30,0,Khulna,360.0,2025,4,20,6,1
2025-04-20,Skincare Set,Beauty,16,45,5,Sylhet,684.0,2025,4,20,6,1
2025-04-21,Laptop,Electronics,4,850,0,Sylhet,3400.0,2025,4,21,0,0
2025-04-21,Smartphone,Electronics,4,500,10,Sylhet,1800.0,2025,4,21,0,0
2025-04-21,Headphones,Electronics,11,80,10,Dhaka,792.0,2025,4,21,0,0
2025-04-21,T-Shirt,Fashion,14,25,0,Rajshahi,350.0,2025,4,21,0,0
2025-04-21,Sneakers,Fashion,5,60,0,Khulna,300.0,2025,4,21,0,0
2025-04-21,Backpack,Fashion,7,40,15,Dhaka,238.0,2025,4,21,0,0
2025-04-21,Coffee Maker,Home & Kitchen,5,90,15,Chattogram,382.5,2025,4,21,0,0
2025-04-21,Blender,Home & Kitchen,10,55,0,Sylhet,550.0,2025,4,21,0,0
2025-04-21,Desk Lamp,Home & Kitchen,12,30,5,Dhaka,342.0,2025,4,21,0,0
2025-04-21,Skincare Set,Beauty,7,45,0,Rajshahi,315.0,2025,4,21,0,0
2025-04-22,Laptop,Electronics,4,850,0,Dhaka,3400.0,2025,4,22,1,0
2025-04-22,Smartphone,Electronics,5,500,5,Khulna,2375.0,2025,4,22,1,0
2025-04-22,Headphones,Electronics,8,80,5,Chattogram,608.0,2025,4,22,1,0
2025-04-22,T-Shirt,Fashion,16,25,5,Dhaka,380.0,2025,4,22,1,0
2025-04-22,Sneakers,Fashion,5,60,10,Rajshahi,270.0,2025,4,22,1,0
2025-04-22,Backpack,Fashion,14,40,0,Rajshahi,560.0,2025,4,22,1,0
2025-04-22,Coffee Maker,Home & Kitchen,3,90,10,Sylhet,243.0,2025,4,22,1,0
2025-04-22,Blender,Home & Kitchen,8,55,10,Khulna,396.0,2025,4,22,1,0
2025-04-22,Desk Lamp,Home & Kitchen,10,30,10,Sylhet,270.0,2025,4,22,1,0
2025-04-22,Skincare Set,Beauty,14,45,0,Chattogram,630.0,2025,4,22,1,0
2025-04-23,Laptop,Electronics,3,850,10,Khulna,2295.0,2025,4,23,2,0
2025-04-23,Smartphone,Electronics,6,500,5,Khulna,2850.0,2025,4,23,2,0
2025-04-23,Headphones,Electronics,11,80,0,Dhaka,880.0,2025,4,23,2,0
2025-04-23,T-Shirt,Fashion,13,25,10,Chattogram,292.5,2025,4,23,2,0
2025-04-23,Sneakers,Fashion,11,60,10,Dhaka,594.0,2025,4,23,2,0
2025-04-23,Backpack,Fashion,5,40,5,Khulna,190.0,2025,4,23,2,0
2025-04-23,Coffee Maker,Home & Kitchen,3,90,10,Sylhet,243.0,2025,4,23,2,0
2025-04-23,Blender,Home & Kitchen,9,55,10,Khulna,445.5,2025,4,23,2,0
2025-04-23,Desk Lamp,Home & Kitchen,19,30,5,Khulna,541.5,2025,4,23,2,0
2025-04-23,Skincare Set,Beauty,5,45,5,Khulna,213.75,2025,4,23,2,0
2025-04-24,Laptop,Electronics,2,850,10,Chattogram,1530.0,2025,4,24,3,0
2025-04-24,Smartphone,Electronics,6,500,5,Sylhet,2850.0,2025,4,24,3,0
2025-04-24,Headphones,Electronics,7,80,10,Sylhet,504.0,2025,4,24,3,0
2025-04-24,T-Shirt,Fashion,12,25,0,Chattogram,300.0,2025,4,24,3,0
2025-04-24,Sneakers,Fashion,9,60,10,Rajshahi,486.0,2025,4,24,3,0
2025-04-24,Backpack,Fashion,8,40,10,Rajshahi,288.0,2025,4,24,3,0
2025-04-24,Coffee Maker,Home & Kitchen,3,90,10,Dhaka,243.0,2025,4,24,3,0
2025-04-24,Blender,Home & Kitchen,7,55,0,Chattogram,385.0,2025,4,24,3,0
2025-04-24,Desk Lamp,Home & Kitchen,13,30,5,Rajshahi,370.5,2025,4,24,3,0
2025-04-24,Skincare Set,Beauty,10,45,10,Chattogram,405.0,2025,4,24,3,0
2025-04-25,Laptop,Electronics,2,850,0,Chattogram,1700.0,2025,4,25,4,0
2025-04-25,Smartphone,Electronics,3,500,5,Khulna,1425.0,2025,4,25,4,0
2025-04-25,Headphones,Electronics,12,80,0,Rajshahi,960.0,2025,4,25,4,0
2025-04-25,T-Shirt,Fashion,15,25,0,Rajshahi,375.0,2025,4,25,4,0
2025-04-25,Sneakers,Fashion,6,60,0,Sylhet,360.0,2025,4,25,4,0
2025-04-25,Backpack,Fashion,12,40,5,Sylhet,456.0,2025,4,25,4,0
2025-04-25,Coffee Maker,Home & Kitchen,5,90,0,Khulna,450.0,2025,4,25,4,0
2025-04-25,Blender,Home & Kitchen,8,55,10,Khulna,396.0,2025,4,25,4,0
2025-04-25,Desk Lamp,Home & Kitchen,9,30,5,Chattogram,256.5,2025,4,25,4,0
2025-04-25,Skincare Set,Beauty,9,45,0,Dhaka,405.0,2025,4,25,4,0
2025-04-26,Laptop,Electronics,3,850,5,Rajshahi,2422.5,2025,4,26,5,1
2025-04-26,Smartphone,Electronics,7,500,10,Sylhet,3150.0,2025,4,26,5,1
2025-04-26,Headphones,Electronics,12,80,5,Sylhet,912.0,2025,4,26,5,1
2025-04-26,T-Shirt,Fashion,14,25,0,Sylhet,350.0,2025,4,26,5,1
2025-04-26,Sneakers,Fashion,9,60,10,Dhaka,486.0,2025,4,26,5,1
2025-04-26,Backpack,Fashion,17,40,0,Rajshahi,680.0,2025,4,26,5,1
2025-04-26,Coffee Maker,Home & Kitchen,8,90,0,Khulna,720.0,2025,4,26,5,1
2025-04-26,Blender,Home & Kitchen,9,55,10,Rajshahi,445.5,2025,4,26,5,1
2025-04-26,Desk Lamp,Home & Kitchen,9,30,10,Rajshahi,243.0,2025,4,26,5,1
2025-04-26,Skincare Set,Beauty,6,45,0,Sylhet,270.0,2025,4,26,5,1
2025-04-27,Laptop,Electronics,6,850,0,Rajshahi,5100.0,2025,4,27,6,1
2025-04-27,Smartphone,Electronics,4,500,10,Sylhet,1800.0,2025,4,27,6,1
2025-04-27,Headphones,Electronics,14,80,0,Dhaka,1120.0,2025,4,27,6,1
2025-04-27,T-Shirt,Fashion,13,25,5,Sylhet,308.75,2025,4,27,6,1
2025-04-27,Sneakers,Fashion,6,60,0,Sylhet,360.0,2025,4,27,6,1
2025-04-27,Backpack,Fashion,9,40,10,Khulna,324.0,2025,4,27,6,1
2025-04-27,Coffee Maker,Home & Kitchen,10,90,5,Dhaka,855.0,2025,4,27,6,1
2025-04-27,Blender,Home & Kitchen,12,55,5,Rajshahi,627.0,2025,4,27,6,1
2025-04-27,Desk Lamp,Home & Kitchen,13,30,5,Sylhet,370.5,2025,4,27,6,1
2025-04-27,Skincare Set,Beauty,10,45,5,Dhaka,427.5,2025,4,27,6,1
2025-04-28,Laptop,Electronics,4,850,0,Dhaka,3400.0,2025,4,28,0,0
2025-04-28,Smartphone,Electronics,10,500,0,Chattogram,5000.0,2025,4,28,0,0
2025-04-28,Headphones,Electronics,9,80,10,Rajshahi,648.0,2025,4,28,0,0
2025-04-28,T-Shirt,Fashion,18,25,0,Khulna,450.0,2025,4,28,0,0
2025-04-28,Sneakers,Fashion,9,60,10,Dhaka,486.0,2025,4,28,0,0
2025-04-28,Backpack,Fashion,9,40,0,Chattogram,360.0,2025,4,28,0,0
2025-04-28,Coffee Maker,Home & Kitchen,6,90,10,Chattogram,486.0,2025,4,28,0,0
2025-04-28,Blender,Home & Kitchen,2,55,5,Sylhet,104.5,2025,4,28,0,0
2025-04-28,Desk Lamp,Home & Kitchen,13,30,0,Rajshahi,390.0,2025,4,28,0,0
2025-04-28,Skincare Set,Beauty,7,45,5,Sylhet,299.25,2025,4,28,0,0
2025-04-29,Laptop,Electronics,1,850,0,Khulna,850.0,2025,4,29,1,0
2025-04-29,Smartphone,Electronics,5,500,15,Rajshahi,2125.0,2025,4,29,1,0
2025-04-29,Headphones,Electronics,14,80,5,Rajshahi,1064.0,2025,4,29,1,0
2025-04-29,T-Shirt,Fashion,16,25,0,Chattogram,400.0,2025,4,29,1,0
2025-04-29,Sneakers,Fashion,7,60,10,Sylhet,378.0,2025,4,29,1,0
2025-04-29,Backpack,Fashion,9,40,0,Sylhet,360.0,2025,4,29,1,0
2025-04-29,Coffee Maker,Home & Kitchen,2,90,10,Chattogram,162.0,2025,4,29,1,0
2025-04-29,Blender,Home & Kitchen,10,55,0,Sylhet,550.0,2025,4,29,1,0
2025-04-29,Desk Lamp,Home & Kitchen,9,30,0,Dhaka,270.0,2025,4,29,1,0
2025-04-29,Skincare Set,Beauty,6,45,10,Dhaka,243.0,2025,4,29,1,0
2025-04-30,Laptop,Electronics,0,850,10,Rajshahi,0.0,2025,4,30,2,0
2025-04-30,Smartphone,Electronics,7,500,5,Rajshahi,3325.0,2025,4,30,2,0
2025-04-30,Headphones,Electronics,6,80,0,Rajshahi,480.0,2025,4,30,2,0
2025-04-30,T-Shirt,Fashion,16,25,5,Rajshahi,380.0,2025,4,30,2,0
2025-04-30,Sneakers,Fashion,4,60,0,Rajshahi,240.0,2025,4,30,2,0
2025-04-30,Backpack,Fashion,8,40,15,Sylhet,272.0,2025,4,30,2,0
2025-04-30,Coffee Maker,Home & Kitchen,5,90,5,Sylhet,427.5,2025,4,30,2,0
2025-04-30,Blender,Home & Kitchen,5,55,10,Sylhet,247.5,2025,4,30,2,0
2025-04-30,Desk Lamp,Home & Kitchen,11,30,5,Rajshahi,313.5,2025,4,30,2,0
2025-04-30,Skincare Set,Beauty,11,45,15,Sylhet,420.75,2025,4,30,2,0
2025-05-01,Laptop,Electronics,5,850,10,Dhaka,3825.0,2025,5,1,3,0
2025-05-01,Smartphone,Electronics,9,500,10,Khulna,4050.0,2025,5,1,3,0
2025-05-01,Headphones,Electronics,8,80,10,Chattogram,576.0,2025,5,1,3,0
2025-05-01,T-Shirt,Fashion,12,25,0,Dhaka,300.0,2025,5,1,3,0
2025-05-01,Sneakers,Fashion,3,60,0,Dhaka,180.0,2025,5,1,3,0
2025-05-01,Backpack,Fashion,16,40,5,Dhaka,608.0,2025,5,1,3,0
2025-05-01,Coffee Maker,Home & Kitchen,8,90,0,Sylhet,720.0,2025,5,1,3,0
2025-05-01,Blender,Home & Kitchen,7,55,0,Rajshahi,385.0,2025,5,1,3,0
2025-05-01,Desk Lamp,Home & Kitchen,11,30,0,Chattogram,330.0,2025,5,1,3,0
2025-05-01,Skincare Set,Beauty,8,45,5,Chattogram,342.0,2025,5,1,3,0
2025-05-02,Laptop,Electronics,3,850,0,Chattogram,2550.0,2025,5,2,4,0
2025-05-02,Smartphone,Electronics,7,500,5,Dhaka,3325.0,2025,5,2,4,0
2025-05-02,Headphones,Electronics,13,80,10,Sylhet,936.0,2025,5,2,4,0
2025-05-02,T-Shirt,Fashion,21,25,0,Chattogram,525.0,2025,5,2,4,0
2025-05-02,Sneakers,Fashion,6,60,15,Khulna,306.0,2025,5,2,4,0
2025-05-02,Backpack,Fashion,9,40,0,Sylhet,360.0,2025,5,2,4,0
2025-05-02,Coffee Maker,Home & Kitchen,7,90,5,Chattogram,598.5,2025,5,2,4,0
2025-05-02,Blender,Home & Kitchen,5,55,0,Chattogram,275.0,2025,5,2,4,0
2025-05-02,Desk Lamp,Home & Kitchen,6,30,0,Dhaka,180.0,2025,5,2,4,0
2025-05-02,Skincare Set,Beauty,9,45,10,Khulna,364.5,2025,5,2,4,0
2025-05-03,Laptop,Electronics,7,850,15,Chattogram,5057.5,2025,5,3,5,1
2025-05-03,Smartphone,Electronics,6,500,0,Khulna,3000.0,2025,5,3,5,1
2025-05-03,Headphones,Electronics,13,80,10,Sylhet,936.0,2025,5,3,5,1
2025-05-03,T-Shirt,Fashion,15,25,0,Dhaka,375.0,2025,5,3,5,1
2025-05-03,Sneakers,Fashion,9,60,5,Chattogram,513.0,2025,5,3,5,1
2025-05-03,Backpack,Fashion,14,40,0,Chattogram,560.0,2025,5,3,5,1
2025-05-03,Coffee Maker,Home & Kitchen,2,90,5,Chattogram,171.0,2025,5,3,5,1
2025-05-03,Blender,Home & Kitchen,9,55,5,Khulna,470.25,2025,5,3,5,1
2025-05-03,Desk Lamp,Home & Kitchen,9,30,0,Chattogram,270.0,2025,5,3,5,1
2025-05-03,Skincare Set,Beauty,8,45,10,Dhaka,324.0,2025,5,3,5,1
2025-05-04,Laptop,Electronics,6,850,5,Chattogram,4845.0,2025,5,4,6,1
2025-05-04,Smartphone,Electronics,2,500,0,Dhaka,1000.0,2025,5,4,6,1
2025-05-04,Headphones,Electronics,16,80,0,Khulna,1280.0,2025,5,4,6,1
2025-05-04,T-Shirt,Fashion,13,25,5,Chattogram,308.75,2025,5,4,6,1
2025-05-04,Sneakers,Fashion,12,60,5,Rajshahi,684.0,2025,5,4,6,1
2025-05-04,Backpack,Fashion,8,40,0,Sylhet,320.0,2025,5,4,6,1
2025-05-04,Coffee Maker,Home & Kitchen,5,90,10,Chattogram,405.0,2025,5,4,6,1
2025-05-04,Blender,Home & Kitchen,10,55,10,Rajshahi,495.0,2025,5,4,6,1
2025-05-04,Desk Lamp,Home & Kitchen,10,30,10,Dhaka,270.0,2025,5,4,6,1
2025-05-04,Skincare Set,Beauty,12,45,5,Sylhet,513.0,2025,5,4,6,1
2025-05-05,Laptop,Electronics,3,850,10,Rajshahi,2295.0,2025,5,5,0,0
2025-05-05,Smartphone,Electronics,12,500,10,Dhaka,5400.0,2025,5,5,0,0
2025-05-05,Headphones,Electronics,15,80,0,Rajshahi,1200.0,2025,5,5,0,0
2025-05-05,T-Shirt,Fashion,9,25,5,Chattogram,213.75,2025,5,5,0,0
2025-05-05,Sneakers,Fashion,5,60,10,Dhaka,270.0,2025,5,5,0,0
2025-05-05,Backpack,Fashion,11,40,10,Dhaka,396.0,2025,5,5,0,0
2025-05-05,Coffee Maker,Home & Kitchen,6,90,5,Dhaka,513.0,2025,5,5,0,0
2025-05-05,Blender,Home & Kitchen,11,55,0,Chattogram,605.0,2025,5,5,0,0
2025-05-05,Desk Lamp,Home & Kitchen,9,30,5,Chattogram,256.5,2025,5,5,0,0
2025-05-05,Skincare Set,Beauty,10,45,0,Dhaka,450.0,2025,5,5,0,0
2025-05-06,Laptop,Electronics,6,850,0,Khulna,5100.0,2025,5,6,1,0
2025-05-06,Smartphone,Electronics,9,500,10,Khulna,4050.0,2025,5,6,1,0
2025-05-06,Headphones,Electronics,5,80,15,Dhaka,340.0,2025,5,6,1,0
2025-05-06,T-Shirt,Fashion,17,25,5,Rajshahi,403.75,2025,5,6,1,0
2025-05-06,Sneakers,Fashion,15,60,10,Dhaka,810.0,2025,5,6,1,0
2025-05-06,Backpack,Fashion,9,40,5,Rajshahi,342.0,2025,5,6,1,0
2025-05-06,Coffee Maker,Home & Kitchen,3,90,0,Rajshahi,270.0,2025,5,6,1,0
2025-05-06,Blender,Home & Kitchen,6,55,0,Sylhet,330.0,2025,5,6,1,0
2025-05-06,Desk Lamp,Home & Kitchen,17,30,10,Khulna,459.0,2025,5,6,1,0
2025-05-06,Skincare Set,Beauty,14,45,0,Rajshahi,630.0,2025,5,6,1,0
2025-05-07,Laptop,Electronics,4,850,0,Khulna,3400.0,2025,5,7,2,0
2025-05-07,Smartphone,Electronics,5,500,0,Rajshahi,2500.0,2025,5,7,2,0
2025-05-07,Headphones,Electronics,10,80,5,Dhaka,760.0,2025,5,7,2,0
2025-05-07,T-Shirt,Fashion,18,25,0,Khulna,450.0,2025,5,7,2,0
2025-05-07,Sneakers,Fashion,8,60,5,Rajshahi,456.0,2025,5,7,2,0
2025-05-07,Backpack,Fashion,7,40,10,Chattogram,252.0,2025,5,7,2,0
2025-05-07,Coffee Maker,Home & Kitchen,15,90,0,Khulna,1350.0,2025,5,7,2,0
2025-05-07,Blender,Home & Kitchen,9,55,0,Sylhet,495.0,2025,5,7,2,0
2025-05-07,Desk Lamp,Home & Kitchen,9,30,0,Chattogram,270.0,2025,5,7,2,0
2025-05-07,Skincare Set,Beauty,14,45,0,Rajshahi,630.0,2025,5,7,2,0
2025-05-08,Laptop,Electronics,5,850,5,Chattogram,4037.5,2025,5,8,3,0
2025-05-08,Smartphone,Electronics,5,500,0,Chattogram,2500.0,2025,5,8,3,0
2025-05-08,Headphones,Electronics,19,80,10,Sylhet,1368.0,2025,5,8,3,0
2025-05-08,T-Shirt,Fashion,7,25,5,Chattogram,166.25,2025,5,8,3,0
2025-05-08,Sneakers,Fashion,9,60,0,Rajshahi,540.0,2025,5,8,3,0
2025-05-08,Backpack,Fashion,8,40,10,Dhaka,288.0,2025,5,8,3,0
2025-05-08,Coffee Maker,Home & Kitchen,6,90,10,Sylhet,486.0,2025,5,8,3,0
2025-05-08,Blender,Home & Kitchen,12,55,10,Dhaka,594.0,2025,5,8,3,0
2025-05-08,Desk Lamp,Home & Kitchen,13,30,0,Rajshahi,390.0,2025,5,8,3,0
2025-05-08,Skincare Set,Beauty,10,45,0,Rajshahi,450.0,2025,5,8,3,0
2025-05-09,Laptop,Electronics,2,850,0,Dhaka,1700.0,2025,5,9,4,0
2025-05-09,Smartphone,Electronics,7,500,5,Khulna,3325.0,2025,5,9,4,0
2025-05-09,Headphones,Electronics,7,80,0,Rajshahi,560.0,2025,5,9,4,0
2025-05-09,T-Shirt,Fashion,17,25,15,Sylhet,361.25,2025,5,9,4,0
2025-05-09,Sneakers,Fashion,8,60,0,Rajshahi,480.0,2025,5,9,4,0
2025-05-09,Backpack,Fashion,10,40,10,Dhaka,360.0,2025,5,9,4,0
2025-05-09,Coffee Maker,Home & Kitchen,5,90,5,Dhaka,427.5,2025,5,9,4,0
2025-05-09,Blender,Home & Kitchen,6,55,0,Chattogram,330.0,2025,5,9,4,0
2025-05-09,Desk Lamp,Home & Kitchen,12,30,5,Sylhet,342.0,2025,5,9,4,0
2025-05-09,Skincare Set,Beauty,15,45,10,Rajshahi,607.5,2025,5,9,4,0
2025-05-10,Laptop,Electronics,4,850,5,Khulna,3230.0,2025,5,10,5,1
2025-05-10,Smartphone,Electronics,2,500,0,Rajshahi,1000.0,2025,5,10,5,1
2025-05-10,Headphones,Electronics,12,80,0,Khulna,960.0,2025,5,10,5,1
2025-05-10,T-Shirt,Fashion,16,25,10,Khulna,360.0,2025,5,10,5,1
2025-05-10,Sneakers,Fashion,9,60,10,Rajshahi,486.0,2025,5,10,5,1
2025-05-10,Backpack,Fashion,2,40,10,Dhaka,72.0,2025,5,10,5,1
2025-05-10,Coffee Maker,Home & Kitchen,7,90,0,Sylhet,630.0,2025,5,10,5,1
2025-05-10,Blender,Home & Kitchen,7,55,0,Dhaka,385.0,2025,5,10,5,1
2025-05-10,Desk Lamp,Home & Kitchen,14,30,5,Khulna,399.0,2025,5,10,5,1
2025-05-10,Skincare Set,Beauty,6,45,5,Khulna,256.5,2025,5,10,5,1
2025-05-11,Laptop,Electronics,5,850,0,Sylhet,4250.0,2025,5,11,6,1
2025-05-11,Smartphone,Electronics,12,500,15,Dhaka,5100.0,2025,5,11,6,1
2025-05-11,Headphones,Electronics,8,80,5,Sylhet,608.0,2025,5,11,6,1
2025-05-11,T-Shirt,Fashion,14,25,15,Chattogram,297.5,2025,5,11,6,1
2025-05-11,Sneakers,Fashion,11,60,0,Khulna,660.0,2025,5,11,6,1
2025-05-11,Backpack,Fashion,15,40,5,Sylhet,570.0,2025,5,11,6,1
2025-05-11,Coffee Maker,Home & Kitchen,3,90,5,Dhaka,256.5,2025,5,11,6,1
2025-05-11,Blender,Home & Kitchen,8,55,5,Dhaka,418.0,2025,5,11,6,1
2025-05-11,Desk Lamp,Home & Kitchen,11,30,5,Rajshahi,313.5,2025,5,11,6,1
2025-05-11,Skincare Set,Beauty,11,45,10,Rajshahi,445.5,2025,5,11,6,1
2025-05-12,Laptop,Electronics,4,850,10,Khulna,3060.0,2025,5,12,0,0
2025-05-12,Smartphone,Electronics,3,500,0,Rajshahi,1500.0,2025,5,12,0,0
2025-05-12,Headphones,Electronics,13,80,0,Sylhet,1040.0,2025,5,12,0,0
2025-05-12,T-Shirt,Fashion,24,25,0,Sylhet,600.0,2025,5,12,0,0
2025-05-12,Sneakers,Fashion,13,60,5,Chattogram,741.0,2025,5,12,0,0
2025-05-12,Backpack,Fashion,6,40,0,Dhaka,240.0,2025,5,12,0,0
2025-05-12,Coffee Maker,Home & Kitchen,7,90,5,Sylhet,598.5,2025,5,12,0,0
2025-05-12,Blender,Home & Kitchen,8,55,10,Dhaka,396.0,2025,5,12,0,0
2025-05-12,Desk Lamp,Home & Kitchen,8,30,5,Sylhet,228.0,2025,5,12,0,0
2025-05-12,Skincare Set,Beauty,13,45,0,Khulna,585.0,2025,5,12,0,0
2025-05-13,Laptop,Electronics,9,850,10,Dhaka,6885.0,2025,5,13,1,0
2025-05-13,Smartphone,Electronics,4,500,10,Khulna,1800.0,2025,5,13,1,0
2025-05-13,Headphones,Electronics,9,80,0,Dhaka,720.0,2025,5,13,1,0
2025-05-13,T-Shirt,Fashion,16,25,0,Sylhet,400.0,2025,5,13,1,0
2025-05-13,Sneakers,Fashion,5,60,0,Dhaka,300.0,2025,5,13,1,0
2025-05-13,Backpack,Fashion,12,40,0,Rajshahi,480.0,2025,5,13,1,0
2025-05-13,Coffee Maker,Home & Kitchen,6,90,0,Sylhet,540.0,2025,5,13,1,0
2025-05-13,Blender,Home & Kitchen,6,55,5,Sylhet,313.5,2025,5,13,1,0
2025-05-13,Desk Lamp,Home & Kitchen,13,30,10,Chattogram,351.0,2025,5,13,1,0
2025-05-13,Skincare Set,Beauty,14,45,0,Sylhet,630.0,2025,5,13,1,0
2025-05-14,Laptop,Electronics,2,850,0,Sylhet,1700.0,2025,5,14,2,0
2025-05-14,Smartphone,Electronics,7,500,0,Chattogram,3500.0,2025,5,14,2,0
2025-05-14,Headphones,Electronics,6,80,0,Dhaka,480.0,2025,5,14,2,0
2025-05-14,T-Shirt,Fashion,10,25,15,Sylhet,212.5,2025,5,14,2,0
2025-05-14,Sneakers,Fashion,6,60,5,Khulna,342.0,2025,5,14,2,0
2025-05-14,Backpack,Fashion,8,40,0,Chattogram,320.0,2025,5,14,2,0
2025-05-14,Coffee Maker,Home & Kitchen,4,90,0,Sylhet,360.0,2025,5,14,2,0
2025-05-14,Blender,Home & Kitchen,7,55,0,Khulna,385.0,2025,5,14,2,0
2025-05-14,Desk Lamp,Home & Kitchen,8,30,5,Rajshahi,228.0,2025,5,14,2,0
2025-05-14,Skincare Set,Beauty,7,45,0,Dhaka,315.0,2025,5,14,2,0
2025-05-15,Laptop,Electronics,3,850,5,Sylhet,2422.5,2025,5,15,3,0
2025-05-15,Smartphone,Electronics,4,500,0,Chattogram,2000.0,2025,5,15,3,0
2025-05-15,Headphones,Electronics,5,80,10,Sylhet,360.0,2025,5,15,3,0
2025-05-15,T-Shirt,Fashion,8,25,10,Chattogram,180.0,2025,5,15,3,0
2025-05-15,Sneakers,Fashion,8,60,0,Chattogram,480.0,2025,5,15,3,0
2025-05-15,Backpack,Fashion,12,40,0,Rajshahi,480.0,2025,5,15,3,0
2025-05-15,Coffee Maker,Home & Kitchen,5,90,0,Rajshahi,450.0,2025,5,15,3,0
2025-05-15,Blender,Home & Kitchen,12,55,10,Dhaka,594.0,2025,5,15,3,0
2025-05-15,Desk Lamp,Home & Kitchen,9,30,0,Chattogram,270.0,2025,5,15,3,0
2025-05-15,Skincare Set,Beauty,13,45,0,Sylhet,585.0,2025,5,15,3,0
2025-05-16,Laptop,Electronics,3,850,5,Khulna,2422.5,2025,5,16,4,0
2025-05-16,Smartphone,Electronics,7,500,0,Rajshahi,3500.0,2025,5,16,4,0
2025-05-16,Headphones,Electronics,8,80,15,Sylhet,544.0,2025,5,16,4,0
2025-05-16,T-Shirt,Fashion,10,25,0,Rajshahi,250.0,2025,5,16,4,0
2025-05-16,Sneakers,Fashion,8,60,0,Khulna,480.0,2025,5,16,4,0
2025-05-16,Backpack,Fashion,9,40,15,Dhaka,306.0,2025,5,16,4,0
2025-05-16,Coffee Maker,Home & Kitchen,2,90,0,Khulna,180.0,2025,5,16,4,0
2025-05-16,Blender,Home & Kitchen,8,55,0,Khulna,440.0,2025,5,16,4,0
2025-05-16,Desk Lamp,Home & Kitchen,5,30,10,Chattogram,135.0,2025,5,16,4,0
2025-05-16,Skincare Set,Beauty,15,45,0,Khulna,675.0,2025,5,16,4,0
2025-05-17,Laptop,Electronics,4,850,0,Khulna,3400.0,2025,5,17,5,1
2025-05-17,Smartphone,Electronics,5,500,10,Sylhet,2250.0,2025,5,17,5,1
2025-05-17,Headphones,Electronics,10,80,10,Chattogram,720.0,2025,5,17,5,1
2025-05-17,T-Shirt,Fashion,13,25,10,Khulna,292.5,2025,5,17,5,1
2025-05-17,Sneakers,Fashion,5,60,0,Rajshahi,300.0,2025,5,17,5,1
2025-05-17,Backpack,Fashion,6,40,5,Sylhet,228.0,2025,5,17,5,1
2025-05-17,Coffee Maker,Home & Kitchen,8,90,10,Sylhet,648.0,2025,5,17,5,1
2025-05-17,Blender,Home & Kitchen,7,55,10,Rajshahi,346.5,2025,5,17,5,1
2025-05-17,Desk Lamp,Home & Kitchen,15,30,0,Chattogram,450.0,2025,5,17,5,1
2025-05-17,Skincare Set,Beauty,11,45,5,Sylhet,470.25,2025,5,17,5,1
2025-05-18,Laptop,Electronics,2,850,5,Chattogram,1615.0,2025,5,18,6,1
2025-05-18,Smartphone,Electronics,5,500,5,Khulna,2375.0,2025,5,18,6,1
2025-05-18,Headphones,Electronics,15,80,0,Dhaka,1200.0,2025,5,18,6,1
2025-05-18,T-Shirt,Fashion,17,25,0,Chattogram,425.0,2025,5,18,6,1
2025-05-18,Sneakers,Fashion,10,60,10,Sylhet,540.0,2025,5,18,6,1
2025-05-18,Backpack,Fashion,11,40,0,Sylhet,440.0,2025,5,18,6,1
2025-05-18,Coffee Maker,Home & Kitchen,7,90,0,Chattogram,630.0,2025,5,18,6,1
2025-05-18,Blender,Home & Kitchen,9,55,0,Dhaka,495.0,2025,5,18,6,1
2025-05-18,Desk Lamp,Home & Kitchen,12,30,5,Chattogram,342.0,2025,5,18,6,1
2025-05-18,Skincare Set,Beauty,11,45,5,Chattogram,470.25,2025,5,18,6,1
2025-05-19,Laptop,Electronics,5,850,15,Rajshahi,3612.5,2025,5,19,0,0
2025-05-19,Smartphone,Electronics,7,500,0,Khulna,3500.0,2025,5,19,0,0
2025-05-19,Headphones,Electronics,14,80,5,Chattogram,1064.0,2025,5,19,0,0
2025-05-19,T-Shirt,Fashion,19,25,0,Dhaka,475.0,2025,5,19,0,0
2025-05-19,Sneakers,Fashion,7,60,10,Sylhet,378.0,2025,5,19,0,0
2025-05-19,Backpack,Fashion,12,40,5,Sylhet,456.0,2025,5,19,0,0
2025-05-19,Coffee Maker,Home & Kitchen,2,90,0,Chattogram,180.0,2025,5,19,0,0
2025-05-19,Blender,Home & Kitchen,9,55,0,Rajshahi,495.0,2025,5,19,0,0
2025-05-19,Desk Lamp,Home & Kitchen,13,30,0,Chattogram,390.0,2025,5,19,0,0
2025-05-19,Skincare Set,Beauty,12,45,5,Khulna,513.0,2025,5,19,0,0
2025-05-20,Laptop,Electronics,5,850,5,Khulna,4037.5,2025,5,20,1,0
2025-05-20,Smartphone,Electronics,9,500,0,Khulna,4500.0,2025,5,20,1,0
2025-05-20,Headphones,Electronics,6,80,0,Dhaka,480.0,2025,5,20,1,0
2025-05-20,T-Shirt,Fashion,9,25,10,Chattogram,202.5,2025,5,20,1,0
2025-05-20,Sneakers,Fashion,11,60,0,Khulna,660.0,2025,5,20,1,0
2025-05-20,Backpack,Fashion,8,40,0,Chattogram,320.0,2025,5,20,1,0
2025-05-20,Coffee Maker,Home & Kitchen,7,90,0,Dhaka,630.0,2025,5,20,1,0
2025-05-20,Blender,Home & Kitchen,11,55,5,Khulna,574.75,2025,5,20,1,0
2025-05-20,Desk Lamp,Home & Kitchen,18,30,15,Dhaka,459.0,2025,5,20,1,0
2025-05-20,Skincare Set,Beauty,8,45,0,Sylhet,360.0,2025,5,20,1,0
2025-05-21,Laptop,Electronics,4,850,5,Khulna,3230.0,2025,5,21,2,0
2025-05-21,Smartphone,Electronics,5,500,15,Rajshahi,2125.0,2025,5,21,2,0
2025-05-21,Headphones,Electronics,10,80,5,Chattogram,760.0,2025,5,21,2,0
2025-05-21,T-Shirt,Fashion,11,25,10,Chattogram,247.5,2025,5,21,2,0
2025-05-21,Sneakers,Fashion,5,60,0,Rajshahi,300.0,2025,5,21,2,0
2025-05-21,Backpack,Fashion,14,40,0,Rajshahi,560.0,2025,5,21,2,0
2025-05-21,Coffee Maker,Home & Kitchen,4,90,15,Rajshahi,306.0,2025,5,21,2,0
2025-05-21,Blender,Home & Kitchen,7,55,5,Rajshahi,365.75,2025,5,21,2,0
2025-05-21,Desk Lamp,Home & Kitchen,9,30,10,Sylhet,243.0,2025,5,21,2,0
2025-05-21,Skincare Set,Beauty,13,45,5,Khulna,555.75,2025,5,21,2,0
2025-05-22,Laptop,Electronics,1,850,0,Rajshahi,850.0,2025,5,22,3,0
2025-05-22,Smartphone,Electronics,2,500,0,Chattogram,1000.0,2025,5,22,3,0
2025-05-22,Headphones,Electronics,4,80,10,Dhaka,288.0,2025,5,22,3,0
2025-05-22,T-Shirt,Fashion,16,25,5,Rajshahi,380.0,2025,5,22,3,0
2025-05-22,Sneakers,Fashion,10,60,5,Dhaka,570.0,2025,5,22,3,0
2025-05-22,Backpack,Fashion,9,40,0,Sylhet,360.0,2025,5,22,3,0
2025-05-22,Coffee Maker,Home & Kitchen,3,90,10,Khulna,243.0,2025,5,22,3,0
2025-05-22,Blender,Home & Kitchen,6,55,5,Sylhet,313.5,2025,5,22,3,0
2025-05-22,Desk Lamp,Home & Kitchen,14,30,0,Sylhet,420.0,2025,5,22,3,0
2025-05-22,Skincare Set,Beauty,6,45,0,Rajshahi,270.0,2025,5,22,3,0
2025-05-23,Laptop,Electronics,2,850,0,Sylhet,1700.0,2025,5,23,4,0
2025-05-23,Smartphone,Electronics,5,500,0,Chattogram,2500.0,2025,5,23,4,0
2025-05-23,Headphones,Electronics,6,80,5,Rajshahi,456.0,2025,5,23,4,0
2025-05-23,T-Shirt,Fashion,16,25,0,Rajshahi,400.0,2025,5,23,4,0
2025-05-23,Sneakers,Fashion,1,60,0,Khulna,60.0,2025,5,23,4,0
2025-05-23,Backpack,Fashion,9,40,15,Sylhet,306.0,2025,5,23,4,0
2025-05-23,Coffee Maker,Home & Kitchen,3,90,5,Rajshahi,256.5,2025,5,23,4,0
2025-05-23,Blender,Home & Kitchen,10,55,0,Dhaka,550.0,2025,5,23,4,0
2025-05-23,Desk Lamp,Home & Kitchen,11,30,0,Sylhet,330.0,2025,5,23,4,0
2025-05-23,Skincare Set,Beauty,9,45,10,Chattogram,364.5,2025,5,23,4,0
2025-05-24,Laptop,Electronics,3,850,0,Dhaka,2550.0,2025,5,24,5,1
2025-05-24,Smartphone,Electronics,10,500,5,Sylhet,4750.0,2025,5,24,5,1
2025-05-24,Headphones,Electronics,13,80,10,Khulna,936.0,2025,5,24,5,1
2025-05-24,T-Shirt,Fashion,16,25,0,Khulna,400.0,2025,5,24,5,1
2025-05-24,Sneakers,Fashion,11,60,0,Dhaka,660.0,2025,5,24,5,1
2025-05-24,Backpack,Fashion,16,40,10,Dhaka,576.0,2025,5,24,5,1
2025-05-24,Coffee Maker,Home & Kitchen,9,90,0,Chattogram,810.0,2025,5,24,5,1
2025-05-24,Blender,Home & Kitchen,9,55,0,Khulna,495.0,2025,5,24,5,1
2025-05-24,Desk Lamp,Home & Kitchen,7,30,10,Rajshahi,189.0,2025,5,24,5,1
2025-05-24,Skincare Set,Beauty,13,45,0,Khulna,585.0,2025,5,24,5,1
2025-05-25,Laptop,Electronics,5,850,0,Dhaka,4250.0,2025,5,25,6,1
2025-05-25,Smartphone,Electronics,7,500,10,Rajshahi,3150.0,2025,5,25,6,1
2025-05-25,Headphones,Electronics,11,80,0,Khulna,880.0,2025,5,25,6,1
2025-05-25,T-Shirt,Fashion,18,25,10,Khulna,405.0,2025,5,25,6,1
2025-05-25,Sneakers,Fashion,7,60,0,Rajshahi,420.0,2025,5,25,6,1
2025-05-25,Backpack,Fashion,14,40,0,Chattogram,560.0,2025,5,25,6,1
2025-05-25,Coffee Maker,Home & Kitchen,4,90,5,Dhaka,342.0,2025,5,25,6,1
2025-05-25,Blender,Home & Kitchen,8,55,0,Dhaka,440.0,2025,5,25,6,1
2025-05-25,Desk Lamp,Home & Kitchen,7,30,0,Khulna,210.0,2025,5,25,6,1
2025-05-25,Skincare Set,Beauty,9,45,0,Chattogram,405.0,2025,5,25,6,1
2025-05-26,Laptop,Electronics,2,850,15,Dhaka,1445.0,2025,5,26,0,0
2025-05-26,Smartphone,Electronics,10,500,0,Khulna,5000.0,2025,5,26,0,0
2025-05-26,Headphones,Electronics,12,80,10,Sylhet,864.0,2025,5,26,0,0
2025-05-26,T-Shirt,Fashion,20,25,0,Rajshahi,500.0,2025,5,26,0,0
2025-05-26,Sneakers,Fashion,6,60,0,Khulna,360.0,2025,5,26,0,0
2025-05-26,Backpack,Fashion,9,40,5,Rajshahi,342.0,2025,5,26,0,0
2025-05-26,Coffee Maker,Home & Kitchen,4,90,0,Chattogram,360.0,2025,5,26,0,0
2025-05-26,Blender,Home & Kitchen,4,55,5,Chattogram,209.0,2025,5,26,0,0
2025-05-26,Desk Lamp,Home & Kitchen,9,30,5,Chattogram,256.5,2025,5,26,0,0
2025-05-26,Skincare Set,Beauty,9,45,10,Sylhet,364.5,2025,5,26,0,0
2025-05-27,Laptop,Electronics,5,850,5,Chattogram,4037.5,2025,5,27,1,0
2025-05-27,Smartphone,Electronics,4,500,10,Sylhet,1800.0,2025,5,27,1,0
2025-05-27,Headphones,Electronics,6,80,0,Chattogram,480.0,2025,5,27,1,0
2025-05-27,T-Shirt,Fashion,13,25,5,Dhaka,308.75,2025,5,27,1,0
2025-05-27,Sneakers,Fashion,6,60,0,Dhaka,360.0,2025,5,27,1,0
2025-05-27,Backpack,Fashion,8,40,10,Sylhet,288.0,2025,5,27,1,0
2025-05-27,Coffee Maker,Home & Kitchen,7,90,0,Chattogram,630.0,2025,5,27,1,0
2025-05-27,Blender,Home & Kitchen,7,55,10,Khulna,346.5,2025,5,27,1,0
2025-05-27,Desk Lamp,Home & Kitchen,16,30,5,Dhaka,456.0,2025,5,27,1,0
2025-05-27,Skincare Set,Beauty,9,45,0,Khulna,405.0,2025,5,27,1,0
2025-05-28,Laptop,Electronics,8,850,0,Rajshahi,6800.0,2025,5,28,2,0
2025-05-28,Smartphone,Electronics,8,500,5,Rajshahi,3800.0,2025,5,28,2,0
2025-05-28,Headphones,Electronics,10,80,0,Rajshahi,800.0,2025,5,28,2,0
2025-05-28,T-Shirt,Fashion,13,25,0,Dhaka,325.0,2025,5,28,2,0
2025-05-28,Sneakers,Fashion,8,60,10,Dhaka,432.0,2025,5,28,2,0
2025-05-28,Backpack,Fashion,9,40,5,Rajshahi,342.0,2025,5,28,2,0
2025-05-28,Coffee Maker,Home & Kitchen,4,90,10,Sylhet,324.0,2025,5,28,2,0
2025-05-28,Blender,Home & Kitchen,7,55,0,Khulna,385.0,2025,5,28,2,0
2025-05-28,Desk Lamp,Home & Kitchen,11,30,15,Rajshahi,280.5,2025,5,28,2,0
2025-05-28,Skincare Set,Beauty,5,45,0,Chattogram,225.0,2025,5,28,2,0
2025-05-29,Laptop,Electronics,4,850,10,Rajshahi,3060.0,2025,5,29,3,0
2025-05-29,Smartphone,Electronics,4,500,0,Rajshahi,2000.0,2025,5,29,3,0
2025-05-29,Headphones,Electronics,8,80,0,Khulna,640.0,2025,5,29,3,0
2025-05-29,T-Shirt,Fashion,13,25,5,Dhaka,308.75,2025,5,29,3,0
2025-05-29,Sneakers,Fashion,5,60,0,Khulna,300.0,2025,5,29,3,0
2025-05-29,Backpack,Fashion,5,40,0,Sylhet,200.0,2025,5,29,3,0
2025-05-29,Coffee Maker,Home & Kitchen,1,90,5,Sylhet,85.5,2025,5,29,3,0
2025-05-29,Blender,Home & Kitchen,8,55,0,Chattogram,440.0,2025,5,29,3,0
2025-05-29,Desk Lamp,Home & Kitchen,9,30,10,Sylhet,243.0,2025,5,29,3,0
2025-05-29,Skincare Set,Beauty,9,45,10,Rajshahi,364.5,2025,5,29,3,0
2025-05-30,Laptop,Electronics,2,850,0,Rajshahi,1700.0,2025,5,30,4,0
2025-05-30,Smartphone,Electronics,6,500,5,Khulna,2850.0,2025,5,30,4,0
2025-05-30,Headphones,Electronics,9,80,15,Sylhet,612.0,2025,5,30,4,0
2025-05-30,T-Shirt,Fashion,13,25,5,Chattogram,308.75,2025,5,30,4,0
2025-05-30,Sneakers,Fashion,10,60,5,Dhaka,570.0,2025,5,30,4,0
2025-05-30,Backpack,Fashion,8,40,0,Khulna,320.0,2025,5,30,4,0
2025-05-30,Coffee Maker,Home & Kitchen,4,90,10,Chattogram,324.0,2025,5,30,4,0
2025-05-30,Blender,Home & Kitchen,13,55,0,Dhaka,715.0,2025,5,30,4,0
2025-05-30,Desk Lamp,Home & Kitchen,11,30,0,Rajshahi,330.0,2025,5,30,4,0
2025-05-30,Skincare Set,Beauty,9,45,0,Sylhet,405.0,2025,5,30,4,0
2025-05-31,Laptop,Electronics,3,850,0,Chattogram,2550.0,2025,5,31,5,1
2025-05-31,Smartphone,Electronics,4,500,10,Rajshahi,1800.0,2025,5,31,5,1
2025-05-31,Headphones,Electronics,14,80,0,Chattogram,1120.0,2025,5,31,5,1
2025-05-31,T-Shirt,Fashion,17,25,5,Sylhet,403.75,2025,5,31,5,1
2025-05-31,Sneakers,Fashion,11,60,0,Dhaka,660.0,2025,5,31,5,1
2025-05-31,Backpack,Fashion,13,40,0,Dhaka,520.0,2025,5,31,5,1
2025-05-31,Coffee Maker,Home & Kitchen,3,90,0,Sylhet,270.0,2025,5,31,5,1
2025-05-31,Blender,Home & Kitchen,7,55,0,Rajshahi,385.0,2025,5,31,5,1
2025-05-31,Desk Lamp,Home & Kitchen,4,30,10,Rajshahi,108.0,2025,5,31,5,1
2025-05-31,Skincare Set,Beauty,8,45,0,Khulna,360.0,2025,5,31,5,1
2025-06-01,Laptop,Electronics,3,850,5,Sylhet,2422.5,2025,6,1,6,1
2025-06-01,Smartphone,Electronics,12,500,5,Sylhet,5700.0,2025,6,1,6,1
2025-06-01,Headphones,Electronics,12,80,10,Sylhet,864.0,2025,6,1,6,1
2025-06-01,T-Shirt,Fashion,16,25,5,Chattogram,380.0,2025,6,1,6,1
2025-06-01,Sneakers,Fashion,10,60,0,Chattogram,600.0,2025,6,1,6,1
2025-06-01,Backpack,Fashion,8,40,0,Sylhet,320.0,2025,6,1,6,1
2025-06-01,Coffee Maker,Home & Kitchen,10,90,5,Khulna,855.0,2025,6,1,6,1
2025-06-01,Blender,Home & Kitchen,8,55,10,Dhaka,396.0,2025,6,1,6,1
2025-06-01,Desk Lamp,Home & Kitchen,12,30,0,Khulna,360.0,2025,6,1,6,1
2025-06-01,Skincare Set,Beauty,13,45,0,Khulna,585.0,2025,6,1,6,1
2025-06-02,Laptop,Electronics,3,850,0,Dhaka,2550.0,2025,6,2,0,0
2025-06-02,Smartphone,Electronics,6,500,0,Sylhet,3000.0,2025,6,2,0,0
2025-06-02,Headphones,Electronics,12,80,5,Khulna,912.0,2025,6,2,0,0
2025-06-02,T-Shirt,Fashion,9,25,0,Rajshahi,225.0,2025,6,2,0,0
2025-06-02,Sneakers,Fashion,6,60,0,Dhaka,360.0,2025,6,2,0,0
2025-06-02,Backpack,Fashion,7,40,0,Dhaka,280.0,2025,6,2,0,0
2025-06-02,Coffee Maker,Home & Kitchen,2,90,10,Sylhet,162.0,2025,6,2,0,0
2025-06-02,Blender,Home & Kitchen,18,55,0,Khulna,990.0,2025,6,2,0,0
2025-06-02,Desk Lamp,Home & Kitchen,12,30,5,Chattogram,342.0,2025,6,2,0,0
2025-06-02,Skincare Set,Beauty,8,45,5,Chattogram,342.0,2025,6,2,0,0
2025-06-03,Laptop,Electronics,0,850,0,Rajshahi,0.0,2025,6,3,1,0
2025-06-03,Smartphone,Electronics,8,500,5,Rajshahi,3800.0,2025,6,3,1,0
2025-06-03,Headphones,Electronics,10,80,0,Dhaka,800.0,2025,6,3,1,0
2025-06-03,T-Shirt,Fashion,7,25,10,Chattogram,157.5,2025,6,3,1,0
2025-06-03,Sneakers,Fashion,4,60,0,Khulna,240.0,2025,6,3,1,0
2025-06-03,Backpack,Fashion,8,40,0,Khulna,320.0,2025,6,3,1,0
2025-06-03,Coffee Maker,Home & Kitchen,9,90,15,Rajshahi,688.5,2025,6,3,1,0
2025-06-03,Blender,Home & Kitchen,6,55,5,Chattogram,313.5,2025,6,3,1,0
2025-06-03,Desk Lamp,Home & Kitchen,12,30,0,Rajshahi,360.0,2025,6,3,1,0
2025-06-03,Skincare Set,Beauty,8,45,15,Rajshahi,306.0,2025,6,3,1,0
2025-06-04,Laptop,Electronics,1,850,0,Rajshahi,850.0,2025,6,4,2,0
2025-06-04,Smartphone,Electronics,5,500,5,Khulna,2375.0,2025,6,4,2,0
2025-06-04,Headphones,Electronics,9,80,0,Sylhet,720.0,2025,6,4,2,0
2025-06-04,T-Shirt,Fashion,17,25,15,Khulna,361.25,2025,6,4,2,0
2025-06-04,Sneakers,Fashion,14,60,5,Chattogram,798.0,2025,6,4,2,0
2025-06-04,Backpack,Fashion,16,40,0,Sylhet,640.0,2025,6,4,2,0
2025-06-04,Coffee Maker,Home & Kitchen,8,90,10,Rajshahi,648.0,2025,6,4,2,0
2025-06-04,Blender,Home & Kitchen,8,55,0,Khulna,440.0,2025,6,4,2,0
2025-06-04,Desk Lamp,Home & Kitchen,12,30,5,Dhaka,342.0,2025,6,4,2,0
2025-06-04,Skincare Set,Beauty,5,45,5,Dhaka,213.75,2025,6,4,2,0
2025-06-05,Laptop,Electronics,8,850,0,Dhaka,6800.0,2025,6,5,3,0
2025-06-05,Smartphone,Electronics,5,500,5,Dhaka,2375.0,2025,6,5,3,0
2025-06-05,Headphones,Electronics,8,80,5,Rajshahi,608.0,2025,6,5,3,0
2025-06-05,T-Shirt,Fashion,15,25,10,Sylhet,337.5,2025,6,5,3,0
2025-06-05,Sneakers,Fashion,8,60,0,Sylhet,480.0,2025,6,5,3,0
2025-06-05,Backpack,Fashion,6,40,5,Khulna,228.0,2025,6,5,3,0
2025-06-05,Coffee Maker,Home & Kitchen,3,90,0,Khulna,270.0,2025,6,5,3,0
2025-06-05,Blender,Home & Kitchen,6,55,5,Dhaka,313.5,2025,6,5,3,0
2025-06-05,Desk Lamp,Home & Kitchen,16,30,0,Khulna,480.0,2025,6,5,3,0
2025-06-05,Skincare Set,Beauty,6,45,5,Chattogram,256.5,2025,6,5,3,0
2025-06-06,Laptop,Electronics,3,850,10,Dhaka,2295.0,2025,6,6,4,0
2025-06-06,Smartphone,Electronics,7,500,0,Sylhet,3500.0,2025,6,6,4,0
2025-06-06,Headphones,Electronics,13,80,5,Chattogram,988.0,2025,6,6,4,0
2025-06-06,T-Shirt,Fashion,12,25,10,Chattogram,270.0,2025,6,6,4,0
2025-06-06,Sneakers,Fashion,9,60,0,Rajshahi,540.0,2025,6,6,4,0
2025-06-06,Backpack,Fashion,9,40,15,Chattogram,306.0,2025,6,6,4,0
2025-06-06,Coffee Maker,Home & Kitchen,4,90,5,Chattogram,342.0,2025,6,6,4,0
2025-06-06,Blender,Home & Kitchen,5,55,0,Dhaka,275.0,2025,6,6,4,0
2025-06-06,Desk Lamp,Home & Kitchen,10,30,10,Sylhet,270.0,2025,6,6,4,0
2025-06-06,Skincare Set,Beauty,9,45,0,Sylhet,405.0,2025,6,6,4,0
2025-06-07,Laptop,Electronics,1,850,0,Chattogram,850.0,2025,6,7,5,1
2025-06-07,Smartphone,Electronics,4,500,0,Chattogram,2000.0,2025,6,7,5,1
2025-06-07,Headphones,Electronics,19,80,10,Dhaka,1368.0,2025,6,7,5,1
2025-06-07,T-Shirt,Fashion,8,25,0,Chattogram,200.0,2025,6,7,5,1
2025-06-07,Sneakers,Fashion,3,60,10,Khulna,162.0,2025,6,7,5,1
2025-06-07,Backpack,Fashion,8,40,10,Sylhet,288.0,2025,6,7,5,1
2025-06-07,Coffee Maker,Home & Kitchen,7,90,0,Chattogram,630.0,2025,6,7,5,1
2025-06-07,Blender,Home & Kitchen,7,55,0,Dhaka,385.0,2025,6,7,5,1
2025-06-07,Desk Lamp,Home & Kitchen,11,30,15,Khulna,280.5,2025,6,7,5,1
2025-06-07,Skincare Set,Beauty,17,45,0,Chattogram,765.0,2025,6,7,5,1
2025-06-08,Laptop,Electronics,7,850,0,Rajshahi,5950.0,2025,6,8,6,1
2025-06-08,Smartphone,Electronics,3,500,5,Dhaka,1425.0,2025,6,8,6,1
2025-06-08,Headphones,Electronics,10,80,5,Rajshahi,760.0,2025,6,8,6,1
2025-06-08,T-Shirt,Fashion,7,25,5,Chattogram,166.25,2025,6,8,6,1
2025-06-08,Sneakers,Fashion,17,60,0,Dhaka,1020.0,2025,6,8,6,1
2025-06-08,Backpack,Fashion,13,40,10,Dhaka,468.0,2025,6,8,6,1
2025-06-08,Coffee Maker,Home & Kitchen,4,90,10,Rajshahi,324.0,2025,6,8,6,1
2025-06-08,Blender,Home & Kitchen,10,55,0,Khulna,550.0,2025,6,8,6,1
2025-06-08,Desk Lamp,Home & Kitchen,17,30,5,Rajshahi,484.5,2025,6,8,6,1
2025-06-08,Skincare Set,Beauty,9,45,5,Rajshahi,384.75,2025,6,8,6,1
2025-06-09,Laptop,Electronics,0,850,5,Rajshahi,0.0,2025,6,9,0,0
2025-06-09,Smartphone,Electronics,5,500,5,Dhaka,2375.0,2025,6,9,0,0
2025-06-09,Headphones,Electronics,11,80,5,Sylhet,836.0,2025,6,9,0,0
2025-06-09,T-Shirt,Fashion,14,25,0,Dhaka,350.0,2025,6,9,0,0
2025-06-09,Sneakers,Fashion,7,60,10,Sylhet,378.0,2025,6,9,0,0
2025-06-09,Backpack,Fashion,9,40,5,Dhaka,342.0,2025,6,9,0,0
2025-06-09,Coffee Maker,Home & Kitchen,4,90,5,Rajshahi,342.0,2025,6,9,0,0
2025-06-09,Blender,Home & Kitchen,5,55,0,Dhaka,275.0,2025,6,9,0,0
2025-06-09,Desk Lamp,Home & Kitchen,16,30,10,Sylhet,432.0,2025,6,9,0,0
2025-06-09,Skincare Set,Beauty,12,45,5,Khulna,513.0,2025,6,9,0,0
2025-06-10,Laptop,Electronics,3,850,10,Dhaka,2295.0,2025,6,10,1,0
2025-06-10,Smartphone,Electronics,6,500,10,Sylhet,2700.0,2025,6,10,1,0
2025-06-10,Headphones,Electronics,10,80,5,Sylhet,760.0,2025,6,10,1,0
2025-06-10,T-Shirt,Fashion,14,25,10,Sylhet,315.0,2025,6,10,1,0
2025-06-10,Sneakers,Fashion,9,60,5,Khulna,513.0,2025,6,10,1,0
2025-06-10,Backpack,Fashion,12,40,5,Dhaka,456.0,2025,6,10,1,0
2025-06-10,Coffee Maker,Home & Kitchen,2,90,0,Khulna,180.0,2025,6,10,1,0
2025-06-10,Blender,Home & Kitchen,10,55,5,Chattogram,522.5,2025,6,10,1,0
2025-06-10,Desk Lamp,Home & Kitchen,13,30,15,Khulna,331.5,2025,6,10,1,0
2025-06-10,Skincare Set,Beauty,9,45,0,Chattogram,405.0,2025,6,10,1,0
2025-06-11,Laptop,Electronics,1,850,5,Khulna,807.5,2025,6,11,2,0
2025-06-11,Smartphone,Electronics,8,500,0,Rajshahi,4000.0,2025,6,11,2,0
2025-06-11,Headphones,Electronics,8,80,0,Chattogram,640.0,2025,6,11,2,0
2025-06-11,T-Shirt,Fashion,16,25,0,Chattogram,400.0,2025,6,11,2,0
2025-06-11,Sneakers,Fashion,10,60,10,Rajshahi,540.0,2025,6,11,2,0
2025-06-11,Backpack,Fashion,12,40,0,Rajshahi,480.0,2025,6,11,2,0
2025-06-11,Coffee Maker,Home & Kitchen,2,90,0,Rajshahi,180.0,2025,6,11,2,0
2025-06-11,Blender,Home & Kitchen,12,55,0,Rajshahi,660.0,2025,6,11,2,0
2025-06-11,Desk Lamp,Home & Kitchen,9,30,0,Rajshahi,270.0,2025,6,11,2,0
2025-06-11,Skincare Set,Beauty,7,45,5,Rajshahi,299.25,2025,6,11,2,0
2025-06-12,Laptop,Electronics,3,850,0,Khulna,2550.0,2025,6,12,3,0
2025-06-12,Smartphone,Electronics,6,500,5,Chattogram,2850.0,2025,6,12,3,0
2025-06-12,Headphones,Electronics,3,80,5,Sylhet,228.0,2025,6,12,3,0
2025-06-12,T-Shirt,Fashion,15,25,5,Sylhet,356.25,2025,6,12,3,0
2025-06-12,Sneakers,Fashion,6,60,5,Khulna,342.0,2025,6,12,3,0
2025-06-12,Backpack,Fashion,14,40,10,Sylhet,504.0,2025,6,12,3,0
2025-06-12,Coffee Maker,Home & Kitchen,8,90,10,Rajshahi,648.0,2025,6,12,3,0
2025-06-12,Blender,Home & Kitchen,6,55,5,Rajshahi,313.5,2025,6,12,3,0
2025-06-12,Desk Lamp,Home & Kitchen,9,30,10,Khulna,243.0,2025,6,12,3,0
2025-06-12,Skincare Set,Beauty,7,45,0,Khulna,315.0,2025,6,12,3,0
2025-06-13,Laptop,Electronics,2,850,5,Sylhet,1615.0,2025,6,13,4,0
2025-06-13,Smartphone,Electronics,5,500,0,Chattogram,2500.0,2025,6,13,4,0
2025-06-13,Headphones,Electronics,10,80,0,Sylhet,800.0,2025,6,13,4,0
2025-06-13,T-Shirt,Fashion,12,25,5,Khulna,285.0,2025,6,13,4,0
2025-06-13,Sneakers,Fashion,2,60,0,Rajshahi,120.0,2025,6,13,4,0
2025-06-13,Backpack,Fashion,6,40,0,Dhaka,240.0,2025,6,13,4,0
2025-06-13,Coffee Maker,Home & Kitchen,3,90,10,Khulna,243.0,2025,6,13,4,0
2025-06-13,Blender,Home & Kitchen,5,55,5,Khulna,261.25,2025,6,13,4,0
2025-06-13,Desk Lamp,Home & Kitchen,8,30,10,Rajshahi,216.0,2025,6,13,4,0
2025-06-13,Skincare Set,Beauty,14,45,5,Chattogram,598.5,2025,6,13,4,0
2025-06-14,Laptop,Electronics,5,850,0,Rajshahi,4250.0,2025,6,14,5,1
2025-06-14,Smartphone,Electronics,5,500,5,Sylhet,2375.0,2025,6,14,5,1
2025-06-14,Headphones,Electronics,8,80,0,Rajshahi,640.0,2025,6,14,5,1
2025-06-14,T-Shirt,Fashion,11,25,15,Chattogram,233.75,2025,6,14,5,1
2025-06-14,Sneakers,Fashion,9,60,0,Dhaka,540.0,2025,6,14,5,1
2025-06-14,Backpack,Fashion,13,40,0,Sylhet,520.0,2025,6,14,5,1
2025-06-14,Coffee Maker,Home & Kitchen,5,90,5,Chattogram,427.5,2025,6,14,5,1
2025-06-14,Blender,Home & Kitchen,10,55,0,Sylhet,550.0,2025,6,14,5,1
2025-06-14,Desk Lamp,Home & Kitchen,11,30,5,Rajshahi,313.5,2025,6,14,5,1
2025-06-14,Skincare Set,Beauty,10,45,0,Sylhet,450.0,2025,6,14,5,1
2025-06-15,Laptop,Electronics,4,850,0,Chattogram,3400.0,2025,6,15,6,1
2025-06-15,Smartphone,Electronics,9,500,10,Dhaka,4050.0,2025,6,15,6,1
2025-06-15,Headphones,Electronics,6,80,0,Dhaka,480.0,2025,6,15,6,1
2025-06-15,T-Shirt,Fashion,14,25,0,Dhaka,350.0,2025,6,15,6,1
2025-06-15,Sneakers,Fashion,8,60,15,Dhaka,408.0,2025,6,15,6,1
2025-06-15,Backpack,Fashion,9,40,0,Khulna,360.0,2025,6,15,6,1
2025-06-15,Coffee Maker,Home & Kitchen,7,90,0,Dhaka,630.0,2025,6,15,6,1
2025-06-15,Blender,Home & Kitchen,6,55,0,Rajshahi,330.0,2025,6,15,6,1
2025-06-15,Desk Lamp,Home & Kitchen,13,30,10,Rajshahi,351.0,2025,6,15,6,1
2025-06-15,Skincare Set,Beauty,17,45,15,Rajshahi,650.25,2025,6,15,6,1
2025-06-16,Laptop,Electronics,3,850,0,Sylhet,2550.0,2025,6,16,0,0
2025-06-16,Smartphone,Electronics,7,500,10,Dhaka,3150.0,2025,6,16,0,0
2025-06-16,Headphones,Electronics,10,80,0,Rajshahi,800.0,2025,6,16,0,0
2025-06-16,T-Shirt,Fashion,11,25,10,Rajshahi,247.5,2025,6,16,0,0
2025-06-16,Sneakers,Fashion,9,60,0,Chattogram,540.0,2025,6,16,0,0
2025-06-16,Backpack,Fashion,11,40,0,Sylhet,440.0,2025,6,16,0,0
2025-06-16,Coffee Maker,Home & Kitchen,7,90,5,Sylhet,598.5,2025,6,16,0,0
2025-06-16,Blender,Home & Kitchen,3,55,10,Chattogram,148.5,2025,6,16,0,0
2025-06-16,Desk Lamp,Home & Kitchen,16,30,10,Chattogram,432.0,2025,6,16,0,0
2025-06-16,Skincare Set,Beauty,7,45,0,Rajshahi,315.0,2025,6,16,0,0
2025-06-17,Laptop,Electronics,3,850,0,Sylhet,2550.0,2025,6,17,1,0
2025-06-17,Smartphone,Electronics,10,500,0,Khulna,5000.0,2025,6,17,1,0
2025-06-17,Headphones,Electronics,9,80,0,Chattogram,720.0,2025,6,17,1,0
2025-06-17,T-Shirt,Fashion,9,25,5,Dhaka,213.75,2025,6,17,1,0
2025-06-17,Sneakers,Fashion,8,60,5,Dhaka,456.0,2025,6,17,1,0
2025-06-17,Backpack,Fashion,11,40,5,Dhaka,418.0,2025,6,17,1,0
2025-06-17,Coffee Maker,Home & Kitchen,4,90,0,Sylhet,360.0,2025,6,17,1,0
2025-06-17,Blender,Home & Kitchen,10,55,0,Rajshahi,550.0,2025,6,17,1,0
2025-06-17,Desk Lamp,Home & Kitchen,12,30,0,Rajshahi,360.0,2025,6,17,1,0
2025-06-17,Skincare Set,Beauty,10,45,5,Khulna,427.5,2025,6,17,1,0
2025-06-18,Laptop,Electronics,3,850,10,Khulna,2295.0,2025,6,18,2,0
2025-06-18,Smartphone,Electronics,5,500,0,Sylhet,2500.0,2025,6,18,2,0
2025-06-18,Headphones,Electronics,6,80,5,Dhaka,456.0,2025,6,18,2,0
2025-06-18,T-Shirt,Fashion,5,25,5,Khulna,118.75,2025,6,18,2,0
2025-06-18,Sneakers,Fashion,6,60,10,Sylhet,324.0,2025,6,18,2,0
2025-06-18,Backpack,Fashion,10,40,0,Sylhet,400.0,2025,6,18,2,0
2025-06-18,Coffee Maker,Home & Kitchen,4,90,10,Sylhet,324.0,2025,6,18,2,0
2025-06-18,Blender,Home & Kitchen,3,55,0,Rajshahi,165.0,2025,6,18,2,0
2025-06-18,Desk Lamp,Home & Kitchen,9,30,5,Rajshahi,256.5,2025,6,18,2,0
2025-06-18,Skincare Set,Beauty,11,45,10,Khulna,445.5,2025,6,18,2,0
2025-06-19,Laptop,Electronics,0,850,0,Chattogram,0.0,2025,6,19,3,0
2025-06-19,Smartphone,Electronics,1,500,5,Dhaka,475.0,2025,6,19,3,0
2025-06-19,Headphones,Electronics,8,80,0,Sylhet,640.0,2025,6,19,3,0
2025-06-19,T-Shirt,Fashion,14,25,0,Khulna,350.0,2025,6,19,3,0
2025-06-19,Sneakers,Fashion,4,60,15,Khulna,204.0,2025,6,19,3,0
2025-06-19,Backpack,Fashion,11,40,0,Sylhet,440.0,2025,6,19,3,0
2025-06-19,Coffee Maker,Home & Kitchen,3,90,0,Chattogram,270.0,2025,6,19,3,0
2025-06-19,Blender,Home & Kitchen,7,55,10,Rajshahi,346.5,2025,6,19,3,0
2025-06-19,Desk Lamp,Home & Kitchen,10,30,0,Chattogram,300.0,2025,6,19,3,0
2025-06-19,Skincare Set,Beauty,8,45,0,Sylhet,360.0,2025,6,19,3,0
2025-06-20,Laptop,Electronics,5,850,0,Chattogram,4250.0,2025,6,20,4,0
2025-06-20,Smartphone,Electronics,6,500,5,Chattogram,2850.0,2025,6,20,4,0
2025-06-20,Headphones,Electronics,5,80,0,Dhaka,400.0,2025,6,20,4,0
2025-06-20,T-Shirt,Fashion,13,25,0,Chattogram,325.0,2025,6,20,4,0
2025-06-20,Sneakers,Fashion,7,60,10,Rajshahi,378.0,2025,6,20,4,0
2025-06-20,Backpack,Fashion,6,40,0,Chattogram,240.0,2025,6,20,4,0
2025-06-20,Coffee Maker,Home & Kitchen,7,90,0,Dhaka,630.0,2025,6,20,4,0
2025-06-20,Blender,Home & Kitchen,10,55,10,Dhaka,495.0,2025,6,20,4,0
2025-06-20,Desk Lamp,Home & Kitchen,6,30,15,Chattogram,153.0,2025,6,20,4,0
2025-06-20,Skincare Set,Beauty,5,45,0,Khulna,225.0,2025,6,20,4,0
2025-06-21,Laptop,Electronics,4,850,10,Khulna,3060.0,2025,6,21,5,1
2025-06-21,Smartphone,Electronics,3,500,5,Rajshahi,1425.0,2025,6,21,5,1
2025-06-21,Headphones,Electronics,11,80,0,Dhaka,880.0,2025,6,21,5,1
2025-06-21,T-Shirt,Fashion,15,25,10,Chattogram,337.5,2025,6,21,5,1
2025-06-21,Sneakers,Fashion,12,60,0,Chattogram,720.0,2025,6,21,5,1
2025-06-21,Backpack,Fashion,10,40,0,Rajshahi,400.0,2025,6,21,5,1
2025-06-21,Coffee Maker,Home & Kitchen,5,90,10,Dhaka,405.0,2025,6,21,5,1
2025-06-21,Blender,Home & Kitchen,8,55,0,Chattogram,440.0,2025,6,21,5,1
2025-06-21,Desk Lamp,Home & Kitchen,11,30,5,Dhaka,313.5,2025,6,21,5,1
2025-06-21,Skincare Set,Beauty,5,45,0,Rajshahi,225.0,2025,6,21,5,1
2025-06-22,Laptop,Electronics,6,850,10,Chattogram,4590.0,2025,6,22,6,1
2025-06-22,Smartphone,Electronics,5,500,10,Khulna,2250.0,2025,6,22,6,1
2025-06-22,Headphones,Electronics,11,80,0,Sylhet,880.0,2025,6,22,6,1
2025-06-22,T-Shirt,Fashion,17,25,0,Chattogram,425.0,2025,6,22,6,1
2025-06-22,Sneakers,Fashion,8,60,0,Rajshahi,480.0,2025,6,22,6,1
2025-06-22,Backpack,Fashion,9,40,15,Rajshahi,306.0,2025,6,22,6,1
2025-06-22,Coffee Maker,Home & Kitchen,9,90,0,Chattogram,810.0,2025,6,22,6,1
2025-06-22,Blender,Home & Kitchen,13,55,15,Sylhet,607.75,2025,6,22,6,1
2025-06-22,Desk Lamp,Home & Kitchen,10,30,0,Khulna,300.0,2025,6,22,6,1
2025-06-22,Skincare Set,Beauty,15,45,5,Chattogram,641.25,2025,6,22,6,1
2025-06-23,Laptop,Electronics,2,850,0,Dhaka,1700.0,2025,6,23,0,0
2025-06-23,Smartphone,Electronics,5,500,5,Chattogram,2375.0,2025,6,23,0,0
2025-06-23,Headphones,Electronics,8,80,0,Rajshahi,640.0,2025,6,23,0,0
2025-06-23,T-Shirt,Fashion,12,25,5,Khulna,285.0,2025,6,23,0,0
2025-06-23,Sneakers,Fashion,10,60,0,Dhaka,600.0,2025,6,23,0,0
2025-06-23,Backpack,Fashion,5,40,10,Sylhet,180.0,2025,6,23,0,0
2025-06-23,Coffee Maker,Home & Kitchen,7,90,5,Chattogram,598.5,2025,6,23,0,0
2025-06-23,Blender,Home & Kitchen,4,55,10,Chattogram,198.0,2025,6,23,0,0
2025-06-23,Desk Lamp,Home & Kitchen,11,30,5,Chattogram,313.5,2025,6,23,0,0
2025-06-23,Skincare Set,Beauty,17,45,5,Sylhet,726.75,2025,6,23,0,0
2025-06-24,Laptop,Electronics,3,850,0,Sylhet,2550.0,2025,6,24,1,0
2025-06-24,Smartphone,Electronics,1,500,0,Khulna,500.0,2025,6,24,1,0
2025-06-24,Headphones,Electronics,4,80,5,Dhaka,304.0,2025,6,24,1,0
2025-06-24,T-Shirt,Fashion,11,25,0,Rajshahi,275.0,2025,6,24,1,0
2025-06-24,Sneakers,Fashion,5,60,10,Rajshahi,270.0,2025,6,24,1,0
2025-06-24,Backpack,Fashion,8,40,10,Khulna,288.0,2025,6,24,1,0
2025-06-24,Coffee Maker,Home & Kitchen,3,90,5,Sylhet,256.5,2025,6,24,1,0
2025-06-24,Blender,Home & Kitchen,10,55,0,Sylhet,550.0,2025,6,24,1,0
2025-06-24,Desk Lamp,Home & Kitchen,11,30,5,Rajshahi,313.5,2025,6,24,1,0
2025-06-24,Skincare Set,Beauty,9,45,10,Dhaka,364.5,2025,6,24,1,0
2025-06-25,Laptop,Electronics,1,850,5,Chattogram,807.5,2025,6,25,2,0
2025-06-25,Smartphone,Electronics,4,500,10,Chattogram,1800.0,2025,6,25,2,0
2025-06-25,Headphones,Electronics,6,80,5,Dhaka,456.0,2025,6,25,2,0
2025-06-25,T-Shirt,Fashion,10,25,0,Sylhet,250.0,2025,6,25,2,0
2025-06-25,Sneakers,Fashion,9,60,5,Rajshahi,513.0,2025,6,25,2,0
2025-06-25,Backpack,Fashion,6,40,0,Rajshahi,240.0,2025,6,25,2,0
2025-06-25,Coffee Maker,Home & Kitchen,9,90,10,Dhaka,729.0,2025,6,25,2,0
2025-06-25,Blender,Home & Kitchen,4,55,0,Khulna,220.0,2025,6,25,2,0
2025-06-25,Desk Lamp,Home & Kitchen,8,30,0,Chattogram,240.0,2025,6,25,2,0
2025-06-25,Skincare Set,Beauty,12,45,0,Chattogram,540.0,2025,6,25,2,0
2025-06-26,Laptop,Electronics,6,850,0,Dhaka,5100.0,2025,6,26,3,0
2025-06-26,Smartphone,Electronics,9,500,0,Khulna,4500.0,2025,6,26,3,0
2025-06-26,Headphones,Electronics,7,80,10,Chattogram,504.0,2025,6,26,3,0
2025-06-26,T-Shirt,Fashion,13,25,5,Dhaka,308.75,2025,6,26,3,0
2025-06-26,Sneakers,Fashion,9,60,0,Chattogram,540.0,2025,6,26,3,0
2025-06-26,Backpack,Fashion,15,40,0,Rajshahi,600.0,2025,6,26,3,0
2025-06-26,Coffee Maker,Home & Kitchen,7,90,10,Rajshahi,567.0,2025,6,26,3,0
2025-06-26,Blender,Home & Kitchen,5,55,10,Chattogram,247.5,2025,6,26,3,0
2025-06-26,Desk Lamp,Home & Kitchen,10,30,10,Dhaka,270.0,2025,6,26,3,0
2025-06-26,Skincare Set,Beauty,10,45,0,Dhaka,450.0,2025,6,26,3,0
2025-06-27,Laptop,Electronics,4,850,5,Chattogram,3230.0,2025,6,27,4,0
2025-06-27,Smartphone,Electronics,5,500,5,Rajshahi,2375.0,2025,6,27,4,0
2025-06-27,Headphones,Electronics,7,80,0,Khulna,560.0,2025,6,27,4,0
2025-06-27,T-Shirt,Fashion,17,25,0,Dhaka,425.0,2025,6,27,4,0
2025-06-27,Sneakers,Fashion,7,60,5,Dhaka,399.0,2025,6,27,4,0
2025-06-27,Backpack,Fashion,7,40,10,Dhaka,252.0,2025,6,27,4,0
2025-06-27,Coffee Maker,Home & Kitchen,6,90,0,Sylhet,540.0,2025,6,27,4,0
2025-06-27,Blender,Home & Kitchen,3,55,5,Khulna,156.75,2025,6,27,4,0
2025-06-27,Desk Lamp,Home & Kitchen,6,30,5,Rajshahi,171.0,2025,6,27,4,0
2025-06-27,Skincare Set,Beauty,12,45,10,Khulna,486.0,2025,6,27,4,0
2025-06-28,Laptop,Electronics,4,850,15,Khulna,2890.0,2025,6,28,5,1
2025-06-28,Smartphone,Electronics,3,500,5,Chattogram,1425.0,2025,6,28,5,1
2025-06-28,Headphones,Electronics,8,80,5,Sylhet,608.0,2025,6,28,5,1
2025-06-28,T-Shirt,Fashion,13,25,0,Chattogram,325.0,2025,6,28,5,1
2025-06-28,Sneakers,Fashion,9,60,5,Sylhet,513.0,2025,6,28,5,1
2025-06-28,Backpack,Fashion,10,40,5,Dhaka,380.0,2025,6,28,5,1
2025-06-28,Coffee Maker,Home & Kitchen,8,90,0,Rajshahi,720.0,2025,6,28,5,1
2025-06-28,Blender,Home & Kitchen,10,55,0,Khulna,550.0,2025,6,28,5,1
2025-06-28,Desk Lamp,Home & Kitchen,10,30,0,Dhaka,300.0,2025,6,28,5,1
2025-06-28,Skincare Set,Beauty,14,45,5,Khulna,598.5,2025,6,28,5,1
2025-06-29,Laptop,Electronics,4,850,0,Rajshahi,3400.0,2025,6,29,6,1
2025-06-29,Smartphone,Electronics,7,500,0,Khulna,3500.0,2025,6,29,6,1
2025-06-29,Headphones,Electronics,11,80,0,Dhaka,880.0,2025,6,29,6,1
2025-06-29,T-Shirt,Fashion,17,25,0,Sylhet,425.0,2025,6,29,6,1
2025-06-29,Sneakers,Fashion,6,60,10,Dhaka,324.0,2025,6,29,6,1
2025-06-29,Backpack,Fashion,7,40,5,Khulna,266.0,2025,6,29,6,1
2025-06-29,Coffee Maker,Home & Kitchen,7,90,10,Rajshahi,567.0,2025,6,29,6,1
2025-06-29,Blender,Home & Kitchen,10,55,10,Sylhet,495.0,2025,6,29,6,1
2025-06-29,Desk Lamp,Home & Kitchen,13,30,0,Khulna,390.0,2025,6,29,6,1
2025-06-29,Skincare Set,Beauty,8,45,5,Dhaka,342.0,2025,6,29,6,1
2025-06-30,Laptop,Electronics,3,850,0,Chattogram,2550.0,2025,6,30,0,0
2025-06-30,Smartphone,Electronics,5,500,0,Dhaka,2500.0,2025,6,30,0,0
2025-06-30,Headphones,Electronics,12,80,5,Rajshahi,912.0,2025,6,30,0,0
2025-06-30,T-Shirt,Fashion,15,25,10,Sylhet,337.5,2025,6,30,0,0
2025-06-30,Sneakers,Fashion,6,60,0,Dhaka,360.0,2025,6,30,0,0
2025-06-30,Backpack,Fashion,5,40,0,Khulna,200.0,2025,6,30,0,0
2025-06-30,Coffee Maker,Home & Kitchen,7,90,5,Rajshahi,598.5,2025,6,30,0,0
2025-06-30,Blender,Home & Kitchen,8,55,0,Khulna,440.0,2025,6,30,0,0
2025-06-30,Desk Lamp,Home & Kitchen,8,30,0,Dhaka,240.0,2025,6,30,0,0
2025-06-30,Skincare Set,Beauty,14,45,5,Chattogram,598.5,2025,6,30,0,0
2025-07-01,Laptop,Electronics,2,850,5,Sylhet,1615.0,2025,7,1,1,0
2025-07-01,Smartphone,Electronics,3,500,10,Dhaka,1350.0,2025,7,1,1,0
2025-07-01,Headphones,Electronics,7,80,0,Khulna,560.0,2025,7,1,1,0
2025-07-01,T-Shirt,Fashion,12,25,5,Dhaka,285.0,2025,7,1,1,0
2025-07-01,Sneakers,Fashion,11,60,0,Sylhet,660.0,2025,7,1,1,0
2025-07-01,Backpack,Fashion,4,40,5,Chattogram,152.0,2025,7,1,1,0
2025-07-01,Coffee Maker,Home & Kitchen,6,90,0,Chattogram,540.0,2025,7,1,1,0
2025-07-01,Blender,Home & Kitchen,7,55,5,Khulna,365.75,2025,7,1,1,0
2025-07-01,Desk Lamp,Home & Kitchen,7,30,5,Rajshahi,199.5,2025,7,1,1,0
2025-07-01,Skincare Set,Beauty,11,45,10,Dhaka,445.5,2025,7,1,1,0
2025-07-02,Laptop,Electronics,3,850,0,Dhaka,2550.0,2025,7,2,2,0
2025-07-02,Smartphone,Electronics,4,500,5,Chattogram,1900.0,2025,7,2,2,0
2025-07-02,Headphones,Electronics,13,80,0,Khulna,1040.0,2025,7,2,2,0
2025-07-02,T-Shirt,Fashion,9,25,5,Khulna,213.75,2025,7,2,2,0
2025-07-02,Sneakers,Fashion,9,60,10,Sylhet,486.0,2025,7,2,2,0
2025-07-02,Backpack,Fashion,6,40,5,Chattogram,228.0,2025,7,2,2,0
2025-07-02,Coffee Maker,Home & Kitchen,5,90,10,Rajshahi,405.0,2025,7,2,2,0
2025-07-02,Blender,Home & Kitchen,10,55,0,Sylhet,550.0,2025,7,2,2,0
2025-07-02,Desk Lamp,Home & Kitchen,18,30,0,Sylhet,540.0,2025,7,2,2,0
2025-07-02,Skincare Set,Beauty,8,45,0,Khulna,360.0,2025,7,2,2,0
2025-07-03,Laptop,Electronics,4,850,5,Chattogram,3230.0,2025,7,3,3,0
2025-07-03,Smartphone,Electronics,6,500,10,Chattogram,2700.0,2025,7,3,3,0
2025-07-03,Headphones,Electronics,8,80,10,Dhaka,576.0,2025,7,3,3,0
2025-07-03,T-Shirt,Fashion,10,25,15,Chattogram,212.5,2025,7,3,3,0
2025-07-03,Sneakers,Fashion,16,60,10,Dhaka,864.0,2025,7,3,3,0
2025-07-03,Backpack,Fashion,6,40,0,Rajshahi,240.0,2025,7,3,3,0
2025-07-03,Coffee Maker,Home & Kitchen,1,90,5,Sylhet,85.5,2025,7,3,3,0
2025-07-03,Blender,Home & Kitchen,6,55,0,Chattogram,330.0,2025,7,3,3,0
2025-07-03,Desk Lamp,Home & Kitchen,10,30,0,Rajshahi,300.0,2025,7,3,3,0
2025-07-03,Skincare Set,Beauty,12,45,10,Khulna,486.0,2025,7,3,3,0
2025-07-04,Laptop,Electronics,3,850,10,Chattogram,2295.0,2025,7,4,4,0
2025-07-04,Smartphone,Electronics,5,500,10,Dhaka,2250.0,2025,7,4,4,0
2025-07-04,Headphones,Electronics,7,80,5,Khulna,532.0,2025,7,4,4,0
2025-07-04,T-Shirt,Fashion,15,25,5,Khulna,356.25,2025,7,4,4,0
2025-07-04,Sneakers,Fashion,4,60,5,Dhaka,228.0,2025,7,4,4,0
2025-07-04,Backpack,Fashion,11,40,0,Sylhet,440.0,2025,7,4,4,0
2025-07-04,Coffee Maker,Home & Kitchen,9,90,10,Sylhet,729.0,2025,7,4,4,0
2025-07-04,Blender,Home & Kitchen,11,55,0,Rajshahi,605.0,2025,7,4,4,0
2025-07-04,Desk Lamp,Home & Kitchen,7,30,5,Dhaka,199.5,2025,7,4,4,0
2025-07-04,Skincare Set,Beauty,9,45,10,Sylhet,364.5,2025,7,4,4,0
2025-07-05,Laptop,Electronics,4,850,0,Rajshahi,3400.0,2025,7,5,5,1
2025-07-05,Smartphone,Electronics,5,500,0,Khulna,2500.0,2025,7,5,5,1
2025-07-05,Headphones,Electronics,8,80,0,Chattogram,640.0,2025,7,5,5,1
2025-07-05,T-Shirt,Fashion,17,25,0,Khulna,425.0,2025,7,5,5,1
2025-07-05,Sneakers,Fashion,7,60,0,Chattogram,420.0,2025,7,5,5,1
2025-07-05,Backpack,Fashion,11,40,10,Khulna,396.0,2025,7,5,5,1
2025-07-05,Coffee Maker,Home & Kitchen,4,90,0,Sylhet,360.0,2025,7,5,5,1
2025-07-05,Blender,Home & Kitchen,7,55,5,Chattogram,365.75,2025,7,5,5,1
2025-07-05,Desk Lamp,Home & Kitchen,15,30,0,Chattogram,450.0,2025,7,5,5,1
2025-07-05,Skincare Set,Beauty,7,45,0,Khulna,315.0,2025,7,5,5,1
2025-07-06,Laptop,Electronics,4,850,5,Sylhet,3230.0,2025,7,6,6,1
2025-07-06,Smartphone,Electronics,6,500,5,Sylhet,2850.0,2025,7,6,6,1
2025-07-06,Headphones,Electronics,6,80,0,Sylhet,480.0,2025,7,6,6,1
2025-07-06,T-Shirt,Fashion,11,25,0,Dhaka,275.0,2025,7,6,6,1
2025-07-06,Sneakers,Fashion,7,60,5,Khulna,399.0,2025,7,6,6,1
2025-07-06,Backpack,Fashion,12,40,5,Chattogram,456.0,2025,7,6,6,1
2025-07-06,Coffee Maker,Home & Kitchen,4,90,15,Khulna,306.0,2025,7,6,6,1
2025-07-06,Blender,Home & Kitchen,8,55,0,Khulna,440.0,2025,7,6,6,1
2025-07-06,Desk Lamp,Home & Kitchen,20,30,5,Sylhet,570.0,2025,7,6,6,1
2025-07-06,Skincare Set,Beauty,5,45,0,Sylhet,225.0,2025,7,6,6,1
2025-07-07,Laptop,Electronics,3,850,0,Chattogram,2550.0,2025,7,7,0,0
2025-07-07,Smartphone,Electronics,7,500,0,Chattogram,3500.0,2025,7,7,0,0
2025-07-07,Headphones,Electronics,14,80,10,Sylhet,1008.0,2025,7,7,0,0
2025-07-07,T-Shirt,Fashion,7,25,5,Khulna,166.25,2025,7,7,0,0
2025-07-07,Sneakers,Fashion,4,60,0,Dhaka,240.0,2025,7,7,0,0
2025-07-07,Backpack,Fashion,6,40,0,Sylhet,240.0,2025,7,7,0,0
2025-07-07,Coffee Maker,Home & Kitchen,3,90,0,Dhaka,270.0,2025,7,7,0,0
2025-07-07,Blender,Home & Kitchen,8,55,5,Sylhet,418.0,2025,7,7,0,0
2025-07-07,Desk Lamp,Home & Kitchen,7,30,10,Dhaka,189.0,2025,7,7,0,0
2025-07-07,Skincare Set,Beauty,12,45,10,Dhaka,486.0,2025,7,7,0,0
2025-07-08,Laptop,Electronics,7,850,10,Dhaka,5355.0,2025,7,8,1,0
2025-07-08,Smartphone,Electronics,9,500,0,Sylhet,4500.0,2025,7,8,1,0
2025-07-08,Headphones,Electronics,13,80,0,Rajshahi,1040.0,2025,7,8,1,0
2025-07-08,T-Shirt,Fashion,11,25,0,Sylhet,275.0,2025,7,8,1,0
2025-07-08,Sneakers,Fashion,2,60,5,Dhaka,114.0,2025,7,8,1,0
2025-07-08,Backpack,Fashion,7,40,0,Khulna,280.0,2025,7,8,1,0
2025-07-08,Coffee Maker,Home & Kitchen,6,90,5,Khulna,513.0,2025,7,8,1,0
2025-07-08,Blender,Home & Kitchen,5,55,10,Chattogram,247.5,2025,7,8,1,0
2025-07-08,Desk Lamp,Home & Kitchen,8,30,5,Rajshahi,228.0,2025,7,8,1,0
2025-07-08,Skincare Set,Beauty,11,45,5,Dhaka,470.25,2025,7,8,1,0
2025-07-09,Laptop,Electronics,1,850,15,Chattogram,722.5,2025,7,9,2,0
2025-07-09,Smartphone,Electronics,5,500,5,Dhaka,2375.0,2025,7,9,2,0
2025-07-09,Headphones,Electronics,9,80,15,Sylhet,612.0,2025,7,9,2,0
2025-07-09,T-Shirt,Fashion,15,25,10,Sylhet,337.5,2025,7,9,2,0
2025-07-09,Sneakers,Fashion,5,60,5,Dhaka,285.0,2025,7,9,2,0
2025-07-09,Backpack,Fashion,11,40,10,Dhaka,396.0,2025,7,9,2,0
2025-07-09,Coffee Maker,Home & Kitchen,11,90,0,Rajshahi,990.0,2025,7,9,2,0
2025-07-09,Blender,Home & Kitchen,11,55,0,Rajshahi,605.0,2025,7,9,2,0
2025-07-09,Desk Lamp,Home & Kitchen,9,30,0,Dhaka,270.0,2025,7,9,2,0
2025-07-09,Skincare Set,Beauty,10,45,10,Rajshahi,405.0,2025,7,9,2,0
2025-07-10,Laptop,Electronics,2,850,5,Khulna,1615.0,2025,7,10,3,0
2025-07-10,Smartphone,Electronics,6,500,10,Khulna,2700.0,2025,7,10,3,0
2025-07-10,Headphones,Electronics,8,80,0,Sylhet,640.0,2025,7,10,3,0
2025-07-10,T-Shirt,Fashion,10,25,10,Khulna,225.0,2025,7,10,3,0
2025-07-10,Sneakers,Fashion,8,60,0,Sylhet,480.0,2025,7,10,3,0
2025-07-10,Backpack,Fashion,11,40,5,Rajshahi,418.0,2025,7,10,3,0
2025-07-10,Coffee Maker,Home & Kitchen,1,90,0,Dhaka,90.0,2025,7,10,3,0
2025-07-10,Blender,Home & Kitchen,3,55,0,Rajshahi,165.0,2025,7,10,3,0
2025-07-10,Desk Lamp,Home & Kitchen,10,30,0,Chattogram,300.0,2025,7,10,3,0
2025-07-10,Skincare Set,Beauty,6,45,0,Rajshahi,270.0,2025,7,10,3,0
2025-07-11,Laptop,Electronics,2,850,5,Dhaka,1615.0,2025,7,11,4,0
2025-07-11,Smartphone,Electronics,4,500,5,Khulna,1900.0,2025,7,11,4,0
2025-07-11,Headphones,Electronics,7,80,0,Khulna,560.0,2025,7,11,4,0
2025-07-11,T-Shirt,Fashion,6,25,5,Dhaka,142.5,2025,7,11,4,0
2025-07-11,Sneakers,Fashion,4,60,0,Rajshahi,240.0,2025,7,11,4,0
2025-07-11,Backpack,Fashion,12,40,0,Chattogram,480.0,2025,7,11,4,0
2025-07-11,Coffee Maker,Home & Kitchen,3,90,15,Sylhet,229.5,2025,7,11,4,0
2025-07-11,Blender,Home & Kitchen,5,55,0,Chattogram,275.0,2025,7,11,4,0
2025-07-11,Desk Lamp,Home & Kitchen,6,30,0,Chattogram,180.0,2025,7,11,4,0
2025-07-11,Skincare Set,Beauty,12,45,0,Dhaka,540.0,2025,7,11,4,0
2025-07-12,Laptop,Electronics,3,850,0,Rajshahi,2550.0,2025,7,12,5,1
2025-07-12,Smartphone,Electronics,7,500,10,Khulna,3150.0,2025,7,12,5,1
2025-07-12,Headphones,Electronics,11,80,5,Khulna,836.0,2025,7,12,5,1
2025-07-12,T-Shirt,Fashion,10,25,10,Rajshahi,225.0,2025,7,12,5,1
2025-07-12,Sneakers,Fashion,9,60,5,Rajshahi,513.0,2025,7,12,5,1
2025-07-12,Backpack,Fashion,6,40,0,Chattogram,240.0,2025,7,12,5,1
2025-07-12,Coffee Maker,Home & Kitchen,7,90,0,Khulna,630.0,2025,7,12,5,1
2025-07-12,Blender,Home & Kitchen,5,55,5,Chattogram,261.25,2025,7,12,5,1
2025-07-12,Desk Lamp,Home & Kitchen,8,30,0,Sylhet,240.0,2025,7,12,5,1
2025-07-12,Skincare Set,Beauty,7,45,0,Sylhet,315.0,2025,7,12,5,1
2025-07-13,Laptop,Electronics,8,850,10,Khulna,6120.0,2025,7,13,6,1
2025-07-13,Smartphone,Electronics,9,500,5,Sylhet,4275.0,2025,7,13,6,1
2025-07-13,Headphones,Electronics,8,80,0,Dhaka,640.0,2025,7,13,6,1
2025-07-13,T-Shirt,Fashion,8,25,10,Dhaka,180.0,2025,7,13,6,1
2025-07-13,Sneakers,Fashion,9,60,0,Khulna,540.0,2025,7,13,6,1
2025-07-13,Backpack,Fashion,11,40,10,Khulna,396.0,2025,7,13,6,1
2025-07-13,Coffee Maker,Home & Kitchen,11,90,10,Rajshahi,891.0,2025,7,13,6,1
2025-07-13,Blender,Home & Kitchen,13,55,5,Khulna,679.25,2025,7,13,6,1
2025-07-13,Desk Lamp,Home & Kitchen,14,30,15,Sylhet,357.0,2025,7,13,6,1
2025-07-13,Skincare Set,Beauty,9,45,5,Chattogram,384.75,2025,7,13,6,1
2025-07-14,Laptop,Electronics,4,850,0,Sylhet,3400.0,2025,7,14,0,0
2025-07-14,Smartphone,Electronics,4,500,0,Dhaka,2000.0,2025,7,14,0,0
2025-07-14,Headphones,Electronics,7,80,0,Chattogram,560.0,2025,7,14,0,0
2025-07-14,T-Shirt,Fashion,6,25,5,Rajshahi,142.5,2025,7,14,0,0
2025-07-14,Sneakers,Fashion,8,60,5,Rajshahi,456.0,2025,7,14,0,0
2025-07-14,Backpack,Fashion,6,40,0,Sylhet,240.0,2025,7,14,0,0
2025-07-14,Coffee Maker,Home & Kitchen,4,90,0,Rajshahi,360.0,2025,7,14,0,0
2025-07-14,Blender,Home & Kitchen,9,55,0,Chattogram,495.0,2025,7,14,0,0
2025-07-14,Desk Lamp,Home & Kitchen,4,30,5,Khulna,114.0,2025,7,14,0,0
2025-07-14,Skincare Set,Beauty,6,45,10,Chattogram,243.0,2025,7,14,0,0
2025-07-15,Laptop,Electronics,6,850,0,Khulna,5100.0,2025,7,15,1,0
2025-07-15,Smartphone,Electronics,6,500,0,Khulna,3000.0,2025,7,15,1,0
2025-07-15,Headphones,Electronics,9,80,10,Chattogram,648.0,2025,7,15,1,0
2025-07-15,T-Shirt,Fashion,13,25,5,Chattogram,308.75,2025,7,15,1,0
2025-07-15,Sneakers,Fashion,11,60,10,Sylhet,594.0,2025,7,15,1,0
2025-07-15,Backpack,Fashion,14,40,0,Sylhet,560.0,2025,7,15,1,0
2025-07-15,Coffee Maker,Home & Kitchen,3,90,5,Sylhet,256.5,2025,7,15,1,0
2025-07-15,Blender,Home & Kitchen,4,55,10,Dhaka,198.0,2025,7,15,1,0
2025-07-15,Desk Lamp,Home & Kitchen,5,30,0,Rajshahi,150.0,2025,7,15,1,0
2025-07-15,Skincare Set,Beauty,13,45,10,Sylhet,526.5,2025,7,15,1,0
2025-07-16,Laptop,Electronics,0,850,0,Chattogram,0.0,2025,7,16,2,0
2025-07-16,Smartphone,Electronics,1,500,10,Khulna,450.0,2025,7,16,2,0
2025-07-16,Headphones,Electronics,7,80,10,Khulna,504.0,2025,7,16,2,0
2025-07-16,T-Shirt,Fashion,14,25,0,Chattogram,350.0,2025,7,16,2,0
2025-07-16,Sneakers,Fashion,7,60,5,Sylhet,399.0,2025,7,16,2,0
2025-07-16,Backpack,Fashion,8,40,0,Sylhet,320.0,2025,7,16,2,0
2025-07-16,Coffee Maker,Home & Kitchen,5,90,10,Dhaka,405.0,2025,7,16,2,0
2025-07-16,Blender,Home & Kitchen,5,55,0,Sylhet,275.0,2025,7,16,2,0
2025-07-16,Desk Lamp,Home & Kitchen,5,30,5,Sylhet,142.5,2025,7,16,2,0
2025-07-16,Skincare Set,Beauty,3,45,5,Sylhet,128.25,2025,7,16,2,0
2025-07-17,Laptop,Electronics,6,850,5,Khulna,4845.0,2025,7,17,3,0
2025-07-17,Smartphone,Electronics,2,500,10,Dhaka,900.0,2025,7,17,3,0
2025-07-17,Headphones,Electronics,13,80,5,Rajshahi,988.0,2025,7,17,3,0
2025-07-17,T-Shirt,Fashion,12,25,5,Dhaka,285.0,2025,7,17,3,0
2025-07-17,Sneakers,Fashion,5,60,0,Rajshahi,300.0,2025,7,17,3,0
2025-07-17,Backpack,Fashion,9,40,5,Rajshahi,342.0,2025,7,17,3,0
2025-07-17,Coffee Maker,Home & Kitchen,6,90,10,Rajshahi,486.0,2025,7,17,3,0
2025-07-17,Blender,Home & Kitchen,4,55,5,Chattogram,209.0,2025,7,17,3,0
2025-07-17,Desk Lamp,Home & Kitchen,5,30,0,Sylhet,150.0,2025,7,17,3,0
2025-07-17,Skincare Set,Beauty,8,45,10,Chattogram,324.0,2025,7,17,3,0
2025-07-18,Laptop,Electronics,4,850,0,Sylhet,3400.0,2025,7,18,4,0
2025-07-18,Smartphone,Electronics,5,500,0,Dhaka,2500.0,2025,7,18,4,0
2025-07-18,Headphones,Electronics,5,80,0,Rajshahi,400.0,2025,7,18,4,0
2025-07-18,T-Shirt,Fashion,16,25,0,Rajshahi,400.0,2025,7,18,4,0
2025-07-18,Sneakers,Fashion,8,60,0,Dhaka,480.0,2025,7,18,4,0
2025-07-18,Backpack,Fashion,7,40,0,Khulna,280.0,2025,7,18,4,0
2025-07-18,Coffee Maker,Home & Kitchen,6,90,10,Rajshahi,486.0,2025,7,18,4,0
2025-07-18,Blender,Home & Kitchen,7,55,0,Rajshahi,385.0,2025,7,18,4,0
2025-07-18,Desk Lamp,Home & Kitchen,13,30,10,Sylhet,351.0,2025,7,18,4,0
2025-07-18,Skincare Set,Beauty,5,45,0,Dhaka,225.0,2025,7,18,4,0
2025-07-19,Laptop,Electronics,3,850,0,Chattogram,2550.0,2025,7,19,5,1
2025-07-19,Smartphone,Electronics,3,500,10,Khulna,1350.0,2025,7,19,5,1
2025-07-19,Headphones,Electronics,12,80,5,Dhaka,912.0,2025,7,19,5,1
2025-07-19,T-Shirt,Fashion,11,25,10,Chattogram,247.5,2025,7,19,5,1
2025-07-19,Sneakers,Fashion,6,60,0,Dhaka,360.0,2025,7,19,5,1
2025-07-19,Backpack,Fashion,11,40,0,Rajshahi,440.0,2025,7,19,5,1
2025-07-19,Coffee Maker,Home & Kitchen,5,90,5,Rajshahi,427.5,2025,7,19,5,1
2025-07-19,Blender,Home & Kitchen,10,55,5,Rajshahi,522.5,2025,7,19,5,1
2025-07-19,Desk Lamp,Home & Kitchen,11,30,10,Dhaka,297.0,2025,7,19,5,1
2025-07-19,Skincare Set,Beauty,10,45,5,Rajshahi,427.5,2025,7,19,5,1
2025-07-20,Laptop,Electronics,6,850,10,Dhaka,4590.0,2025,7,20,6,1
2025-07-20,Smartphone,Electronics,4,500,0,Sylhet,2000.0,2025,7,20,6,1
2025-07-20,Headphones,Electronics,5,80,5,Rajshahi,380.0,2025,7,20,6,1
2025-07-20,T-Shirt,Fashion,11,25,10,Chattogram,247.5,2025,7,20,6,1
2025-07-20,Sneakers,Fashion,9,60,0,Khulna,540.0,2025,7,20,6,1
2025-07-20,Backpack,Fashion,11,40,0,Sylhet,440.0,2025,7,20,6,1
2025-07-20,Coffee Maker,Home & Kitchen,2,90,15,Sylhet,153.0,2025,7,20,6,1
2025-07-20,Blender,Home & Kitchen,5,55,5,Chattogram,261.25,2025,7,20,6,1
2025-07-20,Desk Lamp,Home & Kitchen,11,30,0,Dhaka,330.0,2025,7,20,6,1
2025-07-20,Skincare Set,Beauty,11,45,0,Chattogram,495.0,2025,7,20,6,1
2025-07-21,Laptop,Electronics,2,850,10,Dhaka,1530.0,2025,7,21,0,0
2025-07-21,Smartphone,Electronics,6,500,5,Khulna,2850.0,2025,7,21,0,0
2025-07-21,Headphones,Electronics,5,80,10,Chattogram,360.0,2025,7,21,0,0
2025-07-21,T-Shirt,Fashion,10,25,15,Dhaka,212.5,2025,7,21,0,0
2025-07-21,Sneakers,Fashion,2,60,0,Sylhet,120.0,2025,7,21,0,0
2025-07-21,Backpack,Fashion,9,40,0,Sylhet,360.0,2025,7,21,0,0
2025-07-21,Coffee Maker,Home & Kitchen,7,90,5,Chattogram,598.5,2025,7,21,0,0
2025-07-21,Blender,Home & Kitchen,7,55,5,Sylhet,365.75,2025,7,21,0,0
2025-07-21,Desk Lamp,Home & Kitchen,17,30,0,Rajshahi,510.0,2025,7,21,0,0
2025-07-21,Skincare Set,Beauty,12,45,5,Chattogram,513.0,2025,7,21,0,0
2025-07-22,Laptop,Electronics,3,850,5,Chattogram,2422.5,2025,7,22,1,0
2025-07-22,Smartphone,Electronics,2,500,5,Sylhet,950.0,2025,7,22,1,0
2025-07-22,Headphones,Electronics,8,80,5,Dhaka,608.0,2025,7,22,1,0
2025-07-22,T-Shirt,Fashion,11,25,0,Khulna,275.0,2025,7,22,1,0
2025-07-22,Sneakers,Fashion,3,60,10,Chattogram,162.0,2025,7,22,1,0
2025-07-22,Backpack,Fashion,4,40,5,Chattogram,152.0,2025,7,22,1,0
2025-07-22,Coffee Maker,Home & Kitchen,4,90,5,Rajshahi,342.0,2025,7,22,1,0
2025-07-22,Blender,Home & Kitchen,10,55,0,Dhaka,550.0,2025,7,22,1,0
2025-07-22,Desk Lamp,Home & Kitchen,12,30,0,Dhaka,360.0,2025,7,22,1,0
2025-07-22,Skincare Set,Beauty,5,45,0,Rajshahi,225.0,2025,7,22,1,0
2025-07-23,Laptop,Electronics,6,850,0,Dhaka,5100.0,2025,7,23,2,0
2025-07-23,Smartphone,Electronics,3,500,0,Chattogram,1500.0,2025,7,23,2,0
2025-07-23,Headphones,Electronics,7,80,5,Khulna,532.0,2025,7,23,2,0
2025-07-23,T-Shirt,Fashion,12,25,0,Khulna,300.0,2025,7,23,2,0
2025-07-23,Sneakers,Fashion,8,60,0,Chattogram,480.0,2025,7,23,2,0
2025-07-23,Backpack,Fashion,8,40,0,Rajshahi,320.0,2025,7,23,2,0
2025-07-23,Coffee Maker,Home & Kitchen,10,90,5,Chattogram,855.0,2025,7,23,2,0
2025-07-23,Blender,Home & Kitchen,4,55,10,Dhaka,198.0,2025,7,23,2,0
2025-07-23,Desk Lamp,Home & Kitchen,8,30,5,Rajshahi,228.0,2025,7,23,2,0
2025-07-23,Skincare Set,Beauty,8,45,10,Chattogram,324.0,2025,7,23,2,0
2025-07-24,Laptop,Electronics,1,850,10,Dhaka,765.0,2025,7,24,3,0
2025-07-24,Smartphone,Electronics,2,500,10,Sylhet,900.0,2025,7,24,3,0
2025-07-24,Headphones,Electronics,4,80,10,Rajshahi,288.0,2025,7,24,3,0
2025-07-24,T-Shirt,Fashion,15,25,10,Chattogram,337.5,2025,7,24,3,0
2025-07-24,Sneakers,Fashion,2,60,10,Khulna,108.0,2025,7,24,3,0
2025-07-24,Backpack,Fashion,12,40,5,Dhaka,456.0,2025,7,24,3,0
2025-07-24,Coffee Maker,Home & Kitchen,6,90,5,Khulna,513.0,2025,7,24,3,0
2025-07-24,Blender,Home & Kitchen,4,55,5,Sylhet,209.0,2025,7,24,3,0
2025-07-24,Desk Lamp,Home & Kitchen,6,30,10,Khulna,162.0,2025,7,24,3,0
2025-07-24,Skincare Set,Beauty,6,45,5,Khulna,256.5,2025,7,24,3,0
2025-07-25,Laptop,Electronics,0,850,10,Chattogram,0.0,2025,7,25,4,0
2025-07-25,Smartphone,Electronics,7,500,0,Sylhet,3500.0,2025,7,25,4,0
2025-07-25,Headphones,Electronics,4,80,0,Rajshahi,320.0,2025,7,25,4,0
2025-07-25,T-Shirt,Fashion,12,25,0,Khulna,300.0,2025,7,25,4,0
2025-07-25,Sneakers,Fashion,7,60,0,Khulna,420.0,2025,7,25,4,0
2025-07-25,Backpack,Fashion,6,40,0,Sylhet,240.0,2025,7,25,4,0
2025-07-25,Coffee Maker,Home & Kitchen,6,90,5,Dhaka,513.0,2025,7,25,4,0
2025-07-25,Blender,Home & Kitchen,5,55,5,Khulna,261.25,2025,7,25,4,0
2025-07-25,Desk Lamp,Home & Kitchen,13,30,10,Khulna,351.0,2025,7,25,4,0
2025-07-25,Skincare Set,Beauty,7,45,0,Sylhet,315.0,2025,7,25,4,0
2025-07-26,Laptop,Electronics,6,850,5,Sylhet,4845.0,2025,7,26,5,1
2025-07-26,Smartphone,Electronics,1,500,0,Chattogram,500.0,2025,7,26,5,1
2025-07-26,Headphones,Electronics,10,80,10,Dhaka,720.0,2025,7,26,5,1
2025-07-26,T-Shirt,Fashion,13,25,0,Khulna,325.0,2025,7,26,5,1
2025-07-26,Sneakers,Fashion,7,60,5,Chattogram,399.0,2025,7,26,5,1
2025-07-26,Backpack,Fashion,9,40,5,Rajshahi,342.0,2025,7,26,5,1
2025-07-26,Coffee Maker,Home & Kitchen,5,90,0,Chattogram,450.0,2025,7,26,5,1
2025-07-26,Blender,Home & Kitchen,5,55,10,Dhaka,247.5,2025,7,26,5,1
2025-07-26,Desk Lamp,Home & Kitchen,8,30,10,Khulna,216.0,2025,7,26,5,1
2025-07-26,Skincare Set,Beauty,8,45,0,Khulna,360.0,2025,7,26,5,1
2025-07-27,Laptop,Electronics,1,850,10,Dhaka,765.0,2025,7,27,6,1
2025-07-27,Smartphone,Electronics,2,500,0,Sylhet,1000.0,2025,7,27,6,1
2025-07-27,Headphones,Electronics,11,80,0,Sylhet,880.0,2025,7,27,6,1
2025-07-27,T-Shirt,Fashion,12,25,0,Rajshahi,300.0,2025,7,27,6,1
2025-07-27,Sneakers,Fashion,8,60,10,Rajshahi,432.0,2025,7,27,6,1
2025-07-27,Backpack,Fashion,10,40,10,Khulna,360.0,2025,7,27,6,1
2025-07-27,Coffee Maker,Home & Kitchen,7,90,5,Dhaka,598.5,2025,7,27,6,1
2025-07-27,Blender,Home & Kitchen,8,55,5,Dhaka,418.0,2025,7,27,6,1
2025-07-27,Desk Lamp,Home & Kitchen,7,30,0,Sylhet,210.0,2025,7,27,6,1
2025-07-27,Skincare Set,Beauty,8,45,5,Chattogram,342.0,2025,7,27,6,1
2025-07-28,Laptop,Electronics,4,850,0,Rajshahi,3400.0,2025,7,28,0,0
2025-07-28,Smartphone,Electronics,6,500,0,Khulna,3000.0,2025,7,28,0,0
2025-07-28,Headphones,Electronics,11,80,5,Khulna,836.0,2025,7,28,0,0
2025-07-28,T-Shirt,Fashion,14,25,0,Rajshahi,350.0,2025,7,28,0,0
2025-07-28,Sneakers,Fashion,10,60,0,Chattogram,600.0,2025,7,28,0,0
2025-07-28,Backpack,Fashion,8,40,0,Chattogram,320.0,2025,7,28,0,0
2025-07-28,Coffee Maker,Home & Kitchen,2,90,15,Chattogram,153.0,2025,7,28,0,0
2025-07-28,Blender,Home & Kitchen,5,55,5,Sylhet,261.25,2025,7,28,0,0
2025-07-28,Desk Lamp,Home & Kitchen,9,30,10,Chattogram,243.0,2025,7,28,0,0
2025-07-28,Skincare Set,Beauty,9,45,0,Dhaka,405.0,2025,7,28,0,0
2025-07-29,Laptop,Electronics,2,850,5,Rajshahi,1615.0,2025,7,29,1,0
2025-07-29,Smartphone,Electronics,5,500,0,Khulna,2500.0,2025,7,29,1,0
2025-07-29,Headphones,Electronics,10,80,0,Khulna,800.0,2025,7,29,1,0
2025-07-29,T-Shirt,Fashion,14,25,0,Khulna,350.0,2025,7,29,1,0
2025-07-29,Sneakers,Fashion,6,60,5,Chattogram,342.0,2025,7,29,1,0
2025-07-29,Backpack,Fashion,4,40,10,Sylhet,144.0,2025,7,29,1,0
2025-07-29,Coffee Maker,Home & Kitchen,1,90,10,Sylhet,81.0,2025,7,29,1,0
2025-07-29,Blender,Home & Kitchen,7,55,0,Rajshahi,385.0,2025,7,29,1,0
2025-07-29,Desk Lamp,Home & Kitchen,11,30,0,Khulna,330.0,2025,7,29,1,0
2025-07-29,Skincare Set,Beauty,8,45,0,Sylhet,360.0,2025,7,29,1,0
2025-07-30,Laptop,Electronics,3,850,5,Sylhet,2422.5,2025,7,30,2,0
2025-07-30,Smartphone,Electronics,6,500,0,Khulna,3000.0,2025,7,30,2,0
2025-07-30,Headphones,Electronics,13,80,5,Rajshahi,988.0,2025,7,30,2,0
2025-07-30,T-Shirt,Fashion,3,25,0,Rajshahi,75.0,2025,7,30,2,0
2025-07-30,Sneakers,Fashion,4,60,5,Khulna,228.0,2025,7,30,2,0
2025-07-30,Backpack,Fashion,7,40,5,Dhaka,266.0,2025,7,30,2,0
2025-07-30,Coffee Maker,Home & Kitchen,1,90,5,Chattogram,85.5,2025,7,30,2,0
2025-07-30,Blender,Home & Kitchen,7,55,10,Sylhet,346.5,2025,7,30,2,0
2025-07-30,Desk Lamp,Home & Kitchen,8,30,10,Rajshahi,216.0,2025,7,30,2,0
2025-07-30,Skincare Set,Beauty,7,45,5,Chattogram,299.25,2025,7,30,2,0
2025-07-31,Laptop,Electronics,2,850,5,Chattogram,1615.0,2025,7,31,3,0
2025-07-31,Smartphone,Electronics,6,500,0,Sylhet,3000.0,2025,7,31,3,0
2025-07-31,Headphones,Electronics,7,80,10,Dhaka,504.0,2025,7,31,3,0
2025-07-31,T-Shirt,Fashion,5,25,15,Khulna,106.25,2025,7,31,3,0
2025-07-31,Sneakers,Fashion,4,60,15,Chattogram,204.0,2025,7,31,3,0
2025-07-31,Backpack,Fashion,7,40,5,Dhaka,266.0,2025,7,31,3,0
2025-07-31,Coffee Maker,Home & Kitchen,9,90,0,Khulna,810.0,2025,7,31,3,0
2025-07-31,Blender,Home & Kitchen,2,55,0,Dhaka,110.0,2025,7,31,3,0
2025-07-31,Desk Lamp,Home & Kitchen,7,30,0,Sylhet,210.0,2025,7,31,3,0
2025-07-31,Skincare Set,Beauty,12,45,10,Chattogram,486.0,2025,7,31,3,0
2025-08-01,Laptop,Electronics,4,850,5,Chattogram,3230.0,2025,8,1,4,0
2025-08-01,Smartphone,Electronics,6,500,5,Chattogram,2850.0,2025,8,1,4,0
2025-08-01,Headphones,Electronics,8,80,15,Chattogram,544.0,2025,8,1,4,0
2025-08-01,T-Shirt,Fashion,10,25,0,Rajshahi,250.0,2025,8,1,4,0
2025-08-01,Sneakers,Fashion,1,60,0,Rajshahi,60.0,2025,8,1,4,0
2025-08-01,Backpack,Fashion,9,40,0,Dhaka,360.0,2025,8,1,4,0
2025-08-01,Coffee Maker,Home & Kitchen,4,90,0,Dhaka,360.0,2025,8,1,4,0
2025-08-01,Blender,Home & Kitchen,7,55,10,Sylhet,346.5,2025,8,1,4,0
2025-08-01,Desk Lamp,Home & Kitchen,7,30,0,Rajshahi,210.0,2025,8,1,4,0
2025-08-01,Skincare Set,Beauty,7,45,0,Chattogram,315.0,2025,8,1,4,0
2025-08-02,Laptop,Electronics,6,850,0,Khulna,5100.0,2025,8,2,5,1
2025-08-02,Smartphone,Electronics,3,500,10,Sylhet,1350.0,2025,8,2,5,1
2025-08-02,Headphones,Electronics,9,80,5,Dhaka,684.0,2025,8,2,5,1
2025-08-02,T-Shirt,Fashion,14,25,5,Sylhet,332.5,2025,8,2,5,1
2025-08-02,Sneakers,Fashion,6,60,0,Khulna,360.0,2025,8,2,5,1
2025-08-02,Backpack,Fashion,11,40,0,Chattogram,440.0,2025,8,2,5,1
2025-08-02,Coffee Maker,Home & Kitchen,4,90,15,Dhaka,306.0,2025,8,2,5,1
2025-08-02,Blender,Home & Kitchen,10,55,5,Khulna,522.5,2025,8,2,5,1
2025-08-02,Desk Lamp,Home & Kitchen,11,30,10,Dhaka,297.0,2025,8,2,5,1
2025-08-02,Skincare Set,Beauty,7,45,0,Chattogram,315.0,2025,8,2,5,1
2025-08-03,Laptop,Electronics,3,850,5,Rajshahi,2422.5,2025,8,3,6,1
2025-08-03,Smartphone,Electronics,3,500,5,Dhaka,1425.0,2025,8,3,6,1
2025-08-03,Headphones,Electronics,9,80,5,Khulna,684.0,2025,8,3,6,1
2025-08-03,T-Shirt,Fashion,8,25,5,Dhaka,190.0,2025,8,3,6,1
2025-08-03,Sneakers,Fashion,8,60,0,Khulna,480.0,2025,8,3,6,1
2025-08-03,Backpack,Fashion,8,40,5,Sylhet,304.0,2025,8,3,6,1
2025-08-03,Coffee Maker,Home & Kitchen,4,90,5,Khulna,342.0,2025,8,3,6,1
2025-08-03,Blender,Home & Kitchen,5,55,10,Khulna,247.5,2025,8,3,6,1
2025-08-03,Desk Lamp,Home & Kitchen,9,30,0,Sylhet,270.0,2025,8,3,6,1
2025-08-03,Skincare Set,Beauty,8,45,5,Sylhet,342.0,2025,8,3,6,1
2025-08-04,Laptop,Electronics,3,850,0,Chattogram,2550.0,2025,8,4,0,0
2025-08-04,Smartphone,Electronics,2,500,0,Sylhet,1000.0,2025,8,4,0,0
2025-08-04,Headphones,Electronics,5,80,0,Sylhet,400.0,2025,8,4,0,0
2025-08-04,T-Shirt,Fashion,11,25,5,Sylhet,261.25,2025,8,4,0,0
2025-08-04,Sneakers,Fashion,11,60,0,Sylhet,660.0,2025,8,4,0,0
2025-08-04,Backpack,Fashion,9,40,5,Khulna,342.0,2025,8,4,0,0
2025-08-04,Coffee Maker,Home & Kitchen,2,90,10,Chattogram,162.0,2025,8,4,0,0
2025-08-04,Blender,Home & Kitchen,6,55,10,Dhaka,297.0,2025,8,4,0,0
2025-08-04,Desk Lamp,Home & Kitchen,8,30,10,Dhaka,216.0,2025,8,4,0,0
2025-08-04,Skincare Set,Beauty,13,45,10,Khulna,526.5,2025,8,4,0,0
2025-08-05,Laptop,Electronics,3,850,0,Sylhet,2550.0,2025,8,5,1,0
2025-08-05,Smartphone,Electronics,3,500,0,Dhaka,1500.0,2025,8,5,1,0
2025-08-05,Headphones,Electronics,13,80,0,Dhaka,1040.0,2025,8,5,1,0
2025-08-05,T-Shirt,Fashion,8,25,0,Sylhet,200.0,2025,8,5,1,0
2025-08-05,Sneakers,Fashion,4,60,10,Chattogram,216.0,2025,8,5,1,0
2025-08-05,Backpack,Fashion,4,40,0,Khulna,160.0,2025,8,5,1,0
2025-08-05,Coffee Maker,Home & Kitchen,2,90,5,Khulna,171.0,2025,8,5,1,0
2025-08-05,Blender,Home & Kitchen,5,55,5,Sylhet,261.25,2025,8,5,1,0
2025-08-05,Desk Lamp,Home & Kitchen,11,30,5,Sylhet,313.5,2025,8,5,1,0
2025-08-05,Skincare Set,Beauty,3,45,15,Khulna,114.75,2025,8,5,1,0
2025-08-06,Laptop,Electronics,3,850,0,Khulna,2550.0,2025,8,6,2,0
2025-08-06,Smartphone,Electronics,2,500,5,Dhaka,950.0,2025,8,6,2,0
2025-08-06,Headphones,Electronics,6,80,0,Khulna,480.0,2025,8,6,2,0
2025-08-06,T-Shirt,Fashion,6,25,0,Sylhet,150.0,2025,8,6,2,0
2025-08-06,Sneakers,Fashion,6,60,5,Sylhet,342.0,2025,8,6,2,0
2025-08-06,Backpack,Fashion,13,40,5,Dhaka,494.0,2025,8,6,2,0
2025-08-06,Coffee Maker,Home & Kitchen,9,90,5,Dhaka,769.5,2025,8,6,2,0
2025-08-06,Blender,Home & Kitchen,6,55,5,Chattogram,313.5,2025,8,6,2,0
2025-08-06,Desk Lamp,Home & Kitchen,14,30,5,Chattogram,399.0,2025,8,6,2,0
2025-08-06,Skincare Set,Beauty,8,45,5,Sylhet,342.0,2025,8,6,2,0
2025-08-07,Laptop,Electronics,5,850,0,Chattogram,4250.0,2025,8,7,3,0
2025-08-07,Smartphone,Electronics,7,500,0,Sylhet,3500.0,2025,8,7,3,0
2025-08-07,Headphones,Electronics,15,80,0,Khulna,1200.0,2025,8,7,3,0
2025-08-07,T-Shirt,Fashion,11,25,10,Rajshahi,247.5,2025,8,7,3,0
2025-08-07,Sneakers,Fashion,3,60,0,Sylhet,180.0,2025,8,7,3,0
2025-08-07,Backpack,Fashion,7,40,10,Dhaka,252.0,2025,8,7,3,0
2025-08-07,Coffee Maker,Home & Kitchen,4,90,10,Sylhet,324.0,2025,8,7,3,0
2025-08-07,Blender,Home & Kitchen,11,55,0,Khulna,605.0,2025,8,7,3,0
2025-08-07,Desk Lamp,Home & Kitchen,10,30,10,Rajshahi,270.0,2025,8,7,3,0
2025-08-07,Skincare Set,Beauty,8,45,0,Chattogram,360.0,2025,8,7,3,0
2025-08-08,Laptop,Electronics,0,850,0,Khulna,0.0,2025,8,8,4,0
2025-08-08,Smartphone,Electronics,3,500,5,Dhaka,1425.0,2025,8,8,4,0
2025-08-08,Headphones,Electronics,8,80,0,Khulna,640.0,2025,8,8,4,0
2025-08-08,T-Shirt,Fashion,12,25,5,Dhaka,285.0,2025,8,8,4,0
2025-08-08,Sneakers,Fashion,4,60,5,Dhaka,228.0,2025,8,8,4,0
2025-08-08,Backpack,Fashion,8,40,10,Chattogram,288.0,2025,8,8,4,0
2025-08-08,Coffee Maker,Home & Kitchen,8,90,0,Rajshahi,720.0,2025,8,8,4,0
2025-08-08,Blender,Home & Kitchen,6,55,10,Dhaka,297.0,2025,8,8,4,0
2025-08-08,Desk Lamp,Home & Kitchen,8,30,0,Chattogram,240.0,2025,8,8,4,0
2025-08-08,Skincare Set,Beauty,7,45,5,Khulna,299.25,2025,8,8,4,0
2025-08-09,Laptop,Electronics,4,850,10,Chattogram,3060.0,2025,8,9,5,1
2025-08-09,Smartphone,Electronics,3,500,0,Sylhet,1500.0,2025,8,9,5,1
2025-08-09,Headphones,Electronics,9,80,5,Dhaka,684.0,2025,8,9,5,1
2025-08-09,T-Shirt,Fashion,2,25,10,Dhaka,45.0,2025,8,9,5,1
2025-08-09,Sneakers,Fashion,9,60,10,Sylhet,486.0,2025,8,9,5,1
2025-08-09,Backpack,Fashion,5,40,10,Dhaka,180.0,2025,8,9,5,1
2025-08-09,Coffee Maker,Home & Kitchen,6,90,0,Sylhet,540.0,2025,8,9,5,1
2025-08-09,Blender,Home & Kitchen,6,55,10,Khulna,297.0,2025,8,9,5,1
2025-08-09,Desk Lamp,Home & Kitchen,6,30,0,Khulna,180.0,2025,8,9,5,1
2025-08-09,Skincare Set,Beauty,12,45,0,Sylhet,540.0,2025,8,9,5,1
2025-08-10,Laptop,Electronics,6,850,10,Rajshahi,4590.0,2025,8,10,6,1
2025-08-10,Smartphone,Electronics,5,500,5,Khulna,2375.0,2025,8,10,6,1
2025-08-10,Headphones,Electronics,11,80,10,Rajshahi,792.0,2025,8,10,6,1
2025-08-10,T-Shirt,Fashion,14,25,0,Dhaka,350.0,2025,8,10,6,1
2025-08-10,Sneakers,Fashion,5,60,10,Sylhet,270.0,2025,8,10,6,1
2025-08-10,Backpack,Fashion,5,40,5,Dhaka,190.0,2025,8,10,6,1
2025-08-10,Coffee Maker,Home & Kitchen,4,90,10,Dhaka,324.0,2025,8,10,6,1
2025-08-10,Blender,Home & Kitchen,6,55,5,Sylhet,313.5,2025,8,10,6,1
2025-08-10,Desk Lamp,Home & Kitchen,10,30,5,Chattogram,285.0,2025,8,10,6,1
2025-08-10,Skincare Set,Beauty,8,45,0,Sylhet,360.0,2025,8,10,6,1
2025-08-11,Laptop,Electronics,2,850,10,Rajshahi,1530.0,2025,8,11,0,0
2025-08-11,Smartphone,Electronics,0,500,5,Chattogram,0.0,2025,8,11,0,0
2025-08-11,Headphones,Electronics,14,80,15,Sylhet,952.0,2025,8,11,0,0
2025-08-11,T-Shirt,Fashion,8,25,0,Sylhet,200.0,2025,8,11,0,0
2025-08-11,Sneakers,Fashion,5,60,0,Sylhet,300.0,2025,8,11,0,0
2025-08-11,Backpack,Fashion,2,40,5,Sylhet,76.0,2025,8,11,0,0
2025-08-11,Coffee Maker,Home & Kitchen,5,90,5,Khulna,427.5,2025,8,11,0,0
2025-08-11,Blender,Home & Kitchen,2,55,5,Dhaka,104.5,2025,8,11,0,0
2025-08-11,Desk Lamp,Home & Kitchen,8,30,15,Dhaka,204.0,2025,8,11,0,0
2025-08-11,Skincare Set,Beauty,5,45,0,Dhaka,225.0,2025,8,11,0,0
2025-08-12,Laptop,Electronics,1,850,15,Sylhet,722.5,2025,8,12,1,0
2025-08-12,Smartphone,Electronics,5,500,0,Dhaka,2500.0,2025,8,12,1,0
2025-08-12,Headphones,Electronics,10,80,0,Dhaka,800.0,2025,8,12,1,0
2025-08-12,T-Shirt,Fashion,9,25,5,Chattogram,213.75,2025,8,12,1,0
2025-08-12,Sneakers,Fashion,6,60,0,Chattogram,360.0,2025,8,12,1,0
2025-08-12,Backpack,Fashion,8,40,5,Sylhet,304.0,2025,8,12,1,0
2025-08-12,Coffee Maker,Home & Kitchen,3,90,0,Sylhet,270.0,2025,8,12,1,0
2025-08-12,Blender,Home & Kitchen,6,55,5,Chattogram,313.5,2025,8,12,1,0
2025-08-12,Desk Lamp,Home & Kitchen,7,30,10,Sylhet,189.0,2025,8,12,1,0
2025-08-12,Skincare Set,Beauty,4,45,15,Khulna,153.0,2025,8,12,1,0
2025-08-13,Laptop,Electronics,2,850,0,Dhaka,1700.0,2025,8,13,2,0
2025-08-13,Smartphone,Electronics,3,500,0,Rajshahi,1500.0,2025,8,13,2,0
2025-08-13,Headphones,Electronics,11,80,10,Dhaka,792.0,2025,8,13,2,0
2025-08-13,T-Shirt,Fashion,7,25,5,Sylhet,166.25,2025,8,13,2,0
2025-08-13,Sneakers,Fashion,5,60,5,Chattogram,285.0,2025,8,13,2,0
2025-08-13,Backpack,Fashion,6,40,0,Khulna,240.0,2025,8,13,2,0
2025-08-13,Coffee Maker,Home & Kitchen,3,90,5,Chattogram,256.5,2025,8,13,2,0
2025-08-13,Blender,Home & Kitchen,3,55,0,Sylhet,165.0,2025,8,13,2,0
2025-08-13,Desk Lamp,Home & Kitchen,7,30,0,Dhaka,210.0,2025,8,13,2,0
2025-08-13,Skincare Set,Beauty,4,45,10,Dhaka,162.0,2025,8,13,2,0
2025-08-14,Laptop,Electronics,1,850,0,Rajshahi,850.0,2025,8,14,3,0
2025-08-14,Smartphone,Electronics,5,500,0,Chattogram,2500.0,2025,8,14,3,0
2025-08-14,Headphones,Electronics,6,80,10,Rajshahi,432.0,2025,8,14,3,0
2025-08-14,T-Shirt,Fashion,10,25,0,Khulna,250.0,2025,8,14,3,0
2025-08-14,Sneakers,Fashion,5,60,0,Sylhet,300.0,2025,8,14,3,0
2025-08-14,Backpack,Fashion,6,40,0,Dhaka,240.0,2025,8,14,3,0
2025-08-14,Coffee Maker,Home & Kitchen,7,90,0,Sylhet,630.0,2025,8,14,3,0
2025-08-14,Blender,Home & Kitchen,8,55,0,Dhaka,440.0,2025,8,14,3,0
2025-08-14,Desk Lamp,Home & Kitchen,6,30,10,Rajshahi,162.0,2025,8,14,3,0
2025-08-14,Skincare Set,Beauty,7,45,5,Dhaka,299.25,2025,8,14,3,0
2025-08-15,Laptop,Electronics,1,850,0,Khulna,850.0,2025,8,15,4,0
2025-08-15,Smartphone,Electronics,1,500,0,Sylhet,500.0,2025,8,15,4,0
2025-08-15,Headphones,Electronics,7,80,0,Rajshahi,560.0,2025,8,15,4,0
2025-08-15,T-Shirt,Fashion,13,25,10,Dhaka,292.5,2025,8,15,4,0
2025-08-15,Sneakers,Fashion,6,60,10,Chattogram,324.0,2025,8,15,4,0
2025-08-15,Backpack,Fashion,10,40,10,Khulna,360.0,2025,8,15,4,0
2025-08-15,Coffee Maker,Home & Kitchen,4,90,0,Chattogram,360.0,2025,8,15,4,0
2025-08-15,Blender,Home & Kitchen,4,55,10,Sylhet,198.0,2025,8,15,4,0
2025-08-15,Desk Lamp,Home & Kitchen,8,30,5,Chattogram,228.0,2025,8,15,4,0
2025-08-15,Skincare Set,Beauty,7,45,0,Sylhet,315.0,2025,8,15,4,0
2025-08-16,Laptop,Electronics,1,850,5,Rajshahi,807.5,2025,8,16,5,1
2025-08-16,Smartphone,Electronics,6,500,10,Chattogram,2700.0,2025,8,16,5,1
2025-08-16,Headphones,Electronics,12,80,5,Sylhet,912.0,2025,8,16,5,1
2025-08-16,T-Shirt,Fashion,7,25,0,Chattogram,175.0,2025,8,16,5,1
2025-08-16,Sneakers,Fashion,8,60,0,Khulna,480.0,2025,8,16,5,1
2025-08-16,Backpack,Fashion,7,40,15,Sylhet,238.0,2025,8,16,5,1
2025-08-16,Coffee Maker,Home & Kitchen,0,90,0,Rajshahi,0.0,2025,8,16,5,1
2025-08-16,Blender,Home & Kitchen,4,55,5,Sylhet,209.0,2025,8,16,5,1
2025-08-16,Desk Lamp,Home & Kitchen,11,30,0,Chattogram,330.0,2025,8,16,5,1
2025-08-16,Skincare Set,Beauty,10,45,0,Chattogram,450.0,2025,8,16,5,1
2025-08-17,Laptop,Electronics,1,850,5,Dhaka,807.5,2025,8,17,6,1
2025-08-17,Smartphone,Electronics,4,500,0,Chattogram,2000.0,2025,8,17,6,1
2025-08-17,Headphones,Electronics,11,80,0,Sylhet,880.0,2025,8,17,6,1
2025-08-17,T-Shirt,Fashion,10,25,5,Dhaka,237.5,2025,8,17,6,1
2025-08-17,Sneakers,Fashion,6,60,10,Rajshahi,324.0,2025,8,17,6,1
2025-08-17,Backpack,Fashion,9,40,5,Khulna,342.0,2025,8,17,6,1
2025-08-17,Coffee Maker,Home & Kitchen,4,90,10,Rajshahi,324.0,2025,8,17,6,1
2025-08-17,Blender,Home & Kitchen,3,55,10,Chattogram,148.5,2025,8,17,6,1
2025-08-17,Desk Lamp,Home & Kitchen,11,30,10,Rajshahi,297.0,2025,8,17,6,1
2025-08-17,Skincare Set,Beauty,11,45,0,Rajshahi,495.0,2025,8,17,6,1
2025-08-18,Laptop,Electronics,4,850,5,Rajshahi,3230.0,2025,8,18,0,0
2025-08-18,Smartphone,Electronics,4,500,0,Khulna,2000.0,2025,8,18,0,0
2025-08-18,Headphones,Electronics,9,80,0,Chattogram,720.0,2025,8,18,0,0
2025-08-18,T-Shirt,Fashion,7,25,10,Khulna,157.5,2025,8,18,0,0
2025-08-18,Sneakers,Fashion,6,60,10,Dhaka,324.0,2025,8,18,0,0
2025-08-18,Backpack,Fashion,9,40,0,Khulna,360.0,2025,8,18,0,0
2025-08-18,Coffee Maker,Home & Kitchen,3,90,5,Dhaka,256.5,2025,8,18,0,0
2025-08-18,Blender,Home & Kitchen,6,55,5,Rajshahi,313.5,2025,8,18,0,0
2025-08-18,Desk Lamp,Home & Kitchen,10,30,10,Sylhet,270.0,2025,8,18,0,0
2025-08-18,Skincare Set,Beauty,7,45,10,Khulna,283.5,2025,8,18,0,0
2025-08-19,Laptop,Electronics,5,850,5,Dhaka,4037.5,2025,8,19,1,0
2025-08-19,Smartphone,Electronics,3,500,15,Khulna,1275.0,2025,8,19,1,0
2025-08-19,Headphones,Electronics,3,80,0,Sylhet,240.0,2025,8,19,1,0
2025-08-19,T-Shirt,Fashion,7,25,5,Khulna,166.25,2025,8,19,1,0
2025-08-19,Sneakers,Fashion,4,60,10,Rajshahi,216.0,2025,8,19,1,0
2025-08-19,Backpack,Fashion,3,40,10,Rajshahi,108.0,2025,8,19,1,0
2025-08-19,Coffee Maker,Home & Kitchen,5,90,10,Chattogram,405.0,2025,8,19,1,0
2025-08-19,Blender,Home & Kitchen,2,55,10,Dhaka,99.0,2025,8,19,1,0
2025-08-19,Desk Lamp,Home & Kitchen,4,30,0,Dhaka,120.0,2025,8,19,1,0
2025-08-19,Skincare Set,Beauty,10,45,15,Chattogram,382.5,2025,8,19,1,0
2025-08-20,Laptop,Electronics,6,850,0,Chattogram,5100.0,2025,8,20,2,0
2025-08-20,Smartphone,Electronics,6,500,5,Khulna,2850.0,2025,8,20,2,0
2025-08-20,Headphones,Electronics,3,80,0,Dhaka,240.0,2025,8,20,2,0
2025-08-20,T-Shirt,Fashion,12,25,0,Chattogram,300.0,2025,8,20,2,0
2025-08-20,Sneakers,Fashion,8,60,10,Sylhet,432.0,2025,8,20,2,0
2025-08-20,Backpack,Fashion,8,40,0,Sylhet,320.0,2025,8,20,2,0
2025-08-20,Coffee Maker,Home & Kitchen,7,90,10,Khulna,567.0,2025,8,20,2,0
2025-08-20,Blender,Home & Kitchen,5,55,5,Khulna,261.25,2025,8,20,2,0
2025-08-20,Desk Lamp,Home & Kitchen,13,30,0,Sylhet,390.0,2025,8,20,2,0
2025-08-20,Skincare Set,Beauty,5,45,5,Sylhet,213.75,2025,8,20,2,0
2025-08-21,Laptop,Electronics,0,850,5,Chattogram,0.0,2025,8,21,3,0
2025-08-21,Smartphone,Electronics,7,500,0,Chattogram,3500.0,2025,8,21,3,0
2025-08-21,Headphones,Electronics,5,80,5,Khulna,380.0,2025,8,21,3,0
2025-08-21,T-Shirt,Fashion,8,25,0,Rajshahi,200.0,2025,8,21,3,0
2025-08-21,Sneakers,Fashion,6,60,5,Dhaka,342.0,2025,8,21,3,0
2025-08-21,Backpack,Fashion,2,40,5,Dhaka,76.0,2025,8,21,3,0
2025-08-21,Coffee Maker,Home & Kitchen,2,90,5,Dhaka,171.0,2025,8,21,3,0
2025-08-21,Blender,Home & Kitchen,8,55,0,Chattogram,440.0,2025,8,21,3,0
2025-08-21,Desk Lamp,Home & Kitchen,10,30,0,Rajshahi,300.0,2025,8,21,3,0
2025-08-21,Skincare Set,Beauty,11,45,15,Chattogram,420.75,2025,8,21,3,0
2025-08-22,Laptop,Electronics,3,850,5,Chattogram,2422.5,2025,8,22,4,0
2025-08-22,Smartphone,Electronics,7,500,0,Sylhet,3500.0,2025,8,22,4,0
2025-08-22,Headphones,Electronics,7,80,0,Khulna,560.0,2025,8,22,4,0
2025-08-22,T-Shirt,Fashion,16,25,0,Sylhet,400.0,2025,8,22,4,0
2025-08-22,Sneakers,Fashion,3,60,0,Rajshahi,180.0,2025,8,22,4,0
2025-08-22,Backpack,Fashion,9,40,0,Rajshahi,360.0,2025,8,22,4,0
2025-08-22,Coffee Maker,Home & Kitchen,4,90,10,Sylhet,324.0,2025,8,22,4,0
2025-08-22,Blender,Home & Kitchen,4,55,0,Sylhet,220.0,2025,8,22,4,0
2025-08-22,Desk Lamp,Home & Kitchen,8,30,0,Dhaka,240.0,2025,8,22,4,0
2025-08-22,Skincare Set,Beauty,10,45,10,Khulna,405.0,2025,8,22,4,0
2025-08-23,Laptop,Electronics,3,850,5,Rajshahi,2422.5,2025,8,23,5,1
2025-08-23,Smartphone,Electronics,11,500,5,Chattogram,5225.0,2025,8,23,5,1
2025-08-23,Headphones,Electronics,4,80,5,Sylhet,304.0,2025,8,23,5,1
2025-08-23,T-Shirt,Fashion,13,25,5,Khulna,308.75,2025,8,23,5,1
2025-08-23,Sneakers,Fashion,12,60,0,Chattogram,720.0,2025,8,23,5,1
2025-08-23,Backpack,Fashion,4,40,0,Sylhet,160.0,2025,8,23,5,1
2025-08-23,Coffee Maker,Home & Kitchen,6,90,0,Dhaka,540.0,2025,8,23,5,1
2025-08-23,Blender,Home & Kitchen,6,55,10,Dhaka,297.0,2025,8,23,5,1
2025-08-23,Desk Lamp,Home & Kitchen,12,30,0,Chattogram,360.0,2025,8,23,5,1
2025-08-23,Skincare Set,Beauty,9,45,0,Dhaka,405.0,2025,8,23,5,1
2025-08-24,Laptop,Electronics,1,850,10,Sylhet,765.0,2025,8,24,6,1
2025-08-24,Smartphone,Electronics,7,500,0,Rajshahi,3500.0,2025,8,24,6,1
2025-08-24,Headphones,Electronics,11,80,10,Rajshahi,792.0,2025,8,24,6,1
2025-08-24,T-Shirt,Fashion,11,25,0,Khulna,275.0,2025,8,24,6,1
2025-08-24,Sneakers,Fashion,5,60,5,Chattogram,285.0,2025,8,24,6,1
2025-08-24,Backpack,Fashion,11,40,0,Sylhet,440.0,2025,8,24,6,1
2025-08-24,Coffee Maker,Home & Kitchen,7,90,0,Khulna,630.0,2025,8,24,6,1
2025-08-24,Blender,Home & Kitchen,5,55,10,Chattogram,247.5,2025,8,24,6,1
2025-08-24,Desk Lamp,Home & Kitchen,7,30,5,Sylhet,199.5,2025,8,24,6,1
2025-08-24,Skincare Set,Beauty,3,45,10,Chattogram,121.5,2025,8,24,6,1
2025-08-25,Laptop,Electronics,1,850,10,Dhaka,765.0,2025,8,25,0,0
2025-08-25,Smartphone,Electronics,4,500,0,Dhaka,2000.0,2025,8,25,0,0
2025-08-25,Headphones,Electronics,6,80,10,Rajshahi,432.0,2025,8,25,0,0
2025-08-25,T-Shirt,Fashion,7,25,5,Sylhet,166.25,2025,8,25,0,0
2025-08-25,Sneakers,Fashion,7,60,5,Dhaka,399.0,2025,8,25,0,0
2025-08-25,Backpack,Fashion,10,40,5,Dhaka,380.0,2025,8,25,0,0
2025-08-25,Coffee Maker,Home & Kitchen,3,90,0,Khulna,270.0,2025,8,25,0,0
2025-08-25,Blender,Home & Kitchen,5,55,0,Rajshahi,275.0,2025,8,25,0,0
2025-08-25,Desk Lamp,Home & Kitchen,5,30,0,Sylhet,150.0,2025,8,25,0,0
2025-08-25,Skincare Set,Beauty,3,45,5,Rajshahi,128.25,2025,8,25,0,0
2025-08-26,Laptop,Electronics,3,850,0,Khulna,2550.0,2025,8,26,1,0
2025-08-26,Smartphone,Electronics,4,500,0,Rajshahi,2000.0,2025,8,26,1,0
2025-08-26,Headphones,Electronics,13,80,10,Rajshahi,936.0,2025,8,26,1,0
2025-08-26,T-Shirt,Fashion,6,25,0,Sylhet,150.0,2025,8,26,1,0
2025-08-26,Sneakers,Fashion,8,60,0,Rajshahi,480.0,2025,8,26,1,0
2025-08-26,Backpack,Fashion,4,40,10,Dhaka,144.0,2025,8,26,1,0
2025-08-26,Coffee Maker,Home & Kitchen,2,90,0,Rajshahi,180.0,2025,8,26,1,0
2025-08-26,Blender,Home & Kitchen,4,55,5,Khulna,209.0,2025,8,26,1,0
2025-08-26,Desk Lamp,Home & Kitchen,12,30,10,Chattogram,324.0,2025,8,26,1,0
2025-08-26,Skincare Set,Beauty,9,45,0,Chattogram,405.0,2025,8,26,1,0
2025-08-27,Laptop,Electronics,3,850,0,Khulna,2550.0,2025,8,27,2,0
2025-08-27,Smartphone,Electronics,5,500,0,Khulna,2500.0,2025,8,27,2,0
2025-08-27,Headphones,Electronics,8,80,0,Rajshahi,640.0,2025,8,27,2,0
2025-08-27,T-Shirt,Fashion,11,25,0,Chattogram,275.0,2025,8,27,2,0
2025-08-27,Sneakers,Fashion,6,60,5,Dhaka,342.0,2025,8,27,2,0
2025-08-27,Backpack,Fashion,14,40,0,Chattogram,560.0,2025,8,27,2,0
2025-08-27,Coffee Maker,Home & Kitchen,7,90,0,Rajshahi,630.0,2025,8,27,2,0
2025-08-27,Blender,Home & Kitchen,9,55,0,Sylhet,495.0,2025,8,27,2,0
2025-08-27,Desk Lamp,Home & Kitchen,7,30,10,Dhaka,189.0,2025,8,27,2,0
2025-08-27,Skincare Set,Beauty,4,45,5,Rajshahi,171.0,2025,8,27,2,0
2025-08-28,Laptop,Electronics,4,850,0,Rajshahi,3400.0,2025,8,28,3,0
2025-08-28,Smartphone,Electronics,4,500,0,Rajshahi,2000.0,2025,8,28,3,0
2025-08-28,Headphones,Electronics,7,80,5,Sylhet,532.0,2025,8,28,3,0
2025-08-28,T-Shirt,Fashion,8,25,0,Rajshahi,200.0,2025,8,28,3,0
2025-08-28,Sneakers,Fashion,2,60,10,Sylhet,108.0,2025,8,28,3,0
2025-08-28,Backpack,Fashion,6,40,10,Chattogram,216.0,2025,8,28,3,0
2025-08-28,Coffee Maker,Home & Kitchen,6,90,0,Dhaka,540.0,2025,8,28,3,0
2025-08-28,Blender,Home & Kitchen,6,55,5,Rajshahi,313.5,2025,8,28,3,0
2025-08-28,Desk Lamp,Home & Kitchen,8,30,5,Khulna,228.0,2025,8,28,3,0
2025-08-28,Skincare Set,Beauty,9,45,0,Sylhet,405.0,2025,8,28,3,0
2025-08-29,Laptop,Electronics,2,850,0,Chattogram,1700.0,2025,8,29,4,0
2025-08-29,Smartphone,Electronics,5,500,5,Dhaka,2375.0,2025,8,29,4,0
2025-08-29,Headphones,Electronics,7,80,0,Chattogram,560.0,2025,8,29,4,0
2025-08-29,T-Shirt,Fashion,16,25,5,Chattogram,380.0,2025,8,29,4,0
2025-08-29,Sneakers,Fashion,8,60,5,Rajshahi,456.0,2025,8,29,4,0
2025-08-29,Backpack,Fashion,4,40,0,Dhaka,160.0,2025,8,29,4,0
2025-08-29,Coffee Maker,Home & Kitchen,8,90,0,Rajshahi,720.0,2025,8,29,4,0
2025-08-29,Blender,Home & Kitchen,5,55,0,Rajshahi,275.0,2025,8,29,4,0
2025-08-29,Desk Lamp,Home & Kitchen,6,30,10,Chattogram,162.0,2025,8,29,4,0
2025-08-29,Skincare Set,Beauty,10,45,5,Chattogram,427.5,2025,8,29,4,0
2025-08-30,Laptop,Electronics,1,850,0,Sylhet,850.0,2025,8,30,5,1
2025-08-30,Smartphone,Electronics,4,500,0,Chattogram,2000.0,2025,8,30,5,1
2025-08-30,Headphones,Electronics,10,80,10,Dhaka,720.0,2025,8,30,5,1
2025-08-30,T-Shirt,Fashion,17,25,0,Rajshahi,425.0,2025,8,30,5,1
2025-08-30,Sneakers,Fashion,2,60,0,Rajshahi,120.0,2025,8,30,5,1
2025-08-30,Backpack,Fashion,6,40,0,Dhaka,240.0,2025,8,30,5,1
2025-08-30,Coffee Maker,Home & Kitchen,11,90,0,Khulna,990.0,2025,8,30,5,1
2025-08-30,Blender,Home & Kitchen,6,55,0,Chattogram,330.0,2025,8,30,5,1
2025-08-30,Desk Lamp,Home & Kitchen,14,30,0,Khulna,420.0,2025,8,30,5,1
2025-08-30,Skincare Set,Beauty,10,45,0,Chattogram,450.0,2025,8,30,5,1
2025-08-31,Laptop,Electronics,1,850,0,Rajshahi,850.0,2025,8,31,6,1
2025-08-31,Smartphone,Electronics,3,500,0,Chattogram,1500.0,2025,8,31,6,1
2025-08-31,Headphones,Electronics,6,80,0,Chattogram,480.0,2025,8,31,6,1
2025-08-31,T-Shirt,Fashion,17,25,0,Dhaka,425.0,2025,8,31,6,1
2025-08-31,Sneakers,Fashion,10,60,10,Sylhet,540.0,2025,8,31,6,1
2025-08-31,Backpack,Fashion,9,40,5,Dhaka,342.0,2025,8,31,6,1
2025-08-31,Coffee Maker,Home & Kitchen,3,90,5,Sylhet,256.5,2025,8,31,6,1
2025-08-31,Blender,Home & Kitchen,6,55,0,Khulna,330.0,2025,8,31,6,1
2025-08-31,Desk Lamp,Home & Kitchen,10,30,0,Chattogram,300.0,2025,8,31,6,1
2025-08-31,Skincare Set,Beauty,6,45,0,Sylhet,270.0,2025,8,31,6,1
2025-09-01,Laptop,Electronics,3,850,10,Rajshahi,2295.0,2025,9,1,0,0
2025-09-01,Smartphone,Electronics,3,500,0,Chattogram,1500.0,2025,9,1,0,0
2025-09-01,Headphones,Electronics,6,80,10,Rajshahi,432.0,2025,9,1,0,0
2025-09-01,T-Shirt,Fashion,9,25,15,Sylhet,191.25,2025,9,1,0,0
2025-09-01,Sneakers,Fashion,5,60,0,Chattogram,300.0,2025,9,1,0,0
2025-09-01,Backpack,Fashion,5,40,5,Rajshahi,190.0,2025,9,1,0,0
2025-09-01,Coffee Maker,Home & Kitchen,1,90,5,Khulna,85.5,2025,9,1,0,0
2025-09-01,Blender,Home & Kitchen,11,55,5,Chattogram,574.75,2025,9,1,0,0
2025-09-01,Desk Lamp,Home & Kitchen,9,30,0,Khulna,270.0,2025,9,1,0,0
2025-09-01,Skincare Set,Beauty,7,45,5,Khulna,299.25,2025,9,1,0,0
2025-09-02,Laptop,Electronics,2,850,0,Khulna,1700.0,2025,9,2,1,0
2025-09-02,Smartphone,Electronics,1,500,5,Sylhet,475.0,2025,9,2,1,0
2025-09-02,Headphones,Electronics,8,80,0,Dhaka,640.0,2025,9,2,1,0
2025-09-02,T-Shirt,Fashion,10,25,5,Rajshahi,237.5,2025,9,2,1,0
2025-09-02,Sneakers,Fashion,4,60,5,Chattogram,228.0,2025,9,2,1,0
2025-09-02,Backpack,Fashion,9,40,0,Rajshahi,360.0,2025,9,2,1,0
2025-09-02,Coffee Maker,Home & Kitchen,8,90,0,Rajshahi,720.0,2025,9,2,1,0
2025-09-02,Blender,Home & Kitchen,7,55,5,Dhaka,365.75,2025,9,2,1,0
2025-09-02,Desk Lamp,Home & Kitchen,12,30,15,Dhaka,306.0,2025,9,2,1,0
2025-09-02,Skincare Set,Beauty,11,45,0,Rajshahi,495.0,2025,9,2,1,0
2025-09-03,Laptop,Electronics,6,850,0,Dhaka,5100.0,2025,9,3,2,0
2025-09-03,Smartphone,Electronics,6,500,15,Rajshahi,2550.0,2025,9,3,2,0
2025-09-03,Headphones,Electronics,7,80,0,Chattogram,560.0,2025,9,3,2,0
2025-09-03,T-Shirt,Fashion,9,25,10,Dhaka,202.5,2025,9,3,2,0
2025-09-03,Sneakers,Fashion,4,60,0,Khulna,240.0,2025,9,3,2,0
2025-09-03,Backpack,Fashion,6,40,0,Sylhet,240.0,2025,9,3,2,0
2025-09-03,Coffee Maker,Home & Kitchen,3,90,5,Khulna,256.5,2025,9,3,2,0
2025-09-03,Blender,Home & Kitchen,8,55,5,Sylhet,418.0,2025,9,3,2,0
2025-09-03,Desk Lamp,Home & Kitchen,7,30,0,Khulna,210.0,2025,9,3,2,0
2025-09-03,Skincare Set,Beauty,6,45,0,Chattogram,270.0,2025,9,3,2,0
2025-09-04,Laptop,Electronics,3,850,5,Dhaka,2422.5,2025,9,4,3,0
2025-09-04,Smartphone,Electronics,3,500,0,Khulna,1500.0,2025,9,4,3,0
2025-09-04,Headphones,Electronics,14,80,5,Chattogram,1064.0,2025,9,4,3,0
2025-09-04,T-Shirt,Fashion,7,25,0,Rajshahi,175.0,2025,9,4,3,0
2025-09-04,Sneakers,Fashion,4,60,0,Chattogram,240.0,2025,9,4,3,0
2025-09-04,Backpack,Fashion,5,40,10,Sylhet,180.0,2025,9,4,3,0
2025-09-04,Coffee Maker,Home & Kitchen,3,90,0,Khulna,270.0,2025,9,4,3,0
2025-09-04,Blender,Home & Kitchen,3,55,0,Rajshahi,165.0,2025,9,4,3,0
2025-09-04,Desk Lamp,Home & Kitchen,11,30,5,Rajshahi,313.5,2025,9,4,3,0
2025-09-04,Skincare Set,Beauty,8,45,0,Chattogram,360.0,2025,9,4,3,0
2025-09-05,Laptop,Electronics,1,850,0,Khulna,850.0,2025,9,5,4,0
2025-09-05,Smartphone,Electronics,4,500,0,Sylhet,2000.0,2025,9,5,4,0
2025-09-05,Headphones,Electronics,6,80,10,Dhaka,432.0,2025,9,5,4,0
2025-09-05,T-Shirt,Fashion,9,25,0,Dhaka,225.0,2025,9,5,4,0
2025-09-05,Sneakers,Fashion,7,60,5,Chattogram,399.0,2025,9,5,4,0
2025-09-05,Backpack,Fashion,4,40,15,Chattogram,136.0,2025,9,5,4,0
2025-09-05,Coffee Maker,Home & Kitchen,5,90,10,Rajshahi,405.0,2025,9,5,4,0
2025-09-05,Blender,Home & Kitchen,9,55,0,Sylhet,495.0,2025,9,5,4,0
2025-09-05,Desk Lamp,Home & Kitchen,4,30,5,Khulna,114.0,2025,9,5,4,0
2025-09-05,Skincare Set,Beauty,6,45,0,Sylhet,270.0,2025,9,5,4,0
2025-09-06,Laptop,Electronics,3,850,5,Rajshahi,2422.5,2025,9,6,5,1
2025-09-06,Smartphone,Electronics,5,500,0,Rajshahi,2500.0,2025,9,6,5,1
2025-09-06,Headphones,Electronics,5,80,0,Sylhet,400.0,2025,9,6,5,1
2025-09-06,T-Shirt,Fashion,7,25,0,Khulna,175.0,2025,9,6,5,1
2025-09-06,Sneakers,Fashion,4,60,0,Dhaka,240.0,2025,9,6,5,1
2025-09-06,Backpack,Fashion,7,40,10,Rajshahi,252.0,2025,9,6,5,1
2025-09-06,Coffee Maker,Home & Kitchen,5,90,0,Khulna,450.0,2025,9,6,5,1
2025-09-06,Blender,Home & Kitchen,8,55,0,Sylhet,440.0,2025,9,6,5,1
2025-09-06,Desk Lamp,Home & Kitchen,10,30,0,Khulna,300.0,2025,9,6,5,1
2025-09-06,Skincare Set,Beauty,5,45,10,Sylhet,202.5,2025,9,6,5,1
2025-09-07,Laptop,Electronics,2,850,5,Sylhet,1615.0,2025,9,7,6,1
2025-09-07,Smartphone,Electronics,8,500,5,Sylhet,3800.0,2025,9,7,6,1
2025-09-07,Headphones,Electronics,8,80,0,Dhaka,640.0,2025,9,7,6,1
2025-09-07,T-Shirt,Fashion,12,25,5,Chattogram,285.0,2025,9,7,6,1
2025-09-07,Sneakers,Fashion,2,60,5,Dhaka,114.0,2025,9,7,6,1
2025-09-07,Backpack,Fashion,9,40,0,Rajshahi,360.0,2025,9,7,6,1
2025-09-07,Coffee Maker,Home & Kitchen,3,90,0,Dhaka,270.0,2025,9,7,6,1
2025-09-07,Blender,Home & Kitchen,3,55,15,Sylhet,140.25,2025,9,7,6,1
2025-09-07,Desk Lamp,Home & Kitchen,6,30,10,Khulna,162.0,2025,9,7,6,1
2025-09-07,Skincare Set,Beauty,6,45,0,Chattogram,270.0,2025,9,7,6,1
2025-09-08,Laptop,Electronics,1,850,0,Khulna,850.0,2025,9,8,0,0
2025-09-08,Smartphone,Electronics,3,500,5,Chattogram,1425.0,2025,9,8,0,0
2025-09-08,Headphones,Electronics,5,80,10,Khulna,360.0,2025,9,8,0,0
2025-09-08,T-Shirt,Fashion,9,25,10,Khulna,202.5,2025,9,8,0,0
2025-09-08,Sneakers,Fashion,2,60,5,Sylhet,114.0,2025,9,8,0,0
2025-09-08,Backpack,Fashion,6,40,0,Dhaka,240.0,2025,9,8,0,0
2025-09-08,Coffee Maker,Home & Kitchen,4,90,0,Dhaka,360.0,2025,9,8,0,0
2025-09-08,Blender,Home & Kitchen,13,55,0,Rajshahi,715.0,2025,9,8,0,0
2025-09-08,Desk Lamp,Home & Kitchen,8,30,5,Dhaka,228.0,2025,9,8,0,0
2025-09-08,Skincare Set,Beauty,9,45,0,Sylhet,405.0,2025,9,8,0,0
2025-09-09,Laptop,Electronics,1,850,10,Rajshahi,765.0,2025,9,9,1,0
2025-09-09,Smartphone,Electronics,5,500,0,Rajshahi,2500.0,2025,9,9,1,0
2025-09-09,Headphones,Electronics,8,80,5,Rajshahi,608.0,2025,9,9,1,0
2025-09-09,T-Shirt,Fashion,12,25,5,Rajshahi,285.0,2025,9,9,1,0
2025-09-09,Sneakers,Fashion,6,60,10,Rajshahi,324.0,2025,9,9,1,0
2025-09-09,Backpack,Fashion,9,40,0,Sylhet,360.0,2025,9,9,1,0
2025-09-09,Coffee Maker,Home & Kitchen,6,90,5,Sylhet,513.0,2025,9,9,1,0
2025-09-09,Blender,Home & Kitchen,3,55,10,Khulna,148.5,2025,9,9,1,0
2025-09-09,Desk Lamp,Home & Kitchen,13,30,0,Dhaka,390.0,2025,9,9,1,0
2025-09-09,Skincare Set,Beauty,7,45,0,Dhaka,315.0,2025,9,9,1,0
2025-09-10,Laptop,Electronics,0,850,0,Rajshahi,0.0,2025,9,10,2,0
2025-09-10,Smartphone,Electronics,9,500,5,Rajshahi,4275.0,2025,9,10,2,0
2025-09-10,Headphones,Electronics,8,80,0,Khulna,640.0,2025,9,10,2,0
2025-09-10,T-Shirt,Fashion,10,25,0,Chattogram,250.0,2025,9,10,2,0
2025-09-10,Sneakers,Fashion,7,60,0,Sylhet,420.0,2025,9,10,2,0
2025-09-10,Backpack,Fashion,3,40,10,Dhaka,108.0,2025,9,10,2,0
2025-09-10,Coffee Maker,Home & Kitchen,3,90,0,Dhaka,270.0,2025,9,10,2,0
2025-09-10,Blender,Home & Kitchen,8,55,15,Rajshahi,374.0,2025,9,10,2,0
2025-09-10,Desk Lamp,Home & Kitchen,8,30,5,Khulna,228.0,2025,9,10,2,0
2025-09-10,Skincare Set,Beauty,3,45,15,Khulna,114.75,2025,9,10,2,0
2025-09-11,Laptop,Electronics,6,850,5,Rajshahi,4845.0,2025,9,11,3,0
2025-09-11,Smartphone,Electronics,4,500,15,Chattogram,1700.0,2025,9,11,3,0
2025-09-11,Headphones,Electronics,15,80,10,Sylhet,1080.0,2025,9,11,3,0
2025-09-11,T-Shirt,Fashion,10,25,5,Khulna,237.5,2025,9,11,3,0
2025-09-11,Sneakers,Fashion,9,60,0,Khulna,540.0,2025,9,11,3,0
2025-09-11,Backpack,Fashion,8,40,5,Chattogram,304.0,2025,9,11,3,0
2025-09-11,Coffee Maker,Home & Kitchen,0,90,5,Rajshahi,0.0,2025,9,11,3,0
2025-09-11,Blender,Home & Kitchen,5,55,0,Khulna,275.0,2025,9,11,3,0
2025-09-11,Desk Lamp,Home & Kitchen,10,30,5,Chattogram,285.0,2025,9,11,3,0
2025-09-11,Skincare Set,Beauty,8,45,5,Khulna,342.0,2025,9,11,3,0
2025-09-12,Laptop,Electronics,2,850,5,Khulna,1615.0,2025,9,12,4,0
2025-09-12,Smartphone,Electronics,6,500,0,Rajshahi,3000.0,2025,9,12,4,0
2025-09-12,Headphones,Electronics,8,80,0,Sylhet,640.0,2025,9,12,4,0
2025-09-12,T-Shirt,Fashion,13,25,0,Rajshahi,325.0,2025,9,12,4,0
2025-09-12,Sneakers,Fashion,7,60,5,Dhaka,399.0,2025,9,12,4,0
2025-09-12,Backpack,Fashion,10,40,5,Chattogram,380.0,2025,9,12,4,0
2025-09-12,Coffee Maker,Home & Kitchen,6,90,5,Dhaka,513.0,2025,9,12,4,0
2025-09-12,Blender,Home & Kitchen,5,55,0,Rajshahi,275.0,2025,9,12,4,0
2025-09-12,Desk Lamp,Home & Kitchen,8,30,10,Sylhet,216.0,2025,9,12,4,0
2025-09-12,Skincare Set,Beauty,8,45,0,Rajshahi,360.0,2025,9,12,4,0
2025-09-13,Laptop,Electronics,3,850,5,Khulna,2422.5,2025,9,13,5,1
2025-09-13,Smartphone,Electronics,6,500,5,Dhaka,2850.0,2025,9,13,5,1
2025-09-13,Headphones,Electronics,7,80,0,Rajshahi,560.0,2025,9,13,5,1
2025-09-13,T-Shirt,Fashion,11,25,0,Sylhet,275.0,2025,9,13,5,1
2025-09-13,Sneakers,Fashion,9,60,5,Sylhet,513.0,2025,9,13,5,1
2025-09-13,Backpack,Fashion,5,40,15,Rajshahi,170.0,2025,9,13,5,1
2025-09-13,Coffee Maker,Home & Kitchen,7,90,5,Rajshahi,598.5,2025,9,13,5,1
2025-09-13,Blender,Home & Kitchen,6,55,0,Sylhet,330.0,2025,9,13,5,1
2025-09-13,Desk Lamp,Home & Kitchen,8,30,10,Sylhet,216.0,2025,9,13,5,1
2025-09-13,Skincare Set,Beauty,12,45,10,Khulna,486.0,2025,9,13,5,1
2025-09-14,Laptop,Electronics,2,850,10,Dhaka,1530.0,2025,9,14,6,1
2025-09-14,Smartphone,Electronics,3,500,10,Sylhet,1350.0,2025,9,14,6,1
2025-09-14,Headphones,Electronics,6,80,0,Rajshahi,480.0,2025,9,14,6,1
2025-09-14,T-Shirt,Fashion,16,25,5,Rajshahi,380.0,2025,9,14,6,1
2025-09-14,Sneakers,Fashion,6,60,0,Dhaka,360.0,2025,9,14,6,1
2025-09-14,Backpack,Fashion,8,40,5,Sylhet,304.0,2025,9,14,6,1
2025-09-14,Coffee Maker,Home & Kitchen,7,90,5,Dhaka,598.5,2025,9,14,6,1
2025-09-14,Blender,Home & Kitchen,11,55,0,Dhaka,605.0,2025,9,14,6,1
2025-09-14,Desk Lamp,Home & Kitchen,9,30,0,Rajshahi,270.0,2025,9,14,6,1
2025-09-14,Skincare Set,Beauty,5,45,5,Sylhet,213.75,2025,9,14,6,1
2025-09-15,Laptop,Electronics,3,850,5,Khulna,2422.5,2025,9,15,0,0
2025-09-15,Smartphone,Electronics,3,500,0,Dhaka,1500.0,2025,9,15,0,0
2025-09-15,Headphones,Electronics,8,80,10,Dhaka,576.0,2025,9,15,0,0
2025-09-15,T-Shirt,Fashion,13,25,10,Sylhet,292.5,2025,9,15,0,0
2025-09-15,Sneakers,Fashion,5,60,0,Rajshahi,300.0,2025,9,15,0,0
2025-09-15,Backpack,Fashion,8,40,5,Sylhet,304.0,2025,9,15,0,0
2025-09-15,Coffee Maker,Home & Kitchen,4,90,15,Dhaka,306.0,2025,9,15,0,0
2025-09-15,Blender,Home & Kitchen,7,55,5,Khulna,365.75,2025,9,15,0,0
2025-09-15,Desk Lamp,Home & Kitchen,6,30,0,Chattogram,180.0,2025,9,15,0,0
2025-09-15,Skincare Set,Beauty,7,45,10,Khulna,283.5,2025,9,15,0,0
2025-09-16,Laptop,Electronics,2,850,0,Sylhet,1700.0,2025,9,16,1,0
2025-09-16,Smartphone,Electronics,3,500,5,Rajshahi,1425.0,2025,9,16,1,0
2025-09-16,Headphones,Electronics,9,80,5,Rajshahi,684.0,2025,9,16,1,0
2025-09-16,T-Shirt,Fashion,4,25,0,Sylhet,100.0,2025,9,16,1,0
2025-09-16,Sneakers,Fashion,8,60,5,Khulna,456.0,2025,9,16,1,0
2025-09-16,Backpack,Fashion,8,40,0,Khulna,320.0,2025,9,16,1,0
2025-09-16,Coffee Maker,Home & Kitchen,2,90,0,Chattogram,180.0,2025,9,16,1,0
2025-09-16,Blender,Home & Kitchen,3,55,5,Sylhet,156.75,2025,9,16,1,0
2025-09-16,Desk Lamp,Home & Kitchen,7,30,5,Dhaka,199.5,2025,9,16,1,0
2025-09-16,Skincare Set,Beauty,9,45,15,Khulna,344.25,2025,9,16,1,0
2025-09-17,Laptop,Electronics,4,850,0,Sylhet,3400.0,2025,9,17,2,0
2025-09-17,Smartphone,Electronics,5,500,0,Khulna,2500.0,2025,9,17,2,0
2025-09-17,Headphones,Electronics,8,80,5,Chattogram,608.0,2025,9,17,2,0
2025-09-17,T-Shirt,Fashion,7,25,0,Sylhet,175.0,2025,9,17,2,0
2025-09-17,Sneakers,Fashion,2,60,10,Chattogram,108.0,2025,9,17,2,0
2025-09-17,Backpack,Fashion,10,40,5,Rajshahi,380.0,2025,9,17,2,0
2025-09-17,Coffee Maker,Home & Kitchen,2,90,0,Khulna,180.0,2025,9,17,2,0
2025-09-17,Blender,Home & Kitchen,8,55,10,Chattogram,396.0,2025,9,17,2,0
2025-09-17,Desk Lamp,Home & Kitchen,11,30,0,Dhaka,330.0,2025,9,17,2,0
2025-09-17,Skincare Set,Beauty,5,45,10,Rajshahi,202.5,2025,9,17,2,0
2025-09-18,Laptop,Electronics,1,850,15,Dhaka,722.5,2025,9,18,3,0
2025-09-18,Smartphone,Electronics,4,500,0,Khulna,2000.0,2025,9,18,3,0
2025-09-18,Headphones,Electronics,10,80,0,Sylhet,800.0,2025,9,18,3,0
2025-09-18,T-Shirt,Fashion,17,25,5,Rajshahi,403.75,2025,9,18,3,0
2025-09-18,Sneakers,Fashion,8,60,15,Khulna,408.0,2025,9,18,3,0
2025-09-18,Backpack,Fashion,8,40,10,Rajshahi,288.0,2025,9,18,3,0
2025-09-18,Coffee Maker,Home & Kitchen,1,90,15,Khulna,76.5,2025,9,18,3,0
2025-09-18,Blender,Home & Kitchen,5,55,5,Chattogram,261.25,2025,9,18,3,0
2025-09-18,Desk Lamp,Home & Kitchen,13,30,10,Khulna,351.0,2025,9,18,3,0
2025-09-18,Skincare Set,Beauty,6,45,10,Khulna,243.0,2025,9,18,3,0
2025-09-19,Laptop,Electronics,1,850,10,Rajshahi,765.0,2025,9,19,4,0
2025-09-19,Smartphone,Electronics,9,500,5,Khulna,4275.0,2025,9,19,4,0
2025-09-19,Headphones,Electronics,8,80,5,Rajshahi,608.0,2025,9,19,4,0
2025-09-19,T-Shirt,Fashion,9,25,10,Sylhet,202.5,2025,9,19,4,0
2025-09-19,Sneakers,Fashion,9,60,10,Dhaka,486.0,2025,9,19,4,0
2025-09-19,Backpack,Fashion,8,40,5,Sylhet,304.0,2025,9,19,4,0
2025-09-19,Coffee Maker,Home & Kitchen,1,90,0,Chattogram,90.0,2025,9,19,4,0
2025-09-19,Blender,Home & Kitchen,3,55,5,Khulna,156.75,2025,9,19,4,0
2025-09-19,Desk Lamp,Home & Kitchen,9,30,0,Chattogram,270.0,2025,9,19,4,0
2025-09-19,Skincare Set,Beauty,9,45,5,Rajshahi,384.75,2025,9,19,4,0
2025-09-20,Laptop,Electronics,6,850,0,Sylhet,5100.0,2025,9,20,5,1
2025-09-20,Smartphone,Electronics,7,500,0,Rajshahi,3500.0,2025,9,20,5,1
2025-09-20,Headphones,Electronics,10,80,15,Sylhet,680.0,2025,9,20,5,1
2025-09-20,T-Shirt,Fashion,19,25,10,Dhaka,427.5,2025,9,20,5,1
2025-09-20,Sneakers,Fashion,4,60,10,Chattogram,216.0,2025,9,20,5,1
2025-09-20,Backpack,Fashion,11,40,10,Rajshahi,396.0,2025,9,20,5,1
2025-09-20,Coffee Maker,Home & Kitchen,4,90,10,Sylhet,324.0,2025,9,20,5,1
2025-09-20,Blender,Home & Kitchen,7,55,15,Sylhet,327.25,2025,9,20,5,1
2025-09-20,Desk Lamp,Home & Kitchen,1,30,5,Rajshahi,28.5,2025,9,20,5,1
2025-09-20,Skincare Set,Beauty,5,45,5,Dhaka,213.75,2025,9,20,5,1
2025-09-21,Laptop,Electronics,4,850,0,Sylhet,3400.0,2025,9,21,6,1
2025-09-21,Smartphone,Electronics,2,500,5,Chattogram,950.0,2025,9,21,6,1
2025-09-21,Headphones,Electronics,8,80,5,Khulna,608.0,2025,9,21,6,1
2025-09-21,T-Shirt,Fashion,16,25,5,Khulna,380.0,2025,9,21,6,1
2025-09-21,Sneakers,Fashion,11,60,5,Sylhet,627.0,2025,9,21,6,1
2025-09-21,Backpack,Fashion,11,40,0,Chattogram,440.0,2025,9,21,6,1
2025-09-21,Coffee Maker,Home & Kitchen,2,90,5,Khulna,171.0,2025,9,21,6,1
2025-09-21,Blender,Home & Kitchen,7,55,15,Chattogram,327.25,2025,9,21,6,1
2025-09-21,Desk Lamp,Home & Kitchen,4,30,0,Dhaka,120.0,2025,9,21,6,1
2025-09-21,Skincare Set,Beauty,5,45,0,Khulna,225.0,2025,9,21,6,1
2025-09-22,Laptop,Electronics,2,850,0,Rajshahi,1700.0,2025,9,22,0,0
2025-09-22,Smartphone,Electronics,7,500,0,Sylhet,3500.0,2025,9,22,0,0
2025-09-22,Headphones,Electronics,16,80,5,Chattogram,1216.0,2025,9,22,0,0
2025-09-22,T-Shirt,Fashion,12,25,5,Dhaka,285.0,2025,9,22,0,0
2025-09-22,Sneakers,Fashion,7,60,0,Rajshahi,420.0,2025,9,22,0,0
2025-09-22,Backpack,Fashion,7,40,5,Sylhet,266.0,2025,9,22,0,0
2025-09-22,Coffee Maker,Home & Kitchen,2,90,10,Dhaka,162.0,2025,9,22,0,0
2025-09-22,Blender,Home & Kitchen,3,55,0,Sylhet,165.0,2025,9,22,0,0
2025-09-22,Desk Lamp,Home & Kitchen,6,30,10,Rajshahi,162.0,2025,9,22,0,0
2025-09-22,Skincare Set,Beauty,13,45,15,Chattogram,497.25,2025,9,22,0,0
2025-09-23,Laptop,Electronics,4,850,5,Dhaka,3230.0,2025,9,23,1,0
2025-09-23,Smartphone,Electronics,6,500,0,Dhaka,3000.0,2025,9,23,1,0
2025-09-23,Headphones,Electronics,4,80,0,Chattogram,320.0,2025,9,23,1,0
2025-09-23,T-Shirt,Fashion,8,25,5,Dhaka,190.0,2025,9,23,1,0
2025-09-23,Sneakers,Fashion,4,60,0,Rajshahi,240.0,2025,9,23,1,0
2025-09-23,Backpack,Fashion,5,40,10,Khulna,180.0,2025,9,23,1,0
2025-09-23,Coffee Maker,Home & Kitchen,3,90,5,Rajshahi,256.5,2025,9,23,1,0
2025-09-23,Blender,Home & Kitchen,7,55,5,Rajshahi,365.75,2025,9,23,1,0
2025-09-23,Desk Lamp,Home & Kitchen,9,30,0,Khulna,270.0,2025,9,23,1,0
2025-09-23,Skincare Set,Beauty,5,45,0,Chattogram,225.0,2025,9,23,1,0
2025-09-24,Laptop,Electronics,5,850,10,Rajshahi,3825.0,2025,9,24,2,0
2025-09-24,Smartphone,Electronics,4,500,5,Khulna,1900.0,2025,9,24,2,0
2025-09-24,Headphones,Electronics,3,80,10,Sylhet,216.0,2025,9,24,2,0
2025-09-24,T-Shirt,Fashion,10,25,10,Rajshahi,225.0,2025,9,24,2,0
2025-09-24,Sneakers,Fashion,6,60,0,Dhaka,360.0,2025,9,24,2,0
2025-09-24,Backpack,Fashion,7,40,0,Dhaka,280.0,2025,9,24,2,0
2025-09-24,Coffee Maker,Home & Kitchen,1,90,5,Sylhet,85.5,2025,9,24,2,0
2025-09-24,Blender,Home & Kitchen,4,55,0,Rajshahi,220.0,2025,9,24,2,0
2025-09-24,Desk Lamp,Home & Kitchen,7,30,0,Rajshahi,210.0,2025,9,24,2,0
2025-09-24,Skincare Set,Beauty,7,45,5,Rajshahi,299.25,2025,9,24,2,0
2025-09-25,Laptop,Electronics,1,850,0,Chattogram,850.0,2025,9,25,3,0
2025-09-25,Smartphone,Electronics,4,500,15,Chattogram,1700.0,2025,9,25,3,0
2025-09-25,Headphones,Electronics,6,80,0,Sylhet,480.0,2025,9,25,3,0
2025-09-25,T-Shirt,Fashion,9,25,10,Khulna,202.5,2025,9,25,3,0
2025-09-25,Sneakers,Fashion,8,60,0,Khulna,480.0,2025,9,25,3,0
2025-09-25,Backpack,Fashion,8,40,5,Dhaka,304.0,2025,9,25,3,0
2025-09-25,Coffee Maker,Home & Kitchen,5,90,10,Khulna,405.0,2025,9,25,3,0
2025-09-25,Blender,Home & Kitchen,7,55,0,Khulna,385.0,2025,9,25,3,0
2025-09-25,Desk Lamp,Home & Kitchen,13,30,5,Rajshahi,370.5,2025,9,25,3,0
2025-09-25,Skincare Set,Beauty,2,45,10,Khulna,81.0,2025,9,25,3,0
2025-09-26,Laptop,Electronics,2,850,10,Khulna,1530.0,2025,9,26,4,0
2025-09-26,Smartphone,Electronics,2,500,0,Sylhet,1000.0,2025,9,26,4,0
2025-09-26,Headphones,Electronics,3,80,5,Khulna,228.0,2025,9,26,4,0
2025-09-26,T-Shirt,Fashion,12,25,0,Dhaka,300.0,2025,9,26,4,0
2025-09-26,Sneakers,Fashion,7,60,10,Sylhet,378.0,2025,9,26,4,0
2025-09-26,Backpack,Fashion,11,40,10,Sylhet,396.0,2025,9,26,4,0
2025-09-26,Coffee Maker,Home & Kitchen,0,90,5,Rajshahi,0.0,2025,9,26,4,0
2025-09-26,Blender,Home & Kitchen,5,55,0,Khulna,275.0,2025,9,26,4,0
2025-09-26,Desk Lamp,Home & Kitchen,7,30,0,Dhaka,210.0,2025,9,26,4,0
2025-09-26,Skincare Set,Beauty,7,45,10,Chattogram,283.5,2025,9,26,4,0
2025-09-27,Laptop,Electronics,1,850,5,Chattogram,807.5,2025,9,27,5,1
2025-09-27,Smartphone,Electronics,6,500,5,Sylhet,2850.0,2025,9,27,5,1
2025-09-27,Headphones,Electronics,11,80,5,Sylhet,836.0,2025,9,27,5,1
2025-09-27,T-Shirt,Fashion,19,25,10,Sylhet,427.5,2025,9,27,5,1
2025-09-27,Sneakers,Fashion,9,60,0,Dhaka,540.0,2025,9,27,5,1
2025-09-27,Backpack,Fashion,3,40,0,Khulna,120.0,2025,9,27,5,1
2025-09-27,Coffee Maker,Home & Kitchen,4,90,5,Sylhet,342.0,2025,9,27,5,1
2025-09-27,Blender,Home & Kitchen,1,55,5,Dhaka,52.25,2025,9,27,5,1
2025-09-27,Desk Lamp,Home & Kitchen,3,30,10,Khulna,81.0,2025,9,27,5,1
2025-09-27,Skincare Set,Beauty,15,45,5,Rajshahi,641.25,2025,9,27,5,1
2025-09-28,Laptop,Electronics,6,850,0,Chattogram,5100.0,2025,9,28,6,1
2025-09-28,Smartphone,Electronics,10,500,0,Sylhet,5000.0,2025,9,28,6,1
2025-09-28,Headphones,Electronics,5,80,0,Khulna,400.0,2025,9,28,6,1
2025-09-28,T-Shirt,Fashion,8,25,5,Khulna,190.0,2025,9,28,6,1
2025-09-28,Sneakers,Fashion,2,60,10,Sylhet,108.0,2025,9,28,6,1
2025-09-28,Backpack,Fashion,10,40,10,Dhaka,360.0,2025,9,28,6,1
2025-09-28,Coffee Maker,Home & Kitchen,5,90,0,Dhaka,450.0,2025,9,28,6,1
2025-09-28,Blender,Home & Kitchen,7,55,5,Khulna,365.75,2025,9,28,6,1
2025-09-28,Desk Lamp,Home & Kitchen,10,30,5,Sylhet,285.0,2025,9,28,6,1
2025-09-28,Skincare Set,Beauty,10,45,15,Rajshahi,382.5,2025,9,28,6,1
2025-09-29,Laptop,Electronics,5,850,10,Dhaka,3825.0,2025,9,29,0,0
2025-09-29,Smartphone,Electronics,8,500,5,Chattogram,3800.0,2025,9,29,0,0
2025-09-29,Headphones,Electronics,3,80,5,Rajshahi,228.0,2025,9,29,0,0
2025-09-29,T-Shirt,Fashion,10,25,5,Rajshahi,237.5,2025,9,29,0,0
2025-09-29,Sneakers,Fashion,5,60,0,Dhaka,300.0,2025,9,29,0,0
2025-09-29,Backpack,Fashion,13,40,0,Khulna,520.0,2025,9,29,0,0
2025-09-29,Coffee Maker,Home & Kitchen,3,90,0,Chattogram,270.0,2025,9,29,0,0
2025-09-29,Blender,Home & Kitchen,7,55,0,Rajshahi,385.0,2025,9,29,0,0
2025-09-29,Desk Lamp,Home & Kitchen,11,30,10,Dhaka,297.0,2025,9,29,0,0
2025-09-29,Skincare Set,Beauty,7,45,0,Chattogram,315.0,2025,9,29,0,0
2025-09-30,Laptop,Electronics,1,850,10,Khulna,765.0,2025,9,30,1,0
2025-09-30,Smartphone,Electronics,8,500,5,Khulna,3800.0,2025,9,30,1,0
2025-09-30,Headphones,Electronics,6,80,5,Chattogram,456.0,2025,9,30,1,0
2025-09-30,T-Shirt,Fashion,11,25,5,Rajshahi,261.25,2025,9,30,1,0
2025-09-30,Sneakers,Fashion,4,60,10,Sylhet,216.0,2025,9,30,1,0
2025-09-30,Backpack,Fashion,4,40,5,Rajshahi,152.0,2025,9,30,1,0
2025-09-30,Coffee Maker,Home & Kitchen,6,90,10,Chattogram,486.0,2025,9,30,1,0
2025-09-30,Blender,Home & Kitchen,8,55,0,Sylhet,440.0,2025,9,30,1,0
2025-09-30,Desk Lamp,Home & Kitchen,5,30,10,Dhaka,135.0,2025,9,30,1,0
2025-09-30,Skincare Set,Beauty,12,45,0,Rajshahi,540.0,2025,9,30,1,0
2025-10-01,Laptop,Electronics,3,850,0,Sylhet,2550.0,2025,10,1,2,0
2025-10-01,Smartphone,Electronics,0,500,0,Khulna,0.0,2025,10,1,2,0
2025-10-01,Headphones,Electronics,8,80,5,Sylhet,608.0,2025,10,1,2,0
2025-10-01,T-Shirt,Fashion,8,25,10,Rajshahi,180.0,2025,10,1,2,0
2025-10-01,Sneakers,Fashion,7,60,15,Dhaka,357.0,2025,10,1,2,0
2025-10-01,Backpack,Fashion,5,40,0,Rajshahi,200.0,2025,10,1,2,0
2025-10-01,Coffee Maker,Home & Kitchen,3,90,0,Sylhet,270.0,2025,10,1,2,0
2025-10-01,Blender,Home & Kitchen,6,55,5,Sylhet,313.5,2025,10,1,2,0
2025-10-01,Desk Lamp,Home & Kitchen,7,30,5,Rajshahi,199.5,2025,10,1,2,0
2025-10-01,Skincare Set,Beauty,12,45,5,Chattogram,513.0,2025,10,1,2,0
2025-10-02,Laptop,Electronics,3,850,0,Khulna,2550.0,2025,10,2,3,0
2025-10-02,Smartphone,Electronics,5,500,0,Dhaka,2500.0,2025,10,2,3,0
2025-10-02,Headphones,Electronics,10,80,0,Khulna,800.0,2025,10,2,3,0
2025-10-02,T-Shirt,Fashion,13,25,5,Rajshahi,308.75,2025,10,2,3,0
2025-10-02,Sneakers,Fashion,2,60,10,Dhaka,108.0,2025,10,2,3,0
2025-10-02,Backpack,Fashion,8,40,5,Rajshahi,304.0,2025,10,2,3,0
2025-10-02,Coffee Maker,Home & Kitchen,7,90,0,Khulna,630.0,2025,10,2,3,0
2025-10-02,Blender,Home & Kitchen,8,55,10,Dhaka,396.0,2025,10,2,3,0
2025-10-02,Desk Lamp,Home & Kitchen,13,30,5,Dhaka,370.5,2025,10,2,3,0
2025-10-02,Skincare Set,Beauty,11,45,0,Dhaka,495.0,2025,10,2,3,0
2025-10-03,Laptop,Electronics,4,850,0,Sylhet,3400.0,2025,10,3,4,0
2025-10-03,Smartphone,Electronics,4,500,0,Chattogram,2000.0,2025,10,3,4,0
2025-10-03,Headphones,Electronics,10,80,5,Khulna,760.0,2025,10,3,4,0
2025-10-03,T-Shirt,Fashion,9,25,0,Chattogram,225.0,2025,10,3,4,0
2025-10-03,Sneakers,Fashion,5,60,10,Chattogram,270.0,2025,10,3,4,0
2025-10-03,Backpack,Fashion,5,40,0,Dhaka,200.0,2025,10,3,4,0
2025-10-03,Coffee Maker,Home & Kitchen,6,90,5,Dhaka,513.0,2025,10,3,4,0
2025-10-03,Blender,Home & Kitchen,5,55,5,Chattogram,261.25,2025,10,3,4,0
2025-10-03,Desk Lamp,Home & Kitchen,10,30,10,Chattogram,270.0,2025,10,3,4,0
2025-10-03,Skincare Set,Beauty,6,45,15,Khulna,229.5,2025,10,3,4,0
2025-10-04,Laptop,Electronics,4,850,0,Dhaka,3400.0,2025,10,4,5,1
2025-10-04,Smartphone,Electronics,4,500,10,Chattogram,1800.0,2025,10,4,5,1
2025-10-04,Headphones,Electronics,5,80,0,Chattogram,400.0,2025,10,4,5,1
2025-10-04,T-Shirt,Fashion,15,25,5,Sylhet,356.25,2025,10,4,5,1
2025-10-04,Sneakers,Fashion,4,60,10,Sylhet,216.0,2025,10,4,5,1
2025-10-04,Backpack,Fashion,6,40,0,Khulna,240.0,2025,10,4,5,1
2025-10-04,Coffee Maker,Home & Kitchen,4,90,0,Dhaka,360.0,2025,10,4,5,1
2025-10-04,Blender,Home & Kitchen,9,55,10,Dhaka,445.5,2025,10,4,5,1
2025-10-04,Desk Lamp,Home & Kitchen,8,30,0,Sylhet,240.0,2025,10,4,5,1
2025-10-04,Skincare Set,Beauty,7,45,5,Rajshahi,299.25,2025,10,4,5,1
2025-10-05,Laptop,Electronics,4,850,0,Chattogram,3400.0,2025,10,5,6,1
2025-10-05,Smartphone,Electronics,4,500,5,Dhaka,1900.0,2025,10,5,6,1
2025-10-05,Headphones,Electronics,13,80,5,Rajshahi,988.0,2025,10,5,6,1
2025-10-05,T-Shirt,Fashion,10,25,5,Dhaka,237.5,2025,10,5,6,1
2025-10-05,Sneakers,Fashion,13,60,0,Khulna,780.0,2025,10,5,6,1
2025-10-05,Backpack,Fashion,3,40,5,Rajshahi,114.0,2025,10,5,6,1
2025-10-05,Coffee Maker,Home & Kitchen,4,90,10,Chattogram,324.0,2025,10,5,6,1
2025-10-05,Blender,Home & Kitchen,8,55,5,Chattogram,418.0,2025,10,5,6,1
2025-10-05,Desk Lamp,Home & Kitchen,11,30,0,Sylhet,330.0,2025,10,5,6,1
2025-10-05,Skincare Set,Beauty,11,45,0,Chattogram,495.0,2025,10,5,6,1
2025-10-06,Laptop,Electronics,4,850,5,Sylhet,3230.0,2025,10,6,0,0
2025-10-06,Smartphone,Electronics,2,500,10,Khulna,900.0,2025,10,6,0,0
2025-10-06,Headphones,Electronics,11,80,10,Khulna,792.0,2025,10,6,0,0
2025-10-06,T-Shirt,Fashion,13,25,0,Rajshahi,325.0,2025,10,6,0,0
2025-10-06,Sneakers,Fashion,6,60,0,Dhaka,360.0,2025,10,6,0,0
2025-10-06,Backpack,Fashion,9,40,0,Khulna,360.0,2025,10,6,0,0
2025-10-06,Coffee Maker,Home & Kitchen,6,90,0,Dhaka,540.0,2025,10,6,0,0
2025-10-06,Blender,Home & Kitchen,6,55,0,Rajshahi,330.0,2025,10,6,0,0
2025-10-06,Desk Lamp,Home & Kitchen,9,30,0,Chattogram,270.0,2025,10,6,0,0
2025-10-06,Skincare Set,Beauty,8,45,0,Khulna,360.0,2025,10,6,0,0
2025-10-07,Laptop,Electronics,3,850,10,Chattogram,2295.0,2025,10,7,1,0
2025-10-07,Smartphone,Electronics,5,500,0,Dhaka,2500.0,2025,10,7,1,0
2025-10-07,Headphones,Electronics,7,80,5,Sylhet,532.0,2025,10,7,1,0
2025-10-07,T-Shirt,Fashion,9,25,5,Rajshahi,213.75,2025,10,7,1,0
2025-10-07,Sneakers,Fashion,6,60,0,Chattogram,360.0,2025,10,7,1,0
2025-10-07,Backpack,Fashion,10,40,10,Sylhet,360.0,2025,10,7,1,0
2025-10-07,Coffee Maker,Home & Kitchen,2,90,5,Khulna,171.0,2025,10,7,1,0
2025-10-07,Blender,Home & Kitchen,7,55,10,Dhaka,346.5,2025,10,7,1,0
2025-10-07,Desk Lamp,Home & Kitchen,11,30,0,Dhaka,330.0,2025,10,7,1,0
2025-10-07,Skincare Set,Beauty,8,45,5,Chattogram,342.0,2025,10,7,1,0
2025-10-08,Laptop,Electronics,5,850,0,Rajshahi,4250.0,2025,10,8,2,0
2025-10-08,Smartphone,Electronics,4,500,0,Sylhet,2000.0,2025,10,8,2,0
2025-10-08,Headphones,Electronics,13,80,10,Rajshahi,936.0,2025,10,8,2,0
2025-10-08,T-Shirt,Fashion,8,25,0,Sylhet,200.0,2025,10,8,2,0
2025-10-08,Sneakers,Fashion,7,60,0,Sylhet,420.0,2025,10,8,2,0
2025-10-08,Backpack,Fashion,2,40,10,Chattogram,72.0,2025,10,8,2,0
2025-10-08,Coffee Maker,Home & Kitchen,7,90,0,Chattogram,630.0,2025,10,8,2,0
2025-10-08,Blender,Home & Kitchen,5,55,5,Rajshahi,261.25,2025,10,8,2,0
2025-10-08,Desk Lamp,Home & Kitchen,8,30,0,Rajshahi,240.0,2025,10,8,2,0
2025-10-08,Skincare Set,Beauty,12,45,0,Dhaka,540.0,2025,10,8,2,0
2025-10-09,Laptop,Electronics,4,850,5,Dhaka,3230.0,2025,10,9,3,0
2025-10-09,Smartphone,Electronics,2,500,0,Sylhet,1000.0,2025,10,9,3,0
2025-10-09,Headphones,Electronics,6,80,10,Rajshahi,432.0,2025,10,9,3,0
2025-10-09,T-Shirt,Fashion,12,25,0,Sylhet,300.0,2025,10,9,3,0
2025-10-09,Sneakers,Fashion,2,60,5,Dhaka,114.0,2025,10,9,3,0
2025-10-09,Backpack,Fashion,5,40,5,Khulna,190.0,2025,10,9,3,0
2025-10-09,Coffee Maker,Home & Kitchen,2,90,0,Dhaka,180.0,2025,10,9,3,0
2025-10-09,Blender,Home & Kitchen,5,55,5,Khulna,261.25,2025,10,9,3,0
2025-10-09,Desk Lamp,Home & Kitchen,8,30,0,Khulna,240.0,2025,10,9,3,0
2025-10-09,Skincare Set,Beauty,3,45,0,Dhaka,135.0,2025,10,9,3,0
2025-10-10,Laptop,Electronics,6,850,0,Sylhet,5100.0,2025,10,10,4,0
2025-10-10,Smartphone,Electronics,0,500,0,Dhaka,0.0,2025,10,10,4,0
2025-10-10,Headphones,Electronics,8,80,5,Rajshahi,608.0,2025,10,10,4,0
2025-10-10,T-Shirt,Fashion,11,25,0,Khulna,275.0,2025,10,10,4,0
2025-10-10,Sneakers,Fashion,7,60,0,Rajshahi,420.0,2025,10,10,4,0
2025-10-10,Backpack,Fashion,5,40,5,Rajshahi,190.0,2025,10,10,4,0
2025-10-10,Coffee Maker,Home & Kitchen,5,90,0,Dhaka,450.0,2025,10,10,4,0
2025-10-10,Blender,Home & Kitchen,5,55,10,Dhaka,247.5,2025,10,10,4,0
2025-10-10,Desk Lamp,Home & Kitchen,12,30,0,Chattogram,360.0,2025,10,10,4,0
2025-10-10,Skincare Set,Beauty,5,45,0,Chattogram,225.0,2025,10,10,4,0
2025-10-11,Laptop,Electronics,1,850,10,Khulna,765.0,2025,10,11,5,1
2025-10-11,Smartphone,Electronics,5,500,10,Sylhet,2250.0,2025,10,11,5,1
2025-10-11,Headphones,Electronics,8,80,0,Khulna,640.0,2025,10,11,5,1
2025-10-11,T-Shirt,Fashion,11,25,0,Chattogram,275.0,2025,10,11,5,1
2025-10-11,Sneakers,Fashion,12,60,0,Khulna,720.0,2025,10,11,5,1
2025-10-11,Backpack,Fashion,10,40,0,Sylhet,400.0,2025,10,11,5,1
2025-10-11,Coffee Maker,Home & Kitchen,6,90,5,Khulna,513.0,2025,10,11,5,1
2025-10-11,Blender,Home & Kitchen,5,55,0,Rajshahi,275.0,2025,10,11,5,1
2025-10-11,Desk Lamp,Home & Kitchen,7,30,5,Chattogram,199.5,2025,10,11,5,1
2025-10-11,Skincare Set,Beauty,11,45,0,Dhaka,495.0,2025,10,11,5,1
2025-10-12,Laptop,Electronics,1,850,0,Rajshahi,850.0,2025,10,12,6,1
2025-10-12,Smartphone,Electronics,4,500,10,Chattogram,1800.0,2025,10,12,6,1
2025-10-12,Headphones,Electronics,15,80,5,Sylhet,1140.0,2025,10,12,6,1
2025-10-12,T-Shirt,Fashion,10,25,0,Khulna,250.0,2025,10,12,6,1
2025-10-12,Sneakers,Fashion,2,60,5,Sylhet,114.0,2025,10,12,6,1
2025-10-12,Backpack,Fashion,5,40,0,Khulna,200.0,2025,10,12,6,1
2025-10-12,Coffee Maker,Home & Kitchen,3,90,0,Khulna,270.0,2025,10,12,6,1
2025-10-12,Blender,Home & Kitchen,8,55,5,Khulna,418.0,2025,10,12,6,1
2025-10-12,Desk Lamp,Home & Kitchen,8,30,10,Dhaka,216.0,2025,10,12,6,1
2025-10-12,Skincare Set,Beauty,6,45,15,Dhaka,229.5,2025,10,12,6,1
2025-10-13,Laptop,Electronics,1,850,10,Khulna,765.0,2025,10,13,0,0
2025-10-13,Smartphone,Electronics,2,500,0,Sylhet,1000.0,2025,10,13,0,0
2025-10-13,Headphones,Electronics,12,80,0,Rajshahi,960.0,2025,10,13,0,0
2025-10-13,T-Shirt,Fashion,2,25,0,Chattogram,50.0,2025,10,13,0,0
2025-10-13,Sneakers,Fashion,7,60,0,Sylhet,420.0,2025,10,13,0,0
2025-10-13,Backpack,Fashion,10,40,10,Khulna,360.0,2025,10,13,0,0
2025-10-13,Coffee Maker,Home & Kitchen,3,90,0,Khulna,270.0,2025,10,13,0,0
2025-10-13,Blender,Home & Kitchen,3,55,5,Dhaka,156.75,2025,10,13,0,0
2025-10-13,Desk Lamp,Home & Kitchen,10,30,0,Sylhet,300.0,2025,10,13,0,0
2025-10-13,Skincare Set,Beauty,7,45,5,Dhaka,299.25,2025,10,13,0,0
2025-10-14,Laptop,Electronics,3,850,0,Sylhet,2550.0,2025,10,14,1,0
2025-10-14,Smartphone,Electronics,6,500,5,Rajshahi,2850.0,2025,10,14,1,0
2025-10-14,Headphones,Electronics,5,80,5,Rajshahi,380.0,2025,10,14,1,0
2025-10-14,T-Shirt,Fashion,13,25,0,Sylhet,325.0,2025,10,14,1,0
2025-10-14,Sneakers,Fashion,5,60,10,Rajshahi,270.0,2025,10,14,1,0
2025-10-14,Backpack,Fashion,4,40,0,Rajshahi,160.0,2025,10,14,1,0
2025-10-14,Coffee Maker,Home & Kitchen,5,90,5,Dhaka,427.5,2025,10,14,1,0
2025-10-14,Blender,Home & Kitchen,9,55,0,Rajshahi,495.0,2025,10,14,1,0
2025-10-14,Desk Lamp,Home & Kitchen,5,30,5,Khulna,142.5,2025,10,14,1,0
2025-10-14,Skincare Set,Beauty,12,45,5,Rajshahi,513.0,2025,10,14,1,0
2025-10-15,Laptop,Electronics,1,850,0,Rajshahi,850.0,2025,10,15,2,0
2025-10-15,Smartphone,Electronics,10,500,5,Chattogram,4750.0,2025,10,15,2,0
2025-10-15,Headphones,Electronics,10,80,0,Sylhet,800.0,2025,10,15,2,0
2025-10-15,T-Shirt,Fashion,8,25,0,Sylhet,200.0,2025,10,15,2,0
2025-10-15,Sneakers,Fashion,8,60,0,Rajshahi,480.0,2025,10,15,2,0
2025-10-15,Backpack,Fashion,7,40,0,Dhaka,280.0,2025,10,15,2,0
2025-10-15,Coffee Maker,Home & Kitchen,5,90,0,Sylhet,450.0,2025,10,15,2,0
2025-10-15,Blender,Home & Kitchen,6,55,0,Rajshahi,330.0,2025,10,15,2,0
2025-10-15,Desk Lamp,Home & Kitchen,11,30,5,Khulna,313.5,2025,10,15,2,0
2025-10-15,Skincare Set,Beauty,4,45,0,Dhaka,180.0,2025,10,15,2,0
2025-10-16,Laptop,Electronics,1,850,0,Dhaka,850.0,2025,10,16,3,0
2025-10-16,Smartphone,Electronics,8,500,0,Sylhet,4000.0,2025,10,16,3,0
2025-10-16,Headphones,Electronics,6,80,0,Dhaka,480.0,2025,10,16,3,0
2025-10-16,T-Shirt,Fashion,17,25,15,Chattogram,361.25,2025,10,16,3,0
2025-10-16,Sneakers,Fashion,11,60,5,Dhaka,627.0,2025,10,16,3,0
2025-10-16,Backpack,Fashion,6,40,10,Dhaka,216.0,2025,10,16,3,0
2025-10-16,Coffee Maker,Home & Kitchen,3,90,10,Sylhet,243.0,2025,10,16,3,0
2025-10-16,Blender,Home & Kitchen,7,55,10,Rajshahi,346.5,2025,10,16,3,0
2025-10-16,Desk Lamp,Home & Kitchen,9,30,10,Dhaka,243.0,2025,10,16,3,0
2025-10-16,Skincare Set,Beauty,9,45,0,Khulna,405.0,2025,10,16,3,0
2025-10-17,Laptop,Electronics,4,850,0,Khulna,3400.0,2025,10,17,4,0
2025-10-17,Smartphone,Electronics,3,500,5,Dhaka,1425.0,2025,10,17,4,0
2025-10-17,Headphones,Electronics,8,80,0,Chattogram,640.0,2025,10,17,4,0
2025-10-17,T-Shirt,Fashion,7,25,0,Rajshahi,175.0,2025,10,17,4,0
2025-10-17,Sneakers,Fashion,8,60,0,Sylhet,480.0,2025,10,17,4,0
2025-10-17,Backpack,Fashion,5,40,5,Dhaka,190.0,2025,10,17,4,0
2025-10-17,Coffee Maker,Home & Kitchen,4,90,10,Rajshahi,324.0,2025,10,17,4,0
2025-10-17,Blender,Home & Kitchen,10,55,0,Chattogram,550.0,2025,10,17,4,0
2025-10-17,Desk Lamp,Home & Kitchen,8,30,5,Chattogram,228.0,2025,10,17,4,0
2025-10-17,Skincare Set,Beauty,5,45,10,Dhaka,202.5,2025,10,17,4,0
2025-10-18,Laptop,Electronics,3,850,10,Sylhet,2295.0,2025,10,18,5,1
2025-10-18,Smartphone,Electronics,5,500,0,Chattogram,2500.0,2025,10,18,5,1
2025-10-18,Headphones,Electronics,11,80,0,Rajshahi,880.0,2025,10,18,5,1
2025-10-18,T-Shirt,Fashion,9,25,0,Sylhet,225.0,2025,10,18,5,1
2025-10-18,Sneakers,Fashion,7,60,5,Chattogram,399.0,2025,10,18,5,1
2025-10-18,Backpack,Fashion,3,40,5,Chattogram,114.0,2025,10,18,5,1
2025-10-18,Coffee Maker,Home & Kitchen,4,90,5,Chattogram,342.0,2025,10,18,5,1
2025-10-18,Blender,Home & Kitchen,11,55,10,Chattogram,544.5,2025,10,18,5,1
2025-10-18,Desk Lamp,Home & Kitchen,10,30,0,Rajshahi,300.0,2025,10,18,5,1
2025-10-18,Skincare Set,Beauty,2,45,0,Khulna,90.0,2025,10,18,5,1
2025-10-19,Laptop,Electronics,1,850,0,Chattogram,850.0,2025,10,19,6,1
2025-10-19,Smartphone,Electronics,6,500,5,Sylhet,2850.0,2025,10,19,6,1
2025-10-19,Headphones,Electronics,16,80,10,Chattogram,1152.0,2025,10,19,6,1
2025-10-19,T-Shirt,Fashion,8,25,10,Dhaka,180.0,2025,10,19,6,1
2025-10-19,Sneakers,Fashion,4,60,0,Sylhet,240.0,2025,10,19,6,1
2025-10-19,Backpack,Fashion,11,40,5,Dhaka,418.0,2025,10,19,6,1
2025-10-19,Coffee Maker,Home & Kitchen,8,90,0,Sylhet,720.0,2025,10,19,6,1
2025-10-19,Blender,Home & Kitchen,4,55,0,Khulna,220.0,2025,10,19,6,1
2025-10-19,Desk Lamp,Home & Kitchen,3,30,0,Chattogram,90.0,2025,10,19,6,1
2025-10-19,Skincare Set,Beauty,4,45,15,Sylhet,153.0,2025,10,19,6,1
2025-10-20,Laptop,Electronics,1,850,0,Khulna,850.0,2025,10,20,0,0
2025-10-20,Smartphone,Electronics,4,500,0,Chattogram,2000.0,2025,10,20,0,0
2025-10-20,Headphones,Electronics,5,80,0,Khulna,400.0,2025,10,20,0,0
2025-10-20,T-Shirt,Fashion,8,25,5,Sylhet,190.0,2025,10,20,0,0
2025-10-20,Sneakers,Fashion,5,60,5,Chattogram,285.0,2025,10,20,0,0
2025-10-20,Backpack,Fashion,8,40,0,Rajshahi,320.0,2025,10,20,0,0
2025-10-20,Coffee Maker,Home & Kitchen,6,90,10,Rajshahi,486.0,2025,10,20,0,0
2025-10-20,Blender,Home & Kitchen,7,55,0,Dhaka,385.0,2025,10,20,0,0
2025-10-20,Desk Lamp,Home & Kitchen,6,30,0,Khulna,180.0,2025,10,20,0,0
2025-10-20,Skincare Set,Beauty,7,45,5,Khulna,299.25,2025,10,20,0,0
2025-10-21,Laptop,Electronics,0,850,0,Khulna,0.0,2025,10,21,1,0
2025-10-21,Smartphone,Electronics,5,500,0,Chattogram,2500.0,2025,10,21,1,0
2025-10-21,Headphones,Electronics,8,80,0,Khulna,640.0,2025,10,21,1,0
2025-10-21,T-Shirt,Fashion,11,25,5,Khulna,261.25,2025,10,21,1,0
2025-10-21,Sneakers,Fashion,7,60,10,Rajshahi,378.0,2025,10,21,1,0
2025-10-21,Backpack,Fashion,13,40,0,Khulna,520.0,2025,10,21,1,0
2025-10-21,Coffee Maker,Home & Kitchen,2,90,10,Dhaka,162.0,2025,10,21,1,0
2025-10-21,Blender,Home & Kitchen,5,55,10,Khulna,247.5,2025,10,21,1,0
2025-10-21,Desk Lamp,Home & Kitchen,8,30,10,Rajshahi,216.0,2025,10,21,1,0
2025-10-21,Skincare Set,Beauty,7,45,10,Sylhet,283.5,2025,10,21,1,0
2025-10-22,Laptop,Electronics,4,850,5,Rajshahi,3230.0,2025,10,22,2,0
2025-10-22,Smartphone,Electronics,6,500,0,Rajshahi,3000.0,2025,10,22,2,0
2025-10-22,Headphones,Electronics,3,80,10,Chattogram,216.0,2025,10,22,2,0
2025-10-22,T-Shirt,Fashion,10,25,0,Dhaka,250.0,2025,10,22,2,0
2025-10-22,Sneakers,Fashion,4,60,10,Rajshahi,216.0,2025,10,22,2,0
2025-10-22,Backpack,Fashion,10,40,5,Rajshahi,380.0,2025,10,22,2,0
2025-10-22,Coffee Maker,Home & Kitchen,7,90,15,Rajshahi,535.5,2025,10,22,2,0
2025-10-22,Blender,Home & Kitchen,8,55,0,Rajshahi,440.0,2025,10,22,2,0
2025-10-22,Desk Lamp,Home & Kitchen,6,30,0,Rajshahi,180.0,2025,10,22,2,0
2025-10-22,Skincare Set,Beauty,7,45,0,Dhaka,315.0,2025,10,22,2,0
2025-10-23,Laptop,Electronics,1,850,0,Rajshahi,850.0,2025,10,23,3,0
2025-10-23,Smartphone,Electronics,3,500,5,Rajshahi,1425.0,2025,10,23,3,0
2025-10-23,Headphones,Electronics,9,80,0,Khulna,720.0,2025,10,23,3,0
2025-10-23,T-Shirt,Fashion,15,25,10,Rajshahi,337.5,2025,10,23,3,0
2025-10-23,Sneakers,Fashion,5,60,10,Khulna,270.0,2025,10,23,3,0
2025-10-23,Backpack,Fashion,4,40,10,Chattogram,144.0,2025,10,23,3,0
2025-10-23,Coffee Maker,Home & Kitchen,7,90,0,Dhaka,630.0,2025,10,23,3,0
2025-10-23,Blender,Home & Kitchen,7,55,5,Dhaka,365.75,2025,10,23,3,0
2025-10-23,Desk Lamp,Home & Kitchen,11,30,15,Rajshahi,280.5,2025,10,23,3,0
2025-10-23,Skincare Set,Beauty,11,45,0,Chattogram,495.0,2025,10,23,3,0
2025-10-24,Laptop,Electronics,4,850,0,Khulna,3400.0,2025,10,24,4,0
2025-10-24,Smartphone,Electronics,1,500,5,Sylhet,475.0,2025,10,24,4,0
2025-10-24,Headphones,Electronics,6,80,5,Khulna,456.0,2025,10,24,4,0
2025-10-24,T-Shirt,Fashion,10,25,0,Dhaka,250.0,2025,10,24,4,0
2025-10-24,Sneakers,Fashion,7,60,0,Rajshahi,420.0,2025,10,24,4,0
2025-10-24,Backpack,Fashion,9,40,0,Rajshahi,360.0,2025,10,24,4,0
2025-10-24,Coffee Maker,Home & Kitchen,3,90,0,Khulna,270.0,2025,10,24,4,0
2025-10-24,Blender,Home & Kitchen,13,55,5,Chattogram,679.25,2025,10,24,4,0
2025-10-24,Desk Lamp,Home & Kitchen,11,30,5,Chattogram,313.5,2025,10,24,4,0
2025-10-24,Skincare Set,Beauty,8,45,5,Chattogram,342.0,2025,10,24,4,0
2025-10-25,Laptop,Electronics,2,850,0,Chattogram,1700.0,2025,10,25,5,1
2025-10-25,Smartphone,Electronics,3,500,10,Dhaka,1350.0,2025,10,25,5,1
2025-10-25,Headphones,Electronics,8,80,10,Khulna,576.0,2025,10,25,5,1
2025-10-25,T-Shirt,Fashion,15,25,5,Khulna,356.25,2025,10,25,5,1
2025-10-25,Sneakers,Fashion,7,60,0,Chattogram,420.0,2025,10,25,5,1
2025-10-25,Backpack,Fashion,4,40,0,Dhaka,160.0,2025,10,25,5,1
2025-10-25,Coffee Maker,Home & Kitchen,3,90,10,Dhaka,243.0,2025,10,25,5,1
2025-10-25,Blender,Home & Kitchen,6,55,15,Rajshahi,280.5,2025,10,25,5,1
2025-10-25,Desk Lamp,Home & Kitchen,10,30,5,Chattogram,285.0,2025,10,25,5,1
2025-10-25,Skincare Set,Beauty,3,45,5,Dhaka,128.25,2025,10,25,5,1
2025-10-26,Laptop,Electronics,1,850,5,Rajshahi,807.5,2025,10,26,6,1
2025-10-26,Smartphone,Electronics,3,500,0,Chattogram,1500.0,2025,10,26,6,1
2025-10-26,Headphones,Electronics,5,80,5,Chattogram,380.0,2025,10,26,6,1
2025-10-26,T-Shirt,Fashion,18,25,5,Chattogram,427.5,2025,10,26,6,1
2025-10-26,Sneakers,Fashion,7,60,5,Khulna,399.0,2025,10,26,6,1
2025-10-26,Backpack,Fashion,10,40,0,Chattogram,400.0,2025,10,26,6,1
2025-10-26,Coffee Maker,Home & Kitchen,10,90,5,Sylhet,855.0,2025,10,26,6,1
2025-10-26,Blender,Home & Kitchen,10,55,0,Rajshahi,550.0,2025,10,26,6,1
2025-10-26,Desk Lamp,Home & Kitchen,15,30,0,Sylhet,450.0,2025,10,26,6,1
2025-10-26,Skincare Set,Beauty,15,45,0,Chattogram,675.0,2025,10,26,6,1
2025-10-27,Laptop,Electronics,1,850,15,Sylhet,722.5,2025,10,27,0,0
2025-10-27,Smartphone,Electronics,3,500,5,Chattogram,1425.0,2025,10,27,0,0
2025-10-27,Headphones,Electronics,8,80,10,Chattogram,576.0,2025,10,27,0,0
2025-10-27,T-Shirt,Fashion,10,25,0,Sylhet,250.0,2025,10,27,0,0
2025-10-27,Sneakers,Fashion,5,60,0,Sylhet,300.0,2025,10,27,0,0
2025-10-27,Backpack,Fashion,4,40,0,Sylhet,160.0,2025,10,27,0,0
2025-10-27,Coffee Maker,Home & Kitchen,4,90,0,Sylhet,360.0,2025,10,27,0,0
2025-10-27,Blender,Home & Kitchen,11,55,5,Chattogram,574.75,2025,10,27,0,0
2025-10-27,Desk Lamp,Home & Kitchen,18,30,10,Khulna,486.0,2025,10,27,0,0
2025-10-27,Skincare Set,Beauty,6,45,0,Sylhet,270.0,2025,10,27,0,0
2025-10-28,Laptop,Electronics,2,850,15,Dhaka,1445.0,2025,10,28,1,0
2025-10-28,Smartphone,Electronics,3,500,0,Rajshahi,1500.0,2025,10,28,1,0
2025-10-28,Headphones,Electronics,7,80,10,Rajshahi,504.0,2025,10,28,1,0
2025-10-28,T-Shirt,Fashion,9,25,0,Sylhet,225.0,2025,10,28,1,0
2025-10-28,Sneakers,Fashion,8,60,10,Sylhet,432.0,2025,10,28,1,0
2025-10-28,Backpack,Fashion,10,40,5,Khulna,380.0,2025,10,28,1,0
2025-10-28,Coffee Maker,Home & Kitchen,1,90,10,Khulna,81.0,2025,10,28,1,0
2025-10-28,Blender,Home & Kitchen,9,55,10,Sylhet,445.5,2025,10,28,1,0
2025-10-28,Desk Lamp,Home & Kitchen,9,30,0,Khulna,270.0,2025,10,28,1,0
2025-10-28,Skincare Set,Beauty,5,45,0,Sylhet,225.0,2025,10,28,1,0
2025-10-29,Laptop,Electronics,4,850,0,Dhaka,3400.0,2025,10,29,2,0
2025-10-29,Smartphone,Electronics,3,500,10,Chattogram,1350.0,2025,10,29,2,0
2025-10-29,Headphones,Electronics,8,80,0,Dhaka,640.0,2025,10,29,2,0
2025-10-29,T-Shirt,Fashion,10,25,0,Dhaka,250.0,2025,10,29,2,0
2025-10-29,Sneakers,Fashion,5,60,5,Khulna,285.0,2025,10,29,2,0
2025-10-29,Backpack,Fashion,4,40,5,Chattogram,152.0,2025,10,29,2,0
2025-10-29,Coffee Maker,Home & Kitchen,3,90,0,Chattogram,270.0,2025,10,29,2,0
2025-10-29,Blender,Home & Kitchen,7,55,0,Sylhet,385.0,2025,10,29,2,0
2025-10-29,Desk Lamp,Home & Kitchen,11,30,10,Chattogram,297.0,2025,10,29,2,0
2025-10-29,Skincare Set,Beauty,9,45,0,Khulna,405.0,2025,10,29,2,0
2025-10-30,Laptop,Electronics,3,850,0,Khulna,2550.0,2025,10,30,3,0
2025-10-30,Smartphone,Electronics,6,500,5,Sylhet,2850.0,2025,10,30,3,0
2025-10-30,Headphones,Electronics,10,80,5,Sylhet,760.0,2025,10,30,3,0
2025-10-30,T-Shirt,Fashion,14,25,0,Rajshahi,350.0,2025,10,30,3,0
2025-10-30,Sneakers,Fashion,3,60,5,Sylhet,171.0,2025,10,30,3,0
2025-10-30,Backpack,Fashion,6,40,5,Khulna,228.0,2025,10,30,3,0
2025-10-30,Coffee Maker,Home & Kitchen,5,90,5,Chattogram,427.5,2025,10,30,3,0
2025-10-30,Blender,Home & Kitchen,7,55,10,Dhaka,346.5,2025,10,30,3,0
2025-10-30,Desk Lamp,Home & Kitchen,10,30,0,Khulna,300.0,2025,10,30,3,0
2025-10-30,Skincare Set,Beauty,7,45,5,Rajshahi,299.25,2025,10,30,3,0
2025-10-31,Laptop,Electronics,4,850,0,Sylhet,3400.0,2025,10,31,4,0
2025-10-31,Smartphone,Electronics,3,500,15,Rajshahi,1275.0,2025,10,31,4,0
2025-10-31,Headphones,Electronics,7,80,10,Chattogram,504.0,2025,10,31,4,0
2025-10-31,T-Shirt,Fashion,12,25,0,Sylhet,300.0,2025,10,31,4,0
2025-10-31,Sneakers,Fashion,4,60,5,Sylhet,228.0,2025,10,31,4,0
2025-10-31,Backpack,Fashion,6,40,0,Chattogram,240.0,2025,10,31,4,0
2025-10-31,Coffee Maker,Home & Kitchen,6,90,0,Khulna,540.0,2025,10,31,4,0
2025-10-31,Blender,Home & Kitchen,5,55,5,Dhaka,261.25,2025,10,31,4,0
2025-10-31,Desk Lamp,Home & Kitchen,9,30,5,Rajshahi,256.5,2025,10,31,4,0
2025-10-31,Skincare Set,Beauty,14,45,0,Khulna,630.0,2025,10,31,4,0
2025-11-01,Laptop,Electronics,4,850,5,Khulna,3230.0,2025,11,1,5,1
2025-11-01,Smartphone,Electronics,2,500,10,Sylhet,900.0,2025,11,1,5,1
2025-11-01,Headphones,Electronics,9,80,15,Dhaka,612.0,2025,11,1,5,1
2025-11-01,T-Shirt,Fashion,10,25,0,Rajshahi,250.0,2025,11,1,5,1
2025-11-01,Sneakers,Fashion,9,60,10,Dhaka,486.0,2025,11,1,5,1
2025-11-01,Backpack,Fashion,12,40,10,Rajshahi,432.0,2025,11,1,5,1
2025-11-01,Coffee Maker,Home & Kitchen,5,90,0,Khulna,450.0,2025,11,1,5,1
2025-11-01,Blender,Home & Kitchen,7,55,0,Rajshahi,385.0,2025,11,1,5,1
2025-11-01,Desk Lamp,Home & Kitchen,8,30,0,Chattogram,240.0,2025,11,1,5,1
2025-11-01,Skincare Set,Beauty,7,45,5,Rajshahi,299.25,2025,11,1,5,1
2025-11-02,Laptop,Electronics,0,850,0,Khulna,0.0,2025,11,2,6,1
2025-11-02,Smartphone,Electronics,7,500,10,Dhaka,3150.0,2025,11,2,6,1
2025-11-02,Headphones,Electronics,13,80,0,Chattogram,1040.0,2025,11,2,6,1
2025-11-02,T-Shirt,Fashion,10,25,0,Sylhet,250.0,2025,11,2,6,1
2025-11-02,Sneakers,Fashion,3,60,10,Khulna,162.0,2025,11,2,6,1
2025-11-02,Backpack,Fashion,8,40,10,Dhaka,288.0,2025,11,2,6,1
2025-11-02,Coffee Maker,Home & Kitchen,6,90,0,Sylhet,540.0,2025,11,2,6,1
2025-11-02,Blender,Home & Kitchen,4,55,0,Rajshahi,220.0,2025,11,2,6,1
2025-11-02,Desk Lamp,Home & Kitchen,11,30,5,Dhaka,313.5,2025,11,2,6,1
2025-11-02,Skincare Set,Beauty,10,45,10,Sylhet,405.0,2025,11,2,6,1
2025-11-03,Laptop,Electronics,3,850,10,Sylhet,2295.0,2025,11,3,0,0
2025-11-03,Smartphone,Electronics,5,500,0,Chattogram,2500.0,2025,11,3,0,0
2025-11-03,Headphones,Electronics,3,80,0,Rajshahi,240.0,2025,11,3,0,0
2025-11-03,T-Shirt,Fashion,12,25,0,Sylhet,300.0,2025,11,3,0,0
2025-11-03,Sneakers,Fashion,3,60,10,Dhaka,162.0,2025,11,3,0,0
2025-11-03,Backpack,Fashion,9,40,10,Sylhet,324.0,2025,11,3,0,0
2025-11-03,Coffee Maker,Home & Kitchen,3,90,0,Khulna,270.0,2025,11,3,0,0
2025-11-03,Blender,Home & Kitchen,3,55,10,Khulna,148.5,2025,11,3,0,0
2025-11-03,Desk Lamp,Home & Kitchen,9,30,0,Sylhet,270.0,2025,11,3,0,0
2025-11-03,Skincare Set,Beauty,5,45,0,Chattogram,225.0,2025,11,3,0,0
2025-11-04,Laptop,Electronics,4,850,0,Sylhet,3400.0,2025,11,4,1,0
2025-11-04,Smartphone,Electronics,6,500,10,Rajshahi,2700.0,2025,11,4,1,0
2025-11-04,Headphones,Electronics,8,80,5,Rajshahi,608.0,2025,11,4,1,0
2025-11-04,T-Shirt,Fashion,10,25,10,Chattogram,225.0,2025,11,4,1,0
2025-11-04,Sneakers,Fashion,4,60,0,Rajshahi,240.0,2025,11,4,1,0
2025-11-04,Backpack,Fashion,8,40,10,Rajshahi,288.0,2025,11,4,1,0
2025-11-04,Coffee Maker,Home & Kitchen,5,90,0,Khulna,450.0,2025,11,4,1,0
2025-11-04,Blender,Home & Kitchen,6,55,0,Rajshahi,330.0,2025,11,4,1,0
2025-11-04,Desk Lamp,Home & Kitchen,10,30,5,Sylhet,285.0,2025,11,4,1,0
2025-11-04,Skincare Set,Beauty,10,45,0,Chattogram,450.0,2025,11,4,1,0
2025-11-05,Laptop,Electronics,1,850,5,Khulna,807.5,2025,11,5,2,0
2025-11-05,Smartphone,Electronics,4,500,0,Dhaka,2000.0,2025,11,5,2,0
2025-11-05,Headphones,Electronics,4,80,10,Sylhet,288.0,2025,11,5,2,0
2025-11-05,T-Shirt,Fashion,7,25,0,Dhaka,175.0,2025,11,5,2,0
2025-11-05,Sneakers,Fashion,6,60,0,Sylhet,360.0,2025,11,5,2,0
2025-11-05,Backpack,Fashion,3,40,10,Khulna,108.0,2025,11,5,2,0
2025-11-05,Coffee Maker,Home & Kitchen,4,90,10,Sylhet,324.0,2025,11,5,2,0
2025-11-05,Blender,Home & Kitchen,7,55,5,Dhaka,365.75,2025,11,5,2,0
2025-11-05,Desk Lamp,Home & Kitchen,8,30,5,Rajshahi,228.0,2025,11,5,2,0
2025-11-05,Skincare Set,Beauty,9,45,0,Chattogram,405.0,2025,11,5,2,0
2025-11-06,Laptop,Electronics,2,850,5,Khulna,1615.0,2025,11,6,3,0
2025-11-06,Smartphone,Electronics,4,500,0,Sylhet,2000.0,2025,11,6,3,0
2025-11-06,Headphones,Electronics,8,80,0,Dhaka,640.0,2025,11,6,3,0
2025-11-06,T-Shirt,Fashion,12,25,10,Rajshahi,270.0,2025,11,6,3,0
2025-11-06,Sneakers,Fashion,7,60,0,Khulna,420.0,2025,11,6,3,0
2025-11-06,Backpack,Fashion,5,40,0,Khulna,200.0,2025,11,6,3,0
2025-11-06,Coffee Maker,Home & Kitchen,2,90,10,Rajshahi,162.0,2025,11,6,3,0
2025-11-06,Blender,Home & Kitchen,3,55,0,Chattogram,165.0,2025,11,6,3,0
2025-11-06,Desk Lamp,Home & Kitchen,5,30,0,Dhaka,150.0,2025,11,6,3,0
2025-11-06,Skincare Set,Beauty,6,45,0,Rajshahi,270.0,2025,11,6,3,0
2025-11-07,Laptop,Electronics,2,850,0,Rajshahi,1700.0,2025,11,7,4,0
2025-11-07,Smartphone,Electronics,3,500,0,Dhaka,1500.0,2025,11,7,4,0
2025-11-07,Headphones,Electronics,9,80,15,Dhaka,612.0,2025,11,7,4,0
2025-11-07,T-Shirt,Fashion,18,25,10,Chattogram,405.0,2025,11,7,4,0
2025-11-07,Sneakers,Fashion,6,60,0,Chattogram,360.0,2025,11,7,4,0
2025-11-07,Backpack,Fashion,8,40,0,Chattogram,320.0,2025,11,7,4,0
2025-11-07,Coffee Maker,Home & Kitchen,4,90,10,Dhaka,324.0,2025,11,7,4,0
2025-11-07,Blender,Home & Kitchen,6,55,0,Chattogram,330.0,2025,11,7,4,0
2025-11-07,Desk Lamp,Home & Kitchen,12,30,0,Khulna,360.0,2025,11,7,4,0
2025-11-07,Skincare Set,Beauty,6,45,10,Dhaka,243.0,2025,11,7,4,0
2025-11-08,Laptop,Electronics,2,850,5,Dhaka,1615.0,2025,11,8,5,1
2025-11-08,Smartphone,Electronics,4,500,5,Sylhet,1900.0,2025,11,8,5,1
2025-11-08,Headphones,Electronics,7,80,10,Rajshahi,504.0,2025,11,8,5,1
2025-11-08,T-Shirt,Fashion,15,25,5,Chattogram,356.25,2025,11,8,5,1
2025-11-08,Sneakers,Fashion,10,60,10,Rajshahi,540.0,2025,11,8,5,1
2025-11-08,Backpack,Fashion,12,40,5,Sylhet,456.0,2025,11,8,5,1
2025-11-08,Coffee Maker,Home & Kitchen,7,90,15,Khulna,535.5,2025,11,8,5,1
2025-11-08,Blender,Home & Kitchen,10,55,5,Khulna,522.5,2025,11,8,5,1
2025-11-08,Desk Lamp,Home & Kitchen,13,30,15,Chattogram,331.5,2025,11,8,5,1
2025-11-08,Skincare Set,Beauty,12,45,10,Sylhet,486.0,2025,11,8,5,1
2025-11-09,Laptop,Electronics,2,850,0,Chattogram,1700.0,2025,11,9,6,1
2025-11-09,Smartphone,Electronics,3,500,0,Dhaka,1500.0,2025,11,9,6,1
2025-11-09,Headphones,Electronics,10,80,0,Khulna,800.0,2025,11,9,6,1
2025-11-09,T-Shirt,Fashion,15,25,10,Chattogram,337.5,2025,11,9,6,1
2025-11-09,Sneakers,Fashion,6,60,0,Chattogram,360.0,2025,11,9,6,1
2025-11-09,Backpack,Fashion,7,40,5,Chattogram,266.0,2025,11,9,6,1
2025-11-09,Coffee Maker,Home & Kitchen,7,90,5,Khulna,598.5,2025,11,9,6,1
2025-11-09,Blender,Home & Kitchen,10,55,5,Dhaka,522.5,2025,11,9,6,1
2025-11-09,Desk Lamp,Home & Kitchen,8,30,10,Rajshahi,216.0,2025,11,9,6,1
2025-11-09,Skincare Set,Beauty,7,45,0,Chattogram,315.0,2025,11,9,6,1
2025-11-10,Laptop,Electronics,3,850,15,Sylhet,2167.5,2025,11,10,0,0
2025-11-10,Smartphone,Electronics,4,500,10,Dhaka,1800.0,2025,11,10,0,0
2025-11-10,Headphones,Electronics,9,80,0,Sylhet,720.0,2025,11,10,0,0
2025-11-10,T-Shirt,Fashion,16,25,15,Dhaka,340.0,2025,11,10,0,0
2025-11-10,Sneakers,Fashion,8,60,0,Chattogram,480.0,2025,11,10,0,0
2025-11-10,Backpack,Fashion,7,40,15,Khulna,238.0,2025,11,10,0,0
2025-11-10,Coffee Maker,Home & Kitchen,4,90,0,Khulna,360.0,2025,11,10,0,0
2025-11-10,Blender,Home & Kitchen,4,55,0,Chattogram,220.0,2025,11,10,0,0
2025-11-10,Desk Lamp,Home & Kitchen,5,30,0,Dhaka,150.0,2025,11,10,0,0
2025-11-10,Skincare Set,Beauty,12,45,0,Khulna,540.0,2025,11,10,0,0
2025-11-11,Laptop,Electronics,2,850,5,Rajshahi,1615.0,2025,11,11,1,0
2025-11-11,Smartphone,Electronics,7,500,10,Khulna,3150.0,2025,11,11,1,0
2025-11-11,Headphones,Electronics,5,80,10,Dhaka,360.0,2025,11,11,1,0
2025-11-11,T-Shirt,Fashion,7,25,10,Khulna,157.5,2025,11,11,1,0
2025-11-11,Sneakers,Fashion,8,60,0,Khulna,480.0,2025,11,11,1,0
2025-11-11,Backpack,Fashion,3,40,10,Rajshahi,108.0,2025,11,11,1,0
2025-11-11,Coffee Maker,Home & Kitchen,10,90,15,Khulna,765.0,2025,11,11,1,0
2025-11-11,Blender,Home & Kitchen,5,55,5,Khulna,261.25,2025,11,11,1,0
2025-11-11,Desk Lamp,Home & Kitchen,10,30,0,Khulna,300.0,2025,11,11,1,0
2025-11-11,Skincare Set,Beauty,5,45,5,Rajshahi,213.75,2025,11,11,1,0
2025-11-12,Laptop,Electronics,3,850,0,Dhaka,2550.0,2025,11,12,2,0
2025-11-12,Smartphone,Electronics,4,500,0,Rajshahi,2000.0,2025,11,12,2,0
2025-11-12,Headphones,Electronics,7,80,0,Dhaka,560.0,2025,11,12,2,0
2025-11-12,T-Shirt,Fashion,11,25,10,Rajshahi,247.5,2025,11,12,2,0
2025-11-12,Sneakers,Fashion,9,60,10,Sylhet,486.0,2025,11,12,2,0
2025-11-12,Backpack,Fashion,11,40,5,Dhaka,418.0,2025,11,12,2,0
2025-11-12,Coffee Maker,Home & Kitchen,2,90,10,Dhaka,162.0,2025,11,12,2,0
2025-11-12,Blender,Home & Kitchen,4,55,5,Rajshahi,209.0,2025,11,12,2,0
2025-11-12,Desk Lamp,Home & Kitchen,5,30,0,Chattogram,150.0,2025,11,12,2,0
2025-11-12,Skincare Set,Beauty,12,45,5,Rajshahi,513.0,2025,11,12,2,0
2025-11-13,Laptop,Electronics,1,850,0,Khulna,850.0,2025,11,13,3,0
2025-11-13,Smartphone,Electronics,2,500,10,Rajshahi,900.0,2025,11,13,3,0
2025-11-13,Headphones,Electronics,6,80,0,Chattogram,480.0,2025,11,13,3,0
2025-11-13,T-Shirt,Fashion,8,25,0,Sylhet,200.0,2025,11,13,3,0
2025-11-13,Sneakers,Fashion,5,60,10,Chattogram,270.0,2025,11,13,3,0
2025-11-13,Backpack,Fashion,3,40,10,Sylhet,108.0,2025,11,13,3,0
2025-11-13,Coffee Maker,Home & Kitchen,7,90,0,Sylhet,630.0,2025,11,13,3,0
2025-11-13,Blender,Home & Kitchen,10,55,10,Chattogram,495.0,2025,11,13,3,0
2025-11-13,Desk Lamp,Home & Kitchen,6,30,10,Khulna,162.0,2025,11,13,3,0
2025-11-13,Skincare Set,Beauty,5,45,0,Chattogram,225.0,2025,11,13,3,0
2025-11-14,Laptop,Electronics,3,850,10,Sylhet,2295.0,2025,11,14,4,0
2025-11-14,Smartphone,Electronics,5,500,10,Sylhet,2250.0,2025,11,14,4,0
2025-11-14,Headphones,Electronics,11,80,5,Chattogram,836.0,2025,11,14,4,0
2025-11-14,T-Shirt,Fashion,4,25,0,Chattogram,100.0,2025,11,14,4,0
2025-11-14,Sneakers,Fashion,6,60,5,Sylhet,342.0,2025,11,14,4,0
2025-11-14,Backpack,Fashion,12,40,0,Khulna,480.0,2025,11,14,4,0
2025-11-14,Coffee Maker,Home & Kitchen,7,90,10,Rajshahi,567.0,2025,11,14,4,0
2025-11-14,Blender,Home & Kitchen,6,55,0,Dhaka,330.0,2025,11,14,4,0
2025-11-14,Desk Lamp,Home & Kitchen,7,30,10,Khulna,189.0,2025,11,14,4,0
2025-11-14,Skincare Set,Beauty,11,45,5,Rajshahi,470.25,2025,11,14,4,0
2025-11-15,Laptop,Electronics,6,850,5,Khulna,4845.0,2025,11,15,5,1
2025-11-15,Smartphone,Electronics,3,500,5,Khulna,1425.0,2025,11,15,5,1
2025-11-15,Headphones,Electronics,9,80,0,Khulna,720.0,2025,11,15,5,1
2025-11-15,T-Shirt,Fashion,9,25,5,Chattogram,213.75,2025,11,15,5,1
2025-11-15,Sneakers,Fashion,9,60,0,Dhaka,540.0,2025,11,15,5,1
2025-11-15,Backpack,Fashion,5,40,10,Dhaka,180.0,2025,11,15,5,1
2025-11-15,Coffee Maker,Home & Kitchen,6,90,0,Chattogram,540.0,2025,11,15,5,1
2025-11-15,Blender,Home & Kitchen,6,55,5,Dhaka,313.5,2025,11,15,5,1
2025-11-15,Desk Lamp,Home & Kitchen,10,30,10,Sylhet,270.0,2025,11,15,5,1
2025-11-15,Skincare Set,Beauty,9,45,15,Chattogram,344.25,2025,11,15,5,1
2025-11-16,Laptop,Electronics,1,850,0,Sylhet,850.0,2025,11,16,6,1
2025-11-16,Smartphone,Electronics,4,500,0,Chattogram,2000.0,2025,11,16,6,1
2025-11-16,Headphones,Electronics,5,80,5,Sylhet,380.0,2025,11,16,6,1
2025-11-16,T-Shirt,Fashion,12,25,0,Chattogram,300.0,2025,11,16,6,1
2025-11-16,Sneakers,Fashion,10,60,10,Chattogram,540.0,2025,11,16,6,1
2025-11-16,Backpack,Fashion,12,40,0,Rajshahi,480.0,2025,11,16,6,1
2025-11-16,Coffee Maker,Home & Kitchen,4,90,5,Rajshahi,342.0,2025,11,16,6,1
2025-11-16,Blender,Home & Kitchen,10,55,0,Khulna,550.0,2025,11,16,6,1
2025-11-16,Desk Lamp,Home & Kitchen,11,30,5,Khulna,313.5,2025,11,16,6,1
2025-11-16,Skincare Set,Beauty,10,45,10,Chattogram,405.0,2025,11,16,6,1
2025-11-17,Laptop,Electronics,2,850,0,Chattogram,1700.0,2025,11,17,0,0
2025-11-17,Smartphone,Electronics,6,500,0,Dhaka,3000.0,2025,11,17,0,0
2025-11-17,Headphones,Electronics,8,80,0,Khulna,640.0,2025,11,17,0,0
2025-11-17,T-Shirt,Fashion,12,25,5,Khulna,285.0,2025,11,17,0,0
2025-11-17,Sneakers,Fashion,3,60,0,Khulna,180.0,2025,11,17,0,0
2025-11-17,Backpack,Fashion,6,40,10,Khulna,216.0,2025,11,17,0,0
2025-11-17,Coffee Maker,Home & Kitchen,5,90,0,Chattogram,450.0,2025,11,17,0,0
2025-11-17,Blender,Home & Kitchen,6,55,0,Dhaka,330.0,2025,11,17,0,0
2025-11-17,Desk Lamp,Home & Kitchen,9,30,0,Dhaka,270.0,2025,11,17,0,0
2025-11-17,Skincare Set,Beauty,8,45,0,Rajshahi,360.0,2025,11,17,0,0
2025-11-18,Laptop,Electronics,2,850,5,Khulna,1615.0,2025,11,18,1,0
2025-11-18,Smartphone,Electronics,8,500,5,Khulna,3800.0,2025,11,18,1,0
2025-11-18,Headphones,Electronics,4,80,0,Khulna,320.0,2025,11,18,1,0
2025-11-18,T-Shirt,Fashion,14,25,10,Rajshahi,315.0,2025,11,18,1,0
2025-11-18,Sneakers,Fashion,7,60,5,Khulna,399.0,2025,11,18,1,0
2025-11-18,Backpack,Fashion,5,40,5,Dhaka,190.0,2025,11,18,1,0
2025-11-18,Coffee Maker,Home & Kitchen,2,90,0,Dhaka,180.0,2025,11,18,1,0
2025-11-18,Blender,Home & Kitchen,3,55,5,Khulna,156.75,2025,11,18,1,0
2025-11-18,Desk Lamp,Home & Kitchen,5,30,0,Chattogram,150.0,2025,11,18,1,0
2025-11-18,Skincare Set,Beauty,4,45,0,Dhaka,180.0,2025,11,18,1,0
2025-11-19,Laptop,Electronics,0,850,0,Dhaka,0.0,2025,11,19,2,0
2025-11-19,Smartphone,Electronics,6,500,0,Sylhet,3000.0,2025,11,19,2,0
2025-11-19,Headphones,Electronics,6,80,0,Rajshahi,480.0,2025,11,19,2,0
2025-11-19,T-Shirt,Fashion,12,25,5,Sylhet,285.0,2025,11,19,2,0
2025-11-19,Sneakers,Fashion,5,60,5,Chattogram,285.0,2025,11,19,2,0
2025-11-19,Backpack,Fashion,7,40,10,Rajshahi,252.0,2025,11,19,2,0
2025-11-19,Coffee Maker,Home & Kitchen,1,90,10,Khulna,81.0,2025,11,19,2,0
2025-11-19,Blender,Home & Kitchen,4,55,5,Khulna,209.0,2025,11,19,2,0
2025-11-19,Desk Lamp,Home & Kitchen,11,30,10,Khulna,297.0,2025,11,19,2,0
2025-11-19,Skincare Set,Beauty,16,45,10,Chattogram,648.0,2025,11,19,2,0
2025-11-20,Laptop,Electronics,2,850,0,Chattogram,1700.0,2025,11,20,3,0
2025-11-20,Smartphone,Electronics,3,500,10,Chattogram,1350.0,2025,11,20,3,0
2025-11-20,Headphones,Electronics,7,80,5,Sylhet,532.0,2025,11,20,3,0
2025-11-20,T-Shirt,Fashion,10,25,0,Sylhet,250.0,2025,11,20,3,0
2025-11-20,Sneakers,Fashion,7,60,10,Chattogram,378.0,2025,11,20,3,0
2025-11-20,Backpack,Fashion,6,40,0,Rajshahi,240.0,2025,11,20,3,0
2025-11-20,Coffee Maker,Home & Kitchen,2,90,0,Dhaka,180.0,2025,11,20,3,0
2025-11-20,Blender,Home & Kitchen,8,55,0,Sylhet,440.0,2025,11,20,3,0
2025-11-20,Desk Lamp,Home & Kitchen,11,30,0,Sylhet,330.0,2025,11,20,3,0
2025-11-20,Skincare Set,Beauty,7,45,10,Khulna,283.5,2025,11,20,3,0
2025-11-21,Laptop,Electronics,2,850,10,Rajshahi,1530.0,2025,11,21,4,0
2025-11-21,Smartphone,Electronics,4,500,0,Chattogram,2000.0,2025,11,21,4,0
2025-11-21,Headphones,Electronics,8,80,0,Sylhet,640.0,2025,11,21,4,0
2025-11-21,T-Shirt,Fashion,10,25,0,Rajshahi,250.0,2025,11,21,4,0
2025-11-21,Sneakers,Fashion,8,60,0,Sylhet,480.0,2025,11,21,4,0
2025-11-21,Backpack,Fashion,8,40,10,Sylhet,288.0,2025,11,21,4,0
2025-11-21,Coffee Maker,Home & Kitchen,6,90,0,Sylhet,540.0,2025,11,21,4,0
2025-11-21,Blender,Home & Kitchen,3,55,5,Rajshahi,156.75,2025,11,21,4,0
2025-11-21,Desk Lamp,Home & Kitchen,5,30,0,Chattogram,150.0,2025,11,21,4,0
2025-11-21,Skincare Set,Beauty,9,45,5,Khulna,384.75,2025,11,21,4,0
2025-11-22,Laptop,Electronics,3,850,10,Chattogram,2295.0,2025,11,22,5,1
2025-11-22,Smartphone,Electronics,2,500,0,Sylhet,1000.0,2025,11,22,5,1
2025-11-22,Headphones,Electronics,11,80,0,Dhaka,880.0,2025,11,22,5,1
2025-11-22,T-Shirt,Fashion,16,25,5,Rajshahi,380.0,2025,11,22,5,1
2025-11-22,Sneakers,Fashion,8,60,5,Dhaka,456.0,2025,11,22,5,1
2025-11-22,Backpack,Fashion,5,40,0,Chattogram,200.0,2025,11,22,5,1
2025-11-22,Coffee Maker,Home & Kitchen,9,90,0,Dhaka,810.0,2025,11,22,5,1
2025-11-22,Blender,Home & Kitchen,11,55,5,Rajshahi,574.75,2025,11,22,5,1
2025-11-22,Desk Lamp,Home & Kitchen,9,30,0,Chattogram,270.0,2025,11,22,5,1
2025-11-22,Skincare Set,Beauty,9,45,0,Sylhet,405.0,2025,11,22,5,1
2025-11-23,Laptop,Electronics,4,850,0,Khulna,3400.0,2025,11,23,6,1
2025-11-23,Smartphone,Electronics,3,500,10,Dhaka,1350.0,2025,11,23,6,1
2025-11-23,Headphones,Electronics,5,80,10,Sylhet,360.0,2025,11,23,6,1
2025-11-23,T-Shirt,Fashion,14,25,0,Dhaka,350.0,2025,11,23,6,1
2025-11-23,Sneakers,Fashion,3,60,5,Sylhet,171.0,2025,11,23,6,1
2025-11-23,Backpack,Fashion,9,40,0,Sylhet,360.0,2025,11,23,6,1
2025-11-23,Coffee Maker,Home & Kitchen,6,90,5,Dhaka,513.0,2025,11,23,6,1
2025-11-23,Blender,Home & Kitchen,12,55,5,Chattogram,627.0,2025,11,23,6,1
2025-11-23,Desk Lamp,Home & Kitchen,9,30,0,Khulna,270.0,2025,11,23,6,1
2025-11-23,Skincare Set,Beauty,10,45,0,Khulna,450.0,2025,11,23,6,1
2025-11-24,Laptop,Electronics,3,850,0,Chattogram,2550.0,2025,11,24,0,0
2025-11-24,Smartphone,Electronics,7,500,10,Chattogram,3150.0,2025,11,24,0,0
2025-11-24,Headphones,Electronics,10,80,5,Khulna,760.0,2025,11,24,0,0
2025-11-24,T-Shirt,Fashion,12,25,10,Sylhet,270.0,2025,11,24,0,0
2025-11-24,Sneakers,Fashion,3,60,10,Chattogram,162.0,2025,11,24,0,0
2025-11-24,Backpack,Fashion,9,40,5,Rajshahi,342.0,2025,11,24,0,0
2025-11-24,Coffee Maker,Home & Kitchen,1,90,10,Rajshahi,81.0,2025,11,24,0,0
2025-11-24,Blender,Home & Kitchen,6,55,10,Dhaka,297.0,2025,11,24,0,0
2025-11-24,Desk Lamp,Home & Kitchen,11,30,5,Rajshahi,313.5,2025,11,24,0,0
2025-11-24,Skincare Set,Beauty,6,45,5,Rajshahi,256.5,2025,11,24,0,0
2025-11-25,Laptop,Electronics,7,850,0,Dhaka,5950.0,2025,11,25,1,0
2025-11-25,Smartphone,Electronics,3,500,5,Chattogram,1425.0,2025,11,25,1,0
2025-11-25,Headphones,Electronics,13,80,10,Rajshahi,936.0,2025,11,25,1,0
2025-11-25,T-Shirt,Fashion,7,25,5,Khulna,166.25,2025,11,25,1,0
2025-11-25,Sneakers,Fashion,6,60,5,Rajshahi,342.0,2025,11,25,1,0
2025-11-25,Backpack,Fashion,11,40,0,Sylhet,440.0,2025,11,25,1,0
2025-11-25,Coffee Maker,Home & Kitchen,5,90,5,Dhaka,427.5,2025,11,25,1,0
2025-11-25,Blender,Home & Kitchen,5,55,10,Rajshahi,247.5,2025,11,25,1,0
2025-11-25,Desk Lamp,Home & Kitchen,9,30,0,Rajshahi,270.0,2025,11,25,1,0
2025-11-25,Skincare Set,Beauty,12,45,5,Chattogram,513.0,2025,11,25,1,0
2025-11-26,Laptop,Electronics,3,850,0,Khulna,2550.0,2025,11,26,2,0
2025-11-26,Smartphone,Electronics,6,500,0,Khulna,3000.0,2025,11,26,2,0
2025-11-26,Headphones,Electronics,4,80,0,Khulna,320.0,2025,11,26,2,0
2025-11-26,T-Shirt,Fashion,10,25,5,Khulna,237.5,2025,11,26,2,0
2025-11-26,Sneakers,Fashion,4,60,5,Khulna,228.0,2025,11,26,2,0
2025-11-26,Backpack,Fashion,4,40,0,Dhaka,160.0,2025,11,26,2,0
2025-11-26,Coffee Maker,Home & Kitchen,7,90,5,Khulna,598.5,2025,11,26,2,0
2025-11-26,Blender,Home & Kitchen,2,55,0,Sylhet,110.0,2025,11,26,2,0
2025-11-26,Desk Lamp,Home & Kitchen,9,30,5,Chattogram,256.5,2025,11,26,2,0
2025-11-26,Skincare Set,Beauty,13,45,0,Sylhet,585.0,2025,11,26,2,0
2025-11-27,Laptop,Electronics,6,850,5,Rajshahi,4845.0,2025,11,27,3,0
2025-11-27,Smartphone,Electronics,7,500,0,Sylhet,3500.0,2025,11,27,3,0
2025-11-27,Headphones,Electronics,13,80,10,Dhaka,936.0,2025,11,27,3,0
2025-11-27,T-Shirt,Fashion,12,25,0,Khulna,300.0,2025,11,27,3,0
2025-11-27,Sneakers,Fashion,6,60,5,Chattogram,342.0,2025,11,27,3,0
2025-11-27,Backpack,Fashion,5,40,5,Khulna,190.0,2025,11,27,3,0
2025-11-27,Coffee Maker,Home & Kitchen,5,90,0,Sylhet,450.0,2025,11,27,3,0
2025-11-27,Blender,Home & Kitchen,4,55,10,Sylhet,198.0,2025,11,27,3,0
2025-11-27,Desk Lamp,Home & Kitchen,17,30,10,Sylhet,459.0,2025,11,27,3,0
2025-11-27,Skincare Set,Beauty,4,45,10,Rajshahi,162.0,2025,11,27,3,0
2025-11-28,Laptop,Electronics,3,850,0,Dhaka,2550.0,2025,11,28,4,0
2025-11-28,Smartphone,Electronics,1,500,0,Dhaka,500.0,2025,11,28,4,0
2025-11-28,Headphones,Electronics,7,80,5,Sylhet,532.0,2025,11,28,4,0
2025-11-28,T-Shirt,Fashion,12,25,0,Dhaka,300.0,2025,11,28,4,0
2025-11-28,Sneakers,Fashion,11,60,0,Dhaka,660.0,2025,11,28,4,0
2025-11-28,Backpack,Fashion,6,40,0,Rajshahi,240.0,2025,11,28,4,0
2025-11-28,Coffee Maker,Home & Kitchen,5,90,5,Sylhet,427.5,2025,11,28,4,0
2025-11-28,Blender,Home & Kitchen,7,55,15,Sylhet,327.25,2025,11,28,4,0
2025-11-28,Desk Lamp,Home & Kitchen,9,30,10,Chattogram,243.0,2025,11,28,4,0
2025-11-28,Skincare Set,Beauty,10,45,0,Chattogram,450.0,2025,11,28,4,0
2025-11-29,Laptop,Electronics,2,850,0,Rajshahi,1700.0,2025,11,29,5,1
2025-11-29,Smartphone,Electronics,9,500,0,Khulna,4500.0,2025,11,29,5,1
2025-11-29,Headphones,Electronics,12,80,10,Rajshahi,864.0,2025,11,29,5,1
2025-11-29,T-Shirt,Fashion,6,25,0,Dhaka,150.0,2025,11,29,5,1
2025-11-29,Sneakers,Fashion,6,60,0,Khulna,360.0,2025,11,29,5,1
2025-11-29,Backpack,Fashion,8,40,5,Rajshahi,304.0,2025,11,29,5,1
2025-11-29,Coffee Maker,Home & Kitchen,4,90,10,Khulna,324.0,2025,11,29,5,1
2025-11-29,Blender,Home & Kitchen,5,55,0,Khulna,275.0,2025,11,29,5,1
2025-11-29,Desk Lamp,Home & Kitchen,9,30,5,Sylhet,256.5,2025,11,29,5,1
2025-11-29,Skincare Set,Beauty,11,45,15,Rajshahi,420.75,2025,11,29,5,1
2025-11-30,Laptop,Electronics,2,850,10,Dhaka,1530.0,2025,11,30,6,1
2025-11-30,Smartphone,Electronics,5,500,10,Sylhet,2250.0,2025,11,30,6,1
2025-11-30,Headphones,Electronics,9,80,5,Chattogram,684.0,2025,11,30,6,1
2025-11-30,T-Shirt,Fashion,11,25,0,Sylhet,275.0,2025,11,30,6,1
2025-11-30,Sneakers,Fashion,6,60,0,Rajshahi,360.0,2025,11,30,6,1
2025-11-30,Backpack,Fashion,11,40,0,Chattogram,440.0,2025,11,30,6,1
2025-11-30,Coffee Maker,Home & Kitchen,6,90,0,Chattogram,540.0,2025,11,30,6,1
2025-11-30,Blender,Home & Kitchen,4,55,10,Chattogram,198.0,2025,11,30,6,1
2025-11-30,Desk Lamp,Home & Kitchen,9,30,0,Dhaka,270.0,2025,11,30,6,1
2025-11-30,Skincare Set,Beauty,15,45,0,Khulna,675.0,2025,11,30,6,1
2025-12-01,Laptop,Electronics,3,850,0,Dhaka,2550.0,2025,12,1,0,0
2025-12-01,Smartphone,Electronics,4,500,0,Khulna,2000.0,2025,12,1,0,0
2025-12-01,Headphones,Electronics,12,80,0,Sylhet,960.0,2025,12,1,0,0
2025-12-01,T-Shirt,Fashion,12,25,10,Sylhet,270.0,2025,12,1,0,0
2025-12-01,Sneakers,Fashion,5,60,0,Dhaka,300.0,2025,12,1,0,0
2025-12-01,Backpack,Fashion,6,40,10,Sylhet,216.0,2025,12,1,0,0
2025-12-01,Coffee Maker,Home & Kitchen,4,90,5,Rajshahi,342.0,2025,12,1,0,0
2025-12-01,Blender,Home & Kitchen,12,55,0,Khulna,660.0,2025,12,1,0,0
2025-12-01,Desk Lamp,Home & Kitchen,15,30,0,Khulna,450.0,2025,12,1,0,0
2025-12-01,Skincare Set,Beauty,10,45,5,Dhaka,427.5,2025,12,1,0,0
2025-12-02,Laptop,Electronics,1,850,15,Khulna,722.5,2025,12,2,1,0
2025-12-02,Smartphone,Electronics,3,500,0,Chattogram,1500.0,2025,12,2,1,0
2025-12-02,Headphones,Electronics,4,80,5,Chattogram,304.0,2025,12,2,1,0
2025-12-02,T-Shirt,Fashion,7,25,10,Khulna,157.5,2025,12,2,1,0
2025-12-02,Sneakers,Fashion,9,60,0,Dhaka,540.0,2025,12,2,1,0
2025-12-02,Backpack,Fashion,4,40,5,Rajshahi,152.0,2025,12,2,1,0
2025-12-02,Coffee Maker,Home & Kitchen,5,90,10,Dhaka,405.0,2025,12,2,1,0
2025-12-02,Blender,Home & Kitchen,4,55,0,Rajshahi,220.0,2025,12,2,1,0
2025-12-02,Desk Lamp,Home & Kitchen,11,30,10,Chattogram,297.0,2025,12,2,1,0
2025-12-02,Skincare Set,Beauty,13,45,15,Khulna,497.25,2025,12,2,1,0
2025-12-03,Laptop,Electronics,5,850,0,Chattogram,4250.0,2025,12,3,2,0
2025-12-03,Smartphone,Electronics,7,500,10,Sylhet,3150.0,2025,12,3,2,0
2025-12-03,Headphones,Electronics,8,80,0,Sylhet,640.0,2025,12,3,2,0
2025-12-03,T-Shirt,Fashion,14,25,5,Rajshahi,332.5,2025,12,3,2,0
2025-12-03,Sneakers,Fashion,10,60,0,Khulna,600.0,2025,12,3,2,0
2025-12-03,Backpack,Fashion,4,40,5,Rajshahi,152.0,2025,12,3,2,0
2025-12-03,Coffee Maker,Home & Kitchen,5,90,5,Dhaka,427.5,2025,12,3,2,0
2025-12-03,Blender,Home & Kitchen,7,55,10,Sylhet,346.5,2025,12,3,2,0
2025-12-03,Desk Lamp,Home & Kitchen,9,30,15,Chattogram,229.5,2025,12,3,2,0
2025-12-03,Skincare Set,Beauty,12,45,10,Khulna,486.0,2025,12,3,2,0
2025-12-04,Laptop,Electronics,9,850,0,Sylhet,7650.0,2025,12,4,3,0
2025-12-04,Smartphone,Electronics,7,500,0,Chattogram,3500.0,2025,12,4,3,0
2025-12-04,Headphones,Electronics,9,80,10,Dhaka,648.0,2025,12,4,3,0
2025-12-04,T-Shirt,Fashion,12,25,15,Sylhet,255.0,2025,12,4,3,0
2025-12-04,Sneakers,Fashion,8,60,0,Rajshahi,480.0,2025,12,4,3,0
2025-12-04,Backpack,Fashion,3,40,10,Sylhet,108.0,2025,12,4,3,0
2025-12-04,Coffee Maker,Home & Kitchen,7,90,0,Rajshahi,630.0,2025,12,4,3,0
2025-12-04,Blender,Home & Kitchen,4,55,0,Khulna,220.0,2025,12,4,3,0
2025-12-04,Desk Lamp,Home & Kitchen,14,30,0,Dhaka,420.0,2025,12,4,3,0
2025-12-04,Skincare Set,Beauty,6,45,10,Dhaka,243.0,2025,12,4,3,0
2025-12-05,Laptop,Electronics,4,850,5,Dhaka,3230.0,2025,12,5,4,0
2025-12-05,Smartphone,Electronics,4,500,0,Rajshahi,2000.0,2025,12,5,4,0
2025-12-05,Headphones,Electronics,14,80,0,Khulna,1120.0,2025,12,5,4,0
2025-12-05,T-Shirt,Fashion,8,25,5,Chattogram,190.0,2025,12,5,4,0
2025-12-05,Sneakers,Fashion,4,60,10,Khulna,216.0,2025,12,5,4,0
2025-12-05,Backpack,Fashion,4,40,5,Khulna,152.0,2025,12,5,4,0
2025-12-05,Coffee Maker,Home & Kitchen,1,90,0,Chattogram,90.0,2025,12,5,4,0
2025-12-05,Blender,Home & Kitchen,5,55,15,Rajshahi,233.75,2025,12,5,4,0
2025-12-05,Desk Lamp,Home & Kitchen,10,30,0,Khulna,300.0,2025,12,5,4,0
2025-12-05,Skincare Set,Beauty,6,45,0,Sylhet,270.0,2025,12,5,4,0
2025-12-06,Laptop,Electronics,5,850,0,Chattogram,4250.0,2025,12,6,5,1
2025-12-06,Smartphone,Electronics,7,500,5,Sylhet,3325.0,2025,12,6,5,1
2025-12-06,Headphones,Electronics,8,80,10,Dhaka,576.0,2025,12,6,5,1
2025-12-06,T-Shirt,Fashion,12,25,0,Chattogram,300.0,2025,12,6,5,1
2025-12-06,Sneakers,Fashion,9,60,5,Sylhet,513.0,2025,12,6,5,1
2025-12-06,Backpack,Fashion,6,40,15,Chattogram,204.0,2025,12,6,5,1
2025-12-06,Coffee Maker,Home & Kitchen,6,90,10,Chattogram,486.0,2025,12,6,5,1
2025-12-06,Blender,Home & Kitchen,4,55,10,Dhaka,198.0,2025,12,6,5,1
2025-12-06,Desk Lamp,Home & Kitchen,5,30,0,Dhaka,150.0,2025,12,6,5,1
2025-12-06,Skincare Set,Beauty,11,45,5,Dhaka,470.25,2025,12,6,5,1
2025-12-07,Laptop,Electronics,4,850,5,Dhaka,3230.0,2025,12,7,6,1
2025-12-07,Smartphone,Electronics,7,500,5,Khulna,3325.0,2025,12,7,6,1
2025-12-07,Headphones,Electronics,13,80,0,Sylhet,1040.0,2025,12,7,6,1
2025-12-07,T-Shirt,Fashion,18,25,0,Chattogram,450.0,2025,12,7,6,1
2025-12-07,Sneakers,Fashion,10,60,5,Chattogram,570.0,2025,12,7,6,1
2025-12-07,Backpack,Fashion,6,40,0,Sylhet,240.0,2025,12,7,6,1
2025-12-07,Coffee Maker,Home & Kitchen,3,90,10,Rajshahi,243.0,2025,12,7,6,1
2025-12-07,Blender,Home & Kitchen,10,55,5,Rajshahi,522.5,2025,12,7,6,1
2025-12-07,Desk Lamp,Home & Kitchen,15,30,0,Dhaka,450.0,2025,12,7,6,1
2025-12-07,Skincare Set,Beauty,12,45,5,Khulna,513.0,2025,12,7,6,1
2025-12-08,Laptop,Electronics,3,850,10,Khulna,2295.0,2025,12,8,0,0
2025-12-08,Smartphone,Electronics,8,500,10,Rajshahi,3600.0,2025,12,8,0,0
2025-12-08,Headphones,Electronics,5,80,0,Dhaka,400.0,2025,12,8,0,0
2025-12-08,T-Shirt,Fashion,15,25,0,Khulna,375.0,2025,12,8,0,0
2025-12-08,Sneakers,Fashion,6,60,0,Chattogram,360.0,2025,12,8,0,0
2025-12-08,Backpack,Fashion,8,40,15,Khulna,272.0,2025,12,8,0,0
2025-12-08,Coffee Maker,Home & Kitchen,6,90,10,Rajshahi,486.0,2025,12,8,0,0
2025-12-08,Blender,Home & Kitchen,6,55,0,Sylhet,330.0,2025,12,8,0,0
2025-12-08,Desk Lamp,Home & Kitchen,6,30,0,Khulna,180.0,2025,12,8,0,0
2025-12-08,Skincare Set,Beauty,5,45,5,Chattogram,213.75,2025,12,8,0,0
2025-12-09,Laptop,Electronics,9,850,5,Rajshahi,7267.5,2025,12,9,1,0
2025-12-09,Smartphone,Electronics,4,500,0,Khulna,2000.0,2025,12,9,1,0
2025-12-09,Headphones,Electronics,9,80,5,Khulna,684.0,2025,12,9,1,0
2025-12-09,T-Shirt,Fashion,18,25,0,Rajshahi,450.0,2025,12,9,1,0
2025-12-09,Sneakers,Fashion,13,60,5,Rajshahi,741.0,2025,12,9,1,0
2025-12-09,Backpack,Fashion,11,40,5,Khulna,418.0,2025,12,9,1,0
2025-12-09,Coffee Maker,Home & Kitchen,1,90,0,Dhaka,90.0,2025,12,9,1,0
2025-12-09,Blender,Home & Kitchen,3,55,0,Sylhet,165.0,2025,12,9,1,0
2025-12-09,Desk Lamp,Home & Kitchen,9,30,10,Chattogram,243.0,2025,12,9,1,0
2025-12-09,Skincare Set,Beauty,13,45,10,Sylhet,526.5,2025,12,9,1,0
2025-12-10,Laptop,Electronics,5,850,0,Sylhet,4250.0,2025,12,10,2,0
2025-12-10,Smartphone,Electronics,6,500,0,Chattogram,3000.0,2025,12,10,2,0
2025-12-10,Headphones,Electronics,14,80,0,Chattogram,1120.0,2025,12,10,2,0
2025-12-10,T-Shirt,Fashion,7,25,5,Rajshahi,166.25,2025,12,10,2,0
2025-12-10,Sneakers,Fashion,4,60,5,Rajshahi,228.0,2025,12,10,2,0
2025-12-10,Backpack,Fashion,10,40,0,Khulna,400.0,2025,12,10,2,0
2025-12-10,Coffee Maker,Home & Kitchen,2,90,0,Khulna,180.0,2025,12,10,2,0
2025-12-10,Blender,Home & Kitchen,7,55,0,Rajshahi,385.0,2025,12,10,2,0
2025-12-10,Desk Lamp,Home & Kitchen,8,30,0,Rajshahi,240.0,2025,12,10,2,0
2025-12-10,Skincare Set,Beauty,8,45,5,Khulna,342.0,2025,12,10,2,0
2025-12-11,Laptop,Electronics,5,850,10,Sylhet,3825.0,2025,12,11,3,0
2025-12-11,Smartphone,Electronics,4,500,0,Chattogram,2000.0,2025,12,11,3,0
2025-12-11,Headphones,Electronics,6,80,5,Sylhet,456.0,2025,12,11,3,0
2025-12-11,T-Shirt,Fashion,18,25,10,Chattogram,405.0,2025,12,11,3,0
2025-12-11,Sneakers,Fashion,7,60,0,Khulna,420.0,2025,12,11,3,0
2025-12-11,Backpack,Fashion,4,40,5,Rajshahi,152.0,2025,12,11,3,0
2025-12-11,Coffee Maker,Home & Kitchen,5,90,0,Sylhet,450.0,2025,12,11,3,0
2025-12-11,Blender,Home & Kitchen,7,55,5,Khulna,365.75,2025,12,11,3,0
2025-12-11,Desk Lamp,Home & Kitchen,14,30,10,Sylhet,378.0,2025,12,11,3,0
2025-12-11,Skincare Set,Beauty,7,45,0,Rajshahi,315.0,2025,12,11,3,0
2025-12-12,Laptop,Electronics,3,850,5,Rajshahi,2422.5,2025,12,12,4,0
2025-12-12,Smartphone,Electronics,4,500,10,Rajshahi,1800.0,2025,12,12,4,0
2025-12-12,Headphones,Electronics,7,80,10,Dhaka,504.0,2025,12,12,4,0
2025-12-12,T-Shirt,Fashion,15,25,5,Chattogram,356.25,2025,12,12,4,0
2025-12-12,Sneakers,Fashion,4,60,0,Rajshahi,240.0,2025,12,12,4,0
2025-12-12,Backpack,Fashion,6,40,0,Chattogram,240.0,2025,12,12,4,0
2025-12-12,Coffee Maker,Home & Kitchen,3,90,10,Chattogram,243.0,2025,12,12,4,0
2025-12-12,Blender,Home & Kitchen,10,55,5,Rajshahi,522.5,2025,12,12,4,0
2025-12-12,Desk Lamp,Home & Kitchen,15,30,0,Chattogram,450.0,2025,12,12,4,0
2025-12-12,Skincare Set,Beauty,12,45,0,Chattogram,540.0,2025,12,12,4,0
2025-12-13,Laptop,Electronics,2,850,0,Rajshahi,1700.0,2025,12,13,5,1
2025-12-13,Smartphone,Electronics,6,500,0,Khulna,3000.0,2025,12,13,5,1
2025-12-13,Headphones,Electronics,15,80,0,Rajshahi,1200.0,2025,12,13,5,1
2025-12-13,T-Shirt,Fashion,10,25,15,Chattogram,212.5,2025,12,13,5,1
2025-12-13,Sneakers,Fashion,11,60,10,Chattogram,594.0,2025,12,13,5,1
2025-12-13,Backpack,Fashion,7,40,5,Rajshahi,266.0,2025,12,13,5,1
2025-12-13,Coffee Maker,Home & Kitchen,6,90,5,Khulna,513.0,2025,12,13,5,1
2025-12-13,Blender,Home & Kitchen,7,55,5,Khulna,365.75,2025,12,13,5,1
2025-12-13,Desk Lamp,Home & Kitchen,12,30,0,Rajshahi,360.0,2025,12,13,5,1
2025-12-13,Skincare Set,Beauty,9,45,5,Khulna,384.75,2025,12,13,5,1
2025-12-14,Laptop,Electronics,6,850,5,Dhaka,4845.0,2025,12,14,6,1
2025-12-14,Smartphone,Electronics,6,500,5,Dhaka,2850.0,2025,12,14,6,1
2025-12-14,Headphones,Electronics,15,80,0,Chattogram,1200.0,2025,12,14,6,1
2025-12-14,T-Shirt,Fashion,7,25,10,Chattogram,157.5,2025,12,14,6,1
2025-12-14,Sneakers,Fashion,9,60,0,Dhaka,540.0,2025,12,14,6,1
2025-12-14,Backpack,Fashion,8,40,5,Sylhet,304.0,2025,12,14,6,1
2025-12-14,Coffee Maker,Home & Kitchen,3,90,5,Sylhet,256.5,2025,12,14,6,1
2025-12-14,Blender,Home & Kitchen,5,55,5,Rajshahi,261.25,2025,12,14,6,1
2025-12-14,Desk Lamp,Home & Kitchen,16,30,0,Sylhet,480.0,2025,12,14,6,1
2025-12-14,Skincare Set,Beauty,11,45,0,Chattogram,495.0,2025,12,14,6,1
2025-12-15,Laptop,Electronics,3,850,0,Sylhet,2550.0,2025,12,15,0,0
2025-12-15,Smartphone,Electronics,1,500,10,Rajshahi,450.0,2025,12,15,0,0
2025-12-15,Headphones,Electronics,6,80,15,Chattogram,408.0,2025,12,15,0,0
2025-12-15,T-Shirt,Fashion,14,25,0,Rajshahi,350.0,2025,12,15,0,0
2025-12-15,Sneakers,Fashion,6,60,15,Rajshahi,306.0,2025,12,15,0,0
2025-12-15,Backpack,Fashion,5,40,5,Sylhet,190.0,2025,12,15,0,0
2025-12-15,Coffee Maker,Home & Kitchen,3,90,0,Sylhet,270.0,2025,12,15,0,0
2025-12-15,Blender,Home & Kitchen,8,55,10,Chattogram,396.0,2025,12,15,0,0
2025-12-15,Desk Lamp,Home & Kitchen,7,30,0,Dhaka,210.0,2025,12,15,0,0
2025-12-15,Skincare Set,Beauty,10,45,5,Khulna,427.5,2025,12,15,0,0
2025-12-16,Laptop,Electronics,4,850,10,Dhaka,3060.0,2025,12,16,1,0
2025-12-16,Smartphone,Electronics,3,500,5,Dhaka,1425.0,2025,12,16,1,0
2025-12-16,Headphones,Electronics,11,80,10,Rajshahi,792.0,2025,12,16,1,0
2025-12-16,T-Shirt,Fashion,8,25,0,Sylhet,200.0,2025,12,16,1,0
2025-12-16,Sneakers,Fashion,9,60,0,Dhaka,540.0,2025,12,16,1,0
2025-12-16,Backpack,Fashion,7,40,5,Sylhet,266.0,2025,12,16,1,0
2025-12-16,Coffee Maker,Home & Kitchen,10,90,0,Dhaka,900.0,2025,12,16,1,0
2025-12-16,Blender,Home & Kitchen,5,55,0,Chattogram,275.0,2025,12,16,1,0
2025-12-16,Desk Lamp,Home & Kitchen,8,30,5,Khulna,228.0,2025,12,16,1,0
2025-12-16,Skincare Set,Beauty,11,45,0,Khulna,495.0,2025,12,16,1,0
2025-12-17,Laptop,Electronics,1,850,0,Khulna,850.0,2025,12,17,2,0
2025-12-17,Smartphone,Electronics,8,500,0,Rajshahi,4000.0,2025,12,17,2,0
2025-12-17,Headphones,Electronics,11,80,0,Khulna,880.0,2025,12,17,2,0
2025-12-17,T-Shirt,Fashion,11,25,0,Rajshahi,275.0,2025,12,17,2,0
2025-12-17,Sneakers,Fashion,5,60,5,Dhaka,285.0,2025,12,17,2,0
2025-12-17,Backpack,Fashion,4,40,5,Sylhet,152.0,2025,12,17,2,0
2025-12-17,Coffee Maker,Home & Kitchen,2,90,0,Khulna,180.0,2025,12,17,2,0
2025-12-17,Blender,Home & Kitchen,4,55,5,Rajshahi,209.0,2025,12,17,2,0
2025-12-17,Desk Lamp,Home & Kitchen,13,30,0,Rajshahi,390.0,2025,12,17,2,0
2025-12-17,Skincare Set,Beauty,7,45,0,Chattogram,315.0,2025,12,17,2,0
2025-12-18,Laptop,Electronics,3,850,5,Rajshahi,2422.5,2025,12,18,3,0
2025-12-18,Smartphone,Electronics,7,500,0,Dhaka,3500.0,2025,12,18,3,0
2025-12-18,Headphones,Electronics,9,80,10,Sylhet,648.0,2025,12,18,3,0
2025-12-18,T-Shirt,Fashion,11,25,0,Chattogram,275.0,2025,12,18,3,0
2025-12-18,Sneakers,Fashion,5,60,5,Sylhet,285.0,2025,12,18,3,0
2025-12-18,Backpack,Fashion,6,40,0,Dhaka,240.0,2025,12,18,3,0
2025-12-18,Coffee Maker,Home & Kitchen,6,90,15,Khulna,459.0,2025,12,18,3,0
2025-12-18,Blender,Home & Kitchen,10,55,0,Rajshahi,550.0,2025,12,18,3,0
2025-12-18,Desk Lamp,Home & Kitchen,8,30,5,Sylhet,228.0,2025,12,18,3,0
2025-12-18,Skincare Set,Beauty,8,45,0,Khulna,360.0,2025,12,18,3,0
2025-12-19,Laptop,Electronics,3,850,0,Khulna,2550.0,2025,12,19,4,0
2025-12-19,Smartphone,Electronics,4,500,0,Chattogram,2000.0,2025,12,19,4,0
2025-12-19,Headphones,Electronics,11,80,15,Sylhet,748.0,2025,12,19,4,0
2025-12-19,T-Shirt,Fashion,14,25,5,Dhaka,332.5,2025,12,19,4,0
2025-12-19,Sneakers,Fashion,6,60,0,Sylhet,360.0,2025,12,19,4,0
2025-12-19,Backpack,Fashion,2,40,5,Sylhet,76.0,2025,12,19,4,0
2025-12-19,Coffee Maker,Home & Kitchen,2,90,0,Chattogram,180.0,2025,12,19,4,0
2025-12-19,Blender,Home & Kitchen,7,55,10,Dhaka,346.5,2025,12,19,4,0
2025-12-19,Desk Lamp,Home & Kitchen,9,30,5,Sylhet,256.5,2025,12,19,4,0
2025-12-19,Skincare Set,Beauty,9,45,0,Rajshahi,405.0,2025,12,19,4,0
2025-12-20,Laptop,Electronics,1,850,0,Khulna,850.0,2025,12,20,5,1
2025-12-20,Smartphone,Electronics,7,500,5,Sylhet,3325.0,2025,12,20,5,1
2025-12-20,Headphones,Electronics,10,80,5,Rajshahi,760.0,2025,12,20,5,1
2025-12-20,T-Shirt,Fashion,10,25,5,Chattogram,237.5,2025,12,20,5,1
2025-12-20,Sneakers,Fashion,6,60,0,Chattogram,360.0,2025,12,20,5,1
2025-12-20,Backpack,Fashion,8,40,10,Khulna,288.0,2025,12,20,5,1
2025-12-20,Coffee Maker,Home & Kitchen,13,90,5,Chattogram,1111.5,2025,12,20,5,1
2025-12-20,Blender,Home & Kitchen,4,55,0,Chattogram,220.0,2025,12,20,5,1
2025-12-20,Desk Lamp,Home & Kitchen,7,30,0,Chattogram,210.0,2025,12,20,5,1
2025-12-20,Skincare Set,Beauty,5,45,0,Chattogram,225.0,2025,12,20,5,1
2025-12-21,Laptop,Electronics,5,850,0,Khulna,4250.0,2025,12,21,6,1
2025-12-21,Smartphone,Electronics,3,500,10,Sylhet,1350.0,2025,12,21,6,1
2025-12-21,Headphones,Electronics,6,80,0,Dhaka,480.0,2025,12,21,6,1
2025-12-21,T-Shirt,Fashion,5,25,0,Khulna,125.0,2025,12,21,6,1
2025-12-21,Sneakers,Fashion,10,60,5,Sylhet,570.0,2025,12,21,6,1
2025-12-21,Backpack,Fashion,7,40,0,Khulna,280.0,2025,12,21,6,1
2025-12-21,Coffee Maker,Home & Kitchen,8,90,10,Chattogram,648.0,2025,12,21,6,1
2025-12-21,Blender,Home & Kitchen,6,55,5,Rajshahi,313.5,2025,12,21,6,1
2025-12-21,Desk Lamp,Home & Kitchen,7,30,0,Dhaka,210.0,2025,12,21,6,1
2025-12-21,Skincare Set,Beauty,12,45,10,Sylhet,486.0,2025,12,21,6,1
2025-12-22,Laptop,Electronics,0,850,0,Chattogram,0.0,2025,12,22,0,0
2025-12-22,Smartphone,Electronics,5,500,0,Chattogram,2500.0,2025,12,22,0,0
2025-12-22,Headphones,Electronics,9,80,5,Rajshahi,684.0,2025,12,22,0,0
2025-12-22,T-Shirt,Fashion,8,25,10,Chattogram,180.0,2025,12,22,0,0
2025-12-22,Sneakers,Fashion,6,60,0,Sylhet,360.0,2025,12,22,0,0
2025-12-22,Backpack,Fashion,9,40,10,Rajshahi,324.0,2025,12,22,0,0
2025-12-22,Coffee Maker,Home & Kitchen,14,90,0,Sylhet,1260.0,2025,12,22,0,0
2025-12-22,Blender,Home & Kitchen,8,55,0,Rajshahi,440.0,2025,12,22,0,0
2025-12-22,Desk Lamp,Home & Kitchen,9,30,15,Chattogram,229.5,2025,12,22,0,0
2025-12-22,Skincare Set,Beauty,13,45,10,Rajshahi,526.5,2025,12,22,0,0
2025-12-23,Laptop,Electronics,2,850,5,Dhaka,1615.0,2025,12,23,1,0
2025-12-23,Smartphone,Electronics,4,500,10,Chattogram,1800.0,2025,12,23,1,0
2025-12-23,Headphones,Electronics,7,80,0,Chattogram,560.0,2025,12,23,1,0
2025-12-23,T-Shirt,Fashion,11,25,0,Dhaka,275.0,2025,12,23,1,0
2025-12-23,Sneakers,Fashion,6,60,0,Sylhet,360.0,2025,12,23,1,0
2025-12-23,Backpack,Fashion,12,40,0,Rajshahi,480.0,2025,12,23,1,0
2025-12-23,Coffee Maker,Home & Kitchen,6,90,0,Sylhet,540.0,2025,12,23,1,0
2025-12-23,Blender,Home & Kitchen,6,55,0,Chattogram,330.0,2025,12,23,1,0
2025-12-23,Desk Lamp,Home & Kitchen,9,30,10,Dhaka,243.0,2025,12,23,1,0
2025-12-23,Skincare Set,Beauty,8,45,15,Dhaka,306.0,2025,12,23,1,0
2025-12-24,Laptop,Electronics,2,850,5,Chattogram,1615.0,2025,12,24,2,0
2025-12-24,Smartphone,Electronics,4,500,10,Chattogram,1800.0,2025,12,24,2,0
2025-12-24,Headphones,Electronics,8,80,5,Chattogram,608.0,2025,12,24,2,0
2025-12-24,T-Shirt,Fashion,10,25,0,Rajshahi,250.0,2025,12,24,2,0
2025-12-24,Sneakers,Fashion,12,60,0,Rajshahi,720.0,2025,12,24,2,0
2025-12-24,Backpack,Fashion,12,40,15,Rajshahi,408.0,2025,12,24,2,0
2025-12-24,Coffee Maker,Home & Kitchen,6,90,5,Chattogram,513.0,2025,12,24,2,0
2025-12-24,Blender,Home & Kitchen,11,55,5,Rajshahi,574.75,2025,12,24,2,0
2025-12-24,Desk Lamp,Home & Kitchen,12,30,5,Sylhet,342.0,2025,12,24,2,0
2025-12-24,Skincare Set,Beauty,8,45,0,Rajshahi,360.0,2025,12,24,2,0
2025-12-25,Laptop,Electronics,1,850,15,Dhaka,722.5,2025,12,25,3,0
2025-12-25,Smartphone,Electronics,4,500,0,Rajshahi,2000.0,2025,12,25,3,0
2025-12-25,Headphones,Electronics,11,80,5,Chattogram,836.0,2025,12,25,3,0
2025-12-25,T-Shirt,Fashion,15,25,5,Chattogram,356.25,2025,12,25,3,0
2025-12-25,Sneakers,Fashion,8,60,5,Sylhet,456.0,2025,12,25,3,0
2025-12-25,Backpack,Fashion,7,40,0,Rajshahi,280.0,2025,12,25,3,0
2025-12-25,Coffee Maker,Home & Kitchen,5,90,5,Chattogram,427.5,2025,12,25,3,0
2025-12-25,Blender,Home & Kitchen,3,55,0,Chattogram,165.0,2025,12,25,3,0
2025-12-25,Desk Lamp,Home & Kitchen,10,30,5,Sylhet,285.0,2025,12,25,3,0
2025-12-25,Skincare Set,Beauty,12,45,0,Rajshahi,540.0,2025,12,25,3,0
2025-12-26,Laptop,Electronics,5,850,10,Rajshahi,3825.0,2025,12,26,4,0
2025-12-26,Smartphone,Electronics,3,500,0,Khulna,1500.0,2025,12,26,4,0
2025-12-26,Headphones,Electronics,8,80,0,Chattogram,640.0,2025,12,26,4,0
2025-12-26,T-Shirt,Fashion,14,25,0,Chattogram,350.0,2025,12,26,4,0
2025-12-26,Sneakers,Fashion,12,60,5,Sylhet,684.0,2025,12,26,4,0
2025-12-26,Backpack,Fashion,7,40,15,Chattogram,238.0,2025,12,26,4,0
2025-12-26,Coffee Maker,Home & Kitchen,2,90,0,Chattogram,180.0,2025,12,26,4,0
2025-12-26,Blender,Home & Kitchen,7,55,10,Khulna,346.5,2025,12,26,4,0
2025-12-26,Desk Lamp,Home & Kitchen,7,30,5,Khulna,199.5,2025,12,26,4,0
2025-12-26,Skincare Set,Beauty,10,45,0,Khulna,450.0,2025,12,26,4,0
2025-12-27,Laptop,Electronics,4,850,5,Sylhet,3230.0,2025,12,27,5,1
2025-12-27,Smartphone,Electronics,8,500,0,Khulna,4000.0,2025,12,27,5,1
2025-12-27,Headphones,Electronics,13,80,5,Chattogram,988.0,2025,12,27,5,1
2025-12-27,T-Shirt,Fashion,10,25,0,Rajshahi,250.0,2025,12,27,5,1
2025-12-27,Sneakers,Fashion,8,60,0,Sylhet,480.0,2025,12,27,5,1
2025-12-27,Backpack,Fashion,6,40,5,Dhaka,228.0,2025,12,27,5,1
2025-12-27,Coffee Maker,Home & Kitchen,6,90,5,Khulna,513.0,2025,12,27,5,1
2025-12-27,Blender,Home & Kitchen,5,55,10,Chattogram,247.5,2025,12,27,5,1
2025-12-27,Desk Lamp,Home & Kitchen,8,30,0,Chattogram,240.0,2025,12,27,5,1
2025-12-27,Skincare Set,Beauty,12,45,5,Rajshahi,513.0,2025,12,27,5,1
2025-12-28,Laptop,Electronics,4,850,5,Chattogram,3230.0,2025,12,28,6,1
2025-12-28,Smartphone,Electronics,9,500,0,Rajshahi,4500.0,2025,12,28,6,1
2025-12-28,Headphones,Electronics,6,80,5,Chattogram,456.0,2025,12,28,6,1
2025-12-28,T-Shirt,Fashion,18,25,10,Sylhet,405.0,2025,12,28,6,1
2025-12-28,Sneakers,Fashion,5,60,10,Chattogram,270.0,2025,12,28,6,1
2025-12-28,Backpack,Fashion,19,40,10,Sylhet,684.0,2025,12,28,6,1
2025-12-28,Coffee Maker,Home & Kitchen,6,90,0,Dhaka,540.0,2025,12,28,6,1
2025-12-28,Blender,Home & Kitchen,7,55,0,Sylhet,385.0,2025,12,28,6,1
2025-12-28,Desk Lamp,Home & Kitchen,14,30,0,Khulna,420.0,2025,12,28,6,1
2025-12-28,Skincare Set,Beauty,13,45,0,Sylhet,585.0,2025,12,28,6,1
2025-12-29,Laptop,Electronics,2,850,10,Khulna,1530.0,2025,12,29,0,0
2025-12-29,Smartphone,Electronics,5,500,0,Khulna,2500.0,2025,12,29,0,0
2025-12-29,Headphones,Electronics,6,80,5,Dhaka,456.0,2025,12,29,0,0
2025-12-29,T-Shirt,Fashion,19,25,5,Dhaka,451.25,2025,12,29,0,0
2025-12-29,Sneakers,Fashion,6,60,5,Sylhet,342.0,2025,12,29,0,0
2025-12-29,Backpack,Fashion,13,40,5,Dhaka,494.0,2025,12,29,0,0
2025-12-29,Coffee Maker,Home & Kitchen,2,90,15,Sylhet,153.0,2025,12,29,0,0
2025-12-29,Blender,Home & Kitchen,10,55,0,Chattogram,550.0,2025,12,29,0,0
2025-12-29,Desk Lamp,Home & Kitchen,13,30,0,Khulna,390.0,2025,12,29,0,0
2025-12-29,Skincare Set,Beauty,5,45,5,Khulna,213.75,2025,12,29,0,0
2025-12-30,Laptop,Electronics,5,850,5,Dhaka,4037.5,2025,12,30,1,0
2025-12-30,Smartphone,Electronics,4,500,0,Dhaka,2000.0,2025,12,30,1,0
2025-12-30,Headphones,Electronics,11,80,15,Sylhet,748.0,2025,12,30,1,0
2025-12-30,T-Shirt,Fashion,18,25,0,Chattogram,450.0,2025,12,30,1,0
2025-12-30,Sneakers,Fashion,8,60,10,Sylhet,432.0,2025,12,30,1,0
2025-12-30,Backpack,Fashion,11,40,0,Dhaka,440.0,2025,12,30,1,0
2025-12-30,Coffee Maker,Home & Kitchen,6,90,0,Sylhet,540.0,2025,12,30,1,0
2025-12-30,Blender,Home & Kitchen,6,55,15,Chattogram,280.5,2025,12,30,1,0
2025-12-30,Desk Lamp,Home & Kitchen,14,30,5,Chattogram,399.0,2025,12,30,1,0
2025-12-30,Skincare Set,Beauty,8,45,0,Sylhet,360.0,2025,12,30,1,0
2025-12-31,Laptop,Electronics,3,850,0,Khulna,2550.0,2025,12,31,2,0
2025-12-31,Smartphone,Electronics,4,500,5,Chattogram,1900.0,2025,12,31,2,0
2025-12-31,Headphones,Electronics,12,80,0,Chattogram,960.0,2025,12,31,2,0
2025-12-31,T-Shirt,Fashion,8,25,5,Dhaka,190.0,2025,12,31,2,0
2025-12-31,Sneakers,Fashion,11,60,10,Sylhet,594.0,2025,12,31,2,0
2025-12-31,Backpack,Fashion,14,40,5,Rajshahi,532.0,2025,12,31,2,0
2025-12-31,Coffee Maker,Home & Kitchen,6,90,0,Sylhet,540.0,2025,12,31,2,0
2025-12-31,Blender,Home & Kitchen,10,55,10,Rajshahi,495.0,2025,12,31,2,0
2025-12-31,Desk Lamp,Home & Kitchen,13,30,10,Chattogram,351.0,2025,12,31,2,0
2025-12-31,Skincare Set,Beauty,6,45,15,Sylhet,229.5,2025,12,31,2,0
